pair_id,hit@1_designed,hit@3_designed,hit@5_designed,hit@10_designed,identified_gaps,jd_title,gap_to_canonical_top1,gap_search_queries,gap_count,truth_count,hit@1_baseline,hit@3_baseline,hit@5_baseline,hit@10_baseline,delta_hit@1,delta_hit@3,delta_hit@5,delta_hit@10,best_rel_rank,relevant_in_top10,rr,canon_scores,canon_score_mean,canon_score_min,canon_score_max,query_text,q_related_count,q_context_count,q_role_count,q_len,domains,canon_bin
0,1,1,1,1,Azure; Redshift; BigQuery,Data Engineer (DBA),Azure -> cc975e69d79a6f6f:Cloud Concepts (1.0000); Redshift -> 2271ef0581251939:Data Warehouse Knowledge (0.9288); BigQuery -> 2271ef0581251939:Data Warehouse Knowledge (0.9754),"Azure -> Azure ; related microsoft azure cloud infrastructure ; related cloud infrastructure and deployment ; context capability to apply azure in practical job tasks with correct tools, standards, and outcomes ; role Data Engineer (DBA) ; Data Engineer DBA Designing Building Operating Public Cloud SQL Performance Tuning; Redshift -> Redshift ; related amazon cloud data warehouse ; related cloud infrastructure and deployment ; context capability to apply redshift in practical job tasks with correct tools, standards, and outcomes ; role Data Engineer (DBA) ; Data Engineer DBA Designing Building Operating Public Cloud SQL Performance Tuning; BigQuery -> BigQuery ; related google cloud data warehouse ; related cloud infrastructure and deployment ; related data engineering and database systems ; context capability to apply bigquery in practical job tasks with correct tools, standards, and outcomes ; role Data Engineer (DBA) ; Data Engineer DBA Designing Building Operating Public Cloud SQL Performance Tuning",3,2,0.0,0.0,0.0,0.0,1.0,1.0,1.0,1.0,1.0,2.0,1.0,"[1.0, 0.9288, 0.9754]",0.9680666666666666,0.9288,1.0,"Azure -> Azure ; related microsoft azure cloud infrastructure ; related cloud infrastructure and deployment ; context capability to apply azure in practical job tasks with correct tools, standards, and outcomes ; role Data Engineer (DBA) ; Data Engineer DBA Designing Building Operating Public Cloud SQL Performance Tuning; Redshift -> Redshift ; related amazon cloud data warehouse ; related cloud infrastructure and deployment ; context capability to apply redshift in practical job tasks with correct tools, standards, and outcomes ; role Data Engineer (DBA) ; Data Engineer DBA Designing Building Operating Public Cloud SQL Performance Tuning; BigQuery -> BigQuery ; related google cloud data warehouse ; related cloud infrastructure and deployment ; related data engineering and database systems ; context capability to apply bigquery in practical job tasks with correct tools, standards, and outcomes ; role Data Engineer (DBA) ; Data Engineer DBA Designing Building Operating Public Cloud SQL Performance Tuning",7,3,3,1018,"['cloud_devops', 'software_data_ai']",>=0.92
1,1,1,1,1,n8n; AI-Native; AI-Augmented Daily Workflows,Senior QA Automation Engineer,n8n -> 7209ac90fac75884:Automated Testing Techniques (0.7000); AI-Native -> 50779cd6819806ac:Research and develop AI applications (0.9469); AI-Augmented Daily Workflows -> 50779cd6819806ac:Research and develop AI applications (0.9768),"n8n -> n8n ; context capability to apply n8n in practical job tasks with correct tools, standards, and outcomes ; role Senior QA Automation Engineer ; Quality Architect Marketing Automation API Orchestration Enterprise Integrations End-to-End Integration Testing AI-Native Professional HubSpot n8n; AI-Native -> AI-Native ; related artificial intelligence and machine learning ; context capability to apply ai-native in practical job tasks with correct tools, standards, and outcomes ; role Senior QA Automation Engineer ; Quality Architect Marketing Automation API Orchestration Enterprise Integrations End-to-End Integration Testing AI-Native Professional HubSpot n8n; AI-Augmented Daily Workflows -> AI-Augmented Daily Workflows ; related artificial intelligence and machine learning ; context capability to apply ai-augmented daily workflows in practical job tasks with correct tools, standards, and outcomes ; role Senior QA Automation Engineer ; Quality Architect Marketing Automation API Orchestration Enterprise Integrations End-to-End Integration Testing AI-Native Professional HubSpot n8n",3,3,0.0,0.0,0.0,1.0,1.0,1.0,1.0,0.0,1.0,3.0,1.0,"[0.7, 0.9469, 0.9768]",0.8745666666666666,0.7,0.9768,"n8n -> n8n ; context capability to apply n8n in practical job tasks with correct tools, standards, and outcomes ; role Senior QA Automation Engineer ; Quality Architect Marketing Automation API Orchestration Enterprise Integrations End-to-End Integration Testing AI-Native Professional HubSpot n8n; AI-Native -> AI-Native ; related artificial intelligence and machine learning ; context capability to apply ai-native in practical job tasks with correct tools, standards, and outcomes ; role Senior QA Automation Engineer ; Quality Architect Marketing Automation API Orchestration Enterprise Integrations End-to-End Integration Testing AI-Native Professional HubSpot n8n; AI-Augmented Daily Workflows -> AI-Augmented Daily Workflows ; related artificial intelligence and machine learning ; context capability to apply ai-augmented daily workflows in practical job tasks with correct tools, standards, and outcomes ; role Senior QA Automation Engineer ; Quality Architect Marketing Automation API Orchestration Enterprise Integrations End-to-End Integration Testing AI-Native Professional HubSpot n8n",2,3,3,1098,['software_data_ai'],0.85-0.92
2,1,1,1,1,"GraphQL; Kubernetes; lock-free programming; log analysis; production issue resolution; cloud services (AWS, GCP)",Backend Developer (C++),"GraphQL -> 5b7e771749979e08:Blockchain Programming Languages (0.7000); Kubernetes -> 7e38cf9981554006:Blockchain Development Platforms (0.7000); lock-free programming -> b83fa23e4bc91bc9:Apply basic programming techniques (0.8827); log analysis -> d4f3369453884786:Technical Analysis (0.7000); production issue resolution -> 05ed568bc67ad6e3:Developing and solving specific problems in practice through information collection and planning implementation related to derivative securities (0.7000); cloud services (AWS, GCP) -> 81121f330a983b7f:Cloud computing (1.0000)","GraphQL -> GraphQL ; context capability to apply graphql in practical job tasks with correct tools, standards, and outcomes ; role Backend Developer (C++) ; backend developer C++ trading systems cryptocurrency trading stock trading forex trading real-time APIs microservices; Kubernetes -> Kubernetes ; related container orchestration and scaling ; related cloud infrastructure and deployment ; context capability to apply kubernetes in practical job tasks with correct tools, standards, and outcomes ; role Backend Developer (C++) ; backend developer C++ trading systems cryptocurrency trading stock trading forex trading real-time APIs microservices; lock-free programming -> lock-free programming ; context capability to apply lock-free programming in practical job tasks with correct tools, standards, and outcomes ; role Backend Developer (C++) ; backend developer C++ trading systems cryptocurrency trading stock trading forex trading real-time APIs microservices; log analysis -> log analysis ; context capability to apply log analysis in practical job tasks with correct tools, standards, and outcomes ; role Backend Developer (C++) ; backend developer C++ trading systems cryptocurrency trading stock trading forex trading real-time APIs microservices; production issue resolution -> production issue resolution ; context capability to apply production issue resolution in practical job tasks with correct tools, standards, and outcomes ; role Backend Developer (C++) ; backend developer C++ trading systems cryptocurrency trading stock trading forex trading real-time APIs microservices; cloud services (AWS, GCP) -> cloud services (AWS, GCP) ; related cloud infrastructure and services ; related amazon web services cloud infrastructure ; related google cloud platform cloud infrastructure ; context capability to apply cloud services (aws, gcp) in practical job tasks with correct tools, standards, and outcomes ; role Backend Developer (C++) ; backend developer C++ trading systems cryptocurrency trading stock trading forex trading real-time APIs microservices",6,1,0.0,1.0,1.0,1.0,1.0,0.0,0.0,0.0,1.0,1.0,1.0,"[0.7, 0.7, 0.8827, 0.7, 0.7, 1.0]",0.7804500000000001,0.7,1.0,"GraphQL -> GraphQL ; context capability to apply graphql in practical job tasks with correct tools, standards, and outcomes ; role Backend Developer (C++) ; backend developer C++ trading systems cryptocurrency trading stock trading forex trading real-time APIs microservices; Kubernetes -> Kubernetes ; related container orchestration and scaling ; related cloud infrastructure and deployment ; context capability to apply kubernetes in practical job tasks with correct tools, standards, and outcomes ; role Backend Developer (C++) ; backend developer C++ trading systems cryptocurrency trading stock trading forex trading real-time APIs microservices; lock-free programming -> lock-free programming ; context capability to apply lock-free programming in practical job tasks with correct tools, standards, and outcomes ; role Backend Developer (C++) ; backend developer C++ trading systems cryptocurrency trading stock trading forex trading real-time APIs microservices; log analysis -> log analysis ; context capability to apply log analysis in practical job tasks with correct tools, standards, and outcomes ; role Backend Developer (C++) ; backend developer C++ trading systems cryptocurrency trading stock trading forex trading real-time APIs microservices; production issue resolution -> production issue resolution ; context capability to apply production issue resolution in practical job tasks with correct tools, standards, and outcomes ; role Backend Developer (C++) ; backend developer C++ trading systems cryptocurrency trading stock trading forex trading real-time APIs microservices; cloud services (AWS, GCP) -> cloud services (AWS, GCP) ; related cloud infrastructure and services ; related amazon web services cloud infrastructure ; related google cloud platform cloud infrastructure ; context capability to apply cloud services (aws, gcp) in practical job tasks with correct tools, standards, and outcomes ; role Backend Developer (C++) ; backend developer C++ trading systems cryptocurrency trading stock trading forex trading real-time APIs microservices",5,6,6,2074,"['cloud_devops', 'software_data_ai']",0.75-0.85
4,1,1,1,1,Google Cloud Deployment Manager; Go; encryption; disaster recovery strategies,Cloud System Engineer (GCP),Google Cloud Deployment Manager -> 81121f330a983b7f:Cloud computing (0.9844); Go -> cc975e69d79a6f6f:Cloud Concepts (0.9234); encryption -> 448e8a55f0c63487:Cloud Security Architecture (0.9797); disaster recovery strategies -> 448e8a55f0c63487:Cloud Security Architecture (0.9858),"Google Cloud Deployment Manager -> Google Cloud Deployment Manager ; related cloud infrastructure and services ; related cloud infrastructure and deployment ; related software engineering and programming ; context capability to apply google cloud deployment manager in practical job tasks with correct tools, standards, and outcomes ; role Cloud System Engineer (GCP) ; Infrastructure Management Cloud Infrastructure GCP Terraform Google Cloud Deployment Manager Monitoring Optimization Security; Go -> Go ; related software engineering and programming ; context capability to apply go in practical job tasks with correct tools, standards, and outcomes ; role Cloud System Engineer (GCP) ; Infrastructure Management Cloud Infrastructure GCP Terraform Google Cloud Deployment Manager Monitoring Optimization Security; encryption -> encryption ; context capability to apply encryption in practical job tasks with correct tools, standards, and outcomes ; role Cloud System Engineer (GCP) ; Infrastructure Management Cloud Infrastructure GCP Terraform Google Cloud Deployment Manager Monitoring Optimization Security; disaster recovery strategies -> disaster recovery strategies ; context capability to apply disaster recovery strategies in practical job tasks with correct tools, standards, and outcomes ; role Cloud System Engineer (GCP) ; Infrastructure Management Cloud Infrastructure GCP Terraform Google Cloud Deployment Manager Monitoring Optimization Security",4,4,0.0,1.0,1.0,1.0,1.0,0.0,0.0,0.0,1.0,2.0,1.0,"[0.9844, 0.9234, 0.9797, 0.9858]",0.9683250000000001,0.9234,0.9858,"Google Cloud Deployment Manager -> Google Cloud Deployment Manager ; related cloud infrastructure and services ; related cloud infrastructure and deployment ; related software engineering and programming ; context capability to apply google cloud deployment manager in practical job tasks with correct tools, standards, and outcomes ; role Cloud System Engineer (GCP) ; Infrastructure Management Cloud Infrastructure GCP Terraform Google Cloud Deployment Manager Monitoring Optimization Security; Go -> Go ; related software engineering and programming ; context capability to apply go in practical job tasks with correct tools, standards, and outcomes ; role Cloud System Engineer (GCP) ; Infrastructure Management Cloud Infrastructure GCP Terraform Google Cloud Deployment Manager Monitoring Optimization Security; encryption -> encryption ; context capability to apply encryption in practical job tasks with correct tools, standards, and outcomes ; role Cloud System Engineer (GCP) ; Infrastructure Management Cloud Infrastructure GCP Terraform Google Cloud Deployment Manager Monitoring Optimization Security; disaster recovery strategies -> disaster recovery strategies ; context capability to apply disaster recovery strategies in practical job tasks with correct tools, standards, and outcomes ; role Cloud System Engineer (GCP) ; Infrastructure Management Cloud Infrastructure GCP Terraform Google Cloud Deployment Manager Monitoring Optimization Security",4,4,4,1463,['cloud_devops'],>=0.92
7,1,1,1,1,"Docker; Networking (TCP/IP Routing, Switching); vCenter; Virtualization Systems Management (Full stack)",System Admin,"Docker -> 1a717d62a78e8be9:Linux Distributions (0.7000); Networking (TCP/IP Routing, Switching) -> d301208b9177b851:TCP/IP Protocols (1.0000); vCenter -> a3d7bb38562108eb:Data Center Virtualization Architecture (0.7000); Virtualization Systems Management (Full stack) -> 419f2ea7a8374ab5:Virtualization Concepts (0.9991)","Docker -> Docker ; related containerization and deployment ; related cloud infrastructure and deployment ; context capability to apply docker in practical job tasks with correct tools, standards, and outcomes ; role System Admin ; System Administrator Cybersecurity Linux Ubuntu CentOS VMware ESXi vCenter Docker; Networking (TCP/IP Routing, Switching) -> Networking (TCP/IP Routing, Switching) ; context capability to apply networking (tcp/ip routing, switching) in practical job tasks with correct tools, standards, and outcomes ; role System Admin ; System Administrator Cybersecurity Linux Ubuntu CentOS VMware ESXi vCenter Docker; vCenter -> vCenter ; context capability to apply vcenter in practical job tasks with correct tools, standards, and outcomes ; role System Admin ; System Administrator Cybersecurity Linux Ubuntu CentOS VMware ESXi vCenter Docker; Virtualization Systems Management (Full stack) -> Virtualization Systems Management (Full stack) ; context capability to apply virtualization systems management (full stack) in practical job tasks with correct tools, standards, and outcomes ; role System Admin ; System Administrator Cybersecurity Linux Ubuntu CentOS VMware ESXi vCenter Docker",4,2,0.0,1.0,1.0,1.0,1.0,0.0,0.0,0.0,1.0,1.0,1.0,"[0.7, 1.0, 0.7, 0.9991]",0.849775,0.7,1.0,"Docker -> Docker ; related containerization and deployment ; related cloud infrastructure and deployment ; context capability to apply docker in practical job tasks with correct tools, standards, and outcomes ; role System Admin ; System Administrator Cybersecurity Linux Ubuntu CentOS VMware ESXi vCenter Docker; Networking (TCP/IP Routing, Switching) -> Networking (TCP/IP Routing, Switching) ; context capability to apply networking (tcp/ip routing, switching) in practical job tasks with correct tools, standards, and outcomes ; role System Admin ; System Administrator Cybersecurity Linux Ubuntu CentOS VMware ESXi vCenter Docker; vCenter -> vCenter ; context capability to apply vcenter in practical job tasks with correct tools, standards, and outcomes ; role System Admin ; System Administrator Cybersecurity Linux Ubuntu CentOS VMware ESXi vCenter Docker; Virtualization Systems Management (Full stack) -> Virtualization Systems Management (Full stack) ; context capability to apply virtualization systems management (full stack) in practical job tasks with correct tools, standards, and outcomes ; role System Admin ; System Administrator Cybersecurity Linux Ubuntu CentOS VMware ESXi vCenter Docker",2,4,4,1209,['cloud_devops'],0.75-0.85
9,0,0,0,1,Python; SQL; AWS; SEO; Lean,Chuyên Viên Nhân Sự Tổng Hợp,Python -> abf415901e538ca7:Python Programming Language (0.9667); SQL -> 0903a2efa00ef879:SQL Database Management (0.9724); AWS -> 81121f330a983b7f:Cloud computing (0.9396); SEO -> 7175b5240094d556:SEO Tools Proficiency (1.0000); Lean -> 43c84d9fcc178867:Human Resource Management in Insurance (0.8574),"Python -> Python ; related python programming and scripting ; related software engineering and programming ; context capability to apply python in practical job tasks with correct tools, standards, and outcomes ; role Chuyên Viên Nhân Sự Tổng Hợp ; Human Resources Compensation & Benefits Recruitment Office Management E-commerce Salary Processing Social Insurance Tax Registration; SQL -> SQL ; related structured query language database querying ; related data engineering and database systems ; context capability to apply sql in practical job tasks with correct tools, standards, and outcomes ; role Chuyên Viên Nhân Sự Tổng Hợp ; Human Resources Compensation & Benefits Recruitment Office Management E-commerce Salary Processing Social Insurance Tax Registration; AWS -> AWS ; related amazon web services cloud infrastructure ; related cloud infrastructure and deployment ; context capability to apply aws in practical job tasks with correct tools, standards, and outcomes ; role Chuyên Viên Nhân Sự Tổng Hợp ; Human Resources Compensation & Benefits Recruitment Office Management E-commerce Salary Processing Social Insurance Tax Registration; SEO -> SEO ; context capability to apply seo in practical job tasks with correct tools, standards, and outcomes ; role Chuyên Viên Nhân Sự Tổng Hợp ; Human Resources Compensation & Benefits Recruitment Office Management E-commerce Salary Processing Social Insurance Tax Registration; Lean -> Lean ; context capability to apply lean in practical job tasks with correct tools, standards, and outcomes ; role Chuyên Viên Nhân Sự Tổng Hợp ; Human Resources Compensation & Benefits Recruitment Office Management E-commerce Salary Processing Social Insurance Tax Registration",5,6,0.0,0.0,0.0,1.0,0.0,0.0,0.0,0.0,7.0,1.0,0.14285714285714285,"[0.9667, 0.9724, 0.9396, 1.0, 0.8574]",0.9472200000000001,0.8574,1.0,"Python -> Python ; related python programming and scripting ; related software engineering and programming ; context capability to apply python in practical job tasks with correct tools, standards, and outcomes ; role Chuyên Viên Nhân Sự Tổng Hợp ; Human Resources Compensation & Benefits Recruitment Office Management E-commerce Salary Processing Social Insurance Tax Registration; SQL -> SQL ; related structured query language database querying ; related data engineering and database systems ; context capability to apply sql in practical job tasks with correct tools, standards, and outcomes ; role Chuyên Viên Nhân Sự Tổng Hợp ; Human Resources Compensation & Benefits Recruitment Office Management E-commerce Salary Processing Social Insurance Tax Registration; AWS -> AWS ; related amazon web services cloud infrastructure ; related cloud infrastructure and deployment ; context capability to apply aws in practical job tasks with correct tools, standards, and outcomes ; role Chuyên Viên Nhân Sự Tổng Hợp ; Human Resources Compensation & Benefits Recruitment Office Management E-commerce Salary Processing Social Insurance Tax Registration; SEO -> SEO ; context capability to apply seo in practical job tasks with correct tools, standards, and outcomes ; role Chuyên Viên Nhân Sự Tổng Hợp ; Human Resources Compensation & Benefits Recruitment Office Management E-commerce Salary Processing Social Insurance Tax Registration; Lean -> Lean ; context capability to apply lean in practical job tasks with correct tools, standards, and outcomes ; role Chuyên Viên Nhân Sự Tổng Hợp ; Human Resources Compensation & Benefits Recruitment Office Management E-commerce Salary Processing Social Insurance Tax Registration",6,5,5,1719,"['cloud_devops', 'software_data_ai', 'sales_marketing']",>=0.92
12,1,1,1,1,Docker; containerization; ECS/EKS,"Data Engineer (Spark, AWS Glue) (Onboard ASAP)",Docker -> 70f0d3e18d498cc9:Google Colab (0.7000); containerization -> fc76c565abf59081:Machine Learning Techniques (0.8335); ECS/EKS -> 70f0d3e18d498cc9:Google Colab (0.7000),"Docker -> Docker ; related containerization and deployment ; related cloud infrastructure and deployment ; context capability to apply docker in practical job tasks with correct tools, standards, and outcomes ; role Data Engineer (Spark, AWS Glue) (Onboard ASAP) ; Data Engineer Spark AWS Glue ETL Python AWS services containerization; containerization -> containerization ; related artificial intelligence and machine learning ; context capability to apply containerization in practical job tasks with correct tools, standards, and outcomes ; role Data Engineer (Spark, AWS Glue) (Onboard ASAP) ; Data Engineer Spark AWS Glue ETL Python AWS services containerization; ECS/EKS -> ECS/EKS ; related container orchestration on aws kubernetes ; related cloud infrastructure and deployment ; context capability to apply ecs and eks in practical job tasks with correct tools, standards, and outcomes ; role Data Engineer (Spark, AWS Glue) (Onboard ASAP) ; Data Engineer Spark AWS Glue ETL Python AWS services containerization",3,3,0.0,1.0,1.0,1.0,1.0,0.0,0.0,0.0,1.0,2.0,1.0,"[0.7, 0.8335, 0.7]",0.7445,0.7,0.8335,"Docker -> Docker ; related containerization and deployment ; related cloud infrastructure and deployment ; context capability to apply docker in practical job tasks with correct tools, standards, and outcomes ; role Data Engineer (Spark, AWS Glue) (Onboard ASAP) ; Data Engineer Spark AWS Glue ETL Python AWS services containerization; containerization -> containerization ; related artificial intelligence and machine learning ; context capability to apply containerization in practical job tasks with correct tools, standards, and outcomes ; role Data Engineer (Spark, AWS Glue) (Onboard ASAP) ; Data Engineer Spark AWS Glue ETL Python AWS services containerization; ECS/EKS -> ECS/EKS ; related container orchestration on aws kubernetes ; related cloud infrastructure and deployment ; context capability to apply ecs and eks in practical job tasks with correct tools, standards, and outcomes ; role Data Engineer (Spark, AWS Glue) (Onboard ASAP) ; Data Engineer Spark AWS Glue ETL Python AWS services containerization",5,3,3,1020,"['cloud_devops', 'software_data_ai']",<=0.75
14,0,0,0,0,presentation skills; technical analysis and solution design; group work and communication skills,Business Analyst (Domain Bank/Fintech),presentation skills -> dc08258145c09363:Presentation skills (0.9824); technical analysis and solution design -> 2f0071b9685d8bf8:Business Analysis (0.8455); group work and communication skills -> dd74887c197df3ad:Effective Group Work Skills (0.9327),"presentation skills -> presentation skills ; context capability to apply presentation skills in practical job tasks with correct tools, standards, and outcomes ; role Business Analyst (Domain Bank/Fintech) ; Business Analyst Banking/Fintech BPMN UML use cases user stories presentation skills process modeling; technical analysis and solution design -> technical analysis and solution design ; context capability to apply technical analysis and solution design in practical job tasks with correct tools, standards, and outcomes ; role Business Analyst (Domain Bank/Fintech) ; Business Analyst Banking/Fintech BPMN UML use cases user stories presentation skills process modeling; group work and communication skills -> group work and communication skills ; context capability to apply group work and communication skills in practical job tasks with correct tools, standards, and outcomes ; role Business Analyst (Domain Bank/Fintech) ; Business Analyst Banking/Fintech BPMN UML use cases user stories presentation skills process modeling",3,1,0.0,0.0,0.0,0.0,0.0,0.0,0.0,0.0,999.0,0.0,,"[0.9824, 0.8455, 0.9327]",0.9202,0.8455,0.9824,"presentation skills -> presentation skills ; context capability to apply presentation skills in practical job tasks with correct tools, standards, and outcomes ; role Business Analyst (Domain Bank/Fintech) ; Business Analyst Banking/Fintech BPMN UML use cases user stories presentation skills process modeling; technical analysis and solution design -> technical analysis and solution design ; context capability to apply technical analysis and solution design in practical job tasks with correct tools, standards, and outcomes ; role Business Analyst (Domain Bank/Fintech) ; Business Analyst Banking/Fintech BPMN UML use cases user stories presentation skills process modeling; group work and communication skills -> group work and communication skills ; context capability to apply group work and communication skills in practical job tasks with correct tools, standards, and outcomes ; role Business Analyst (Domain Bank/Fintech) ; Business Analyst Banking/Fintech BPMN UML use cases user stories presentation skills process modeling",0,3,3,1036,"['software_data_ai', 'english_communication']",>=0.92
17,1,1,1,1,PowerPoint; accounting software (Fast),"Nhân Viên Kế Toán Tổng Hợp, 1 Năm Kinh Nghiệm, Tại Hà Nội, Thu Nhập 10 -30 Triệu",PowerPoint -> 684be5d9399c8fe6:Accounting Software Skills (0.9953); accounting software (Fast) -> 684be5d9399c8fe6:Accounting Software Skills (1.0000),"PowerPoint -> PowerPoint ; context capability to apply powerpoint in practical job tasks with correct tools, standards, and outcomes ; role Nhân Viên Kế Toán Tổng Hợp, 1 Năm Kinh Nghiệm, Tại Hà Nội, Thu Nhập 10 -30 Triệu ; General Accountant 1 Year Experience Hanoi Salary Range 10-30 Million VND Accounting Software Financial Reporting Analytical Skills; accounting software (Fast) -> accounting software (Fast) ; context capability to apply accounting software (fast) in practical job tasks with correct tools, standards, and outcomes ; role Nhân Viên Kế Toán Tổng Hợp, 1 Năm Kinh Nghiệm, Tại Hà Nội, Thu Nhập 10 -30 Triệu ; General Accountant 1 Year Experience Hanoi Salary Range 10-30 Million VND Accounting Software Financial Reporting Analytical Skills",2,1,0.0,0.0,0.0,0.0,1.0,1.0,1.0,1.0,1.0,1.0,1.0,"[0.9953, 1.0]",0.9976499999999999,0.9953,1.0,"PowerPoint -> PowerPoint ; context capability to apply powerpoint in practical job tasks with correct tools, standards, and outcomes ; role Nhân Viên Kế Toán Tổng Hợp, 1 Năm Kinh Nghiệm, Tại Hà Nội, Thu Nhập 10 -30 Triệu ; General Accountant 1 Year Experience Hanoi Salary Range 10-30 Million VND Accounting Software Financial Reporting Analytical Skills; accounting software (Fast) -> accounting software (Fast) ; context capability to apply accounting software (fast) in practical job tasks with correct tools, standards, and outcomes ; role Nhân Viên Kế Toán Tổng Hợp, 1 Năm Kinh Nghiệm, Tại Hà Nội, Thu Nhập 10 -30 Triệu ; General Accountant 1 Year Experience Hanoi Salary Range 10-30 Million VND Accounting Software Financial Reporting Analytical Skills",0,2,2,758,['finance_risk'],>=0.92
21,0,0,0,1,Financial banking operations knowledge; Credit profiling and evaluation; Product advisory,Chuyên Viên Khách Hàng Cá Nhân - Hồ Chí Minh,Financial banking operations knowledge -> bed622c72ddf016b:Banking Operations (0.9604); Credit profiling and evaluation -> d5cb99a045b2a05b:Credit Activities (0.9196); Product advisory -> 265d372517aa5b25:Understanding customer service after sales (0.9475),"Financial banking operations knowledge -> Financial banking operations knowledge ; context capability to apply financial banking operations knowledge in practical job tasks with correct tools, standards, and outcomes ; role Chuyên Viên Khách Hàng Cá Nhân - Hồ Chí Minh ; Customer Service Specialist Sales Customer Care Banking Finance; Credit profiling and evaluation -> Credit profiling and evaluation ; context capability to apply credit profiling and evaluation in practical job tasks with correct tools, standards, and outcomes ; role Chuyên Viên Khách Hàng Cá Nhân - Hồ Chí Minh ; Customer Service Specialist Sales Customer Care Banking Finance; Product advisory -> Product advisory ; context capability to apply product advisory in practical job tasks with correct tools, standards, and outcomes ; role Chuyên Viên Khách Hàng Cá Nhân - Hồ Chí Minh ; Customer Service Specialist Sales Customer Care Banking Finance",3,3,0.0,1.0,1.0,1.0,0.0,-1.0,-1.0,0.0,6.0,2.0,0.16666666666666666,"[0.9604, 0.9196, 0.9475]",0.9424999999999999,0.9196,0.9604,"Financial banking operations knowledge -> Financial banking operations knowledge ; context capability to apply financial banking operations knowledge in practical job tasks with correct tools, standards, and outcomes ; role Chuyên Viên Khách Hàng Cá Nhân - Hồ Chí Minh ; Customer Service Specialist Sales Customer Care Banking Finance; Credit profiling and evaluation -> Credit profiling and evaluation ; context capability to apply credit profiling and evaluation in practical job tasks with correct tools, standards, and outcomes ; role Chuyên Viên Khách Hàng Cá Nhân - Hồ Chí Minh ; Customer Service Specialist Sales Customer Care Banking Finance; Product advisory -> Product advisory ; context capability to apply product advisory in practical job tasks with correct tools, standards, and outcomes ; role Chuyên Viên Khách Hàng Cá Nhân - Hồ Chí Minh ; Customer Service Specialist Sales Customer Care Banking Finance",0,3,3,919,['finance_risk'],>=0.92
23,1,1,1,1,Python; C#; Playwright,Automation Test Lead (QA QC/ Tester),Python -> abf415901e538ca7:Python Programming Language (0.9667); C# -> 7209ac90fac75884:Automated Testing Techniques (0.8213); Playwright -> a19c6dd054f93a53:Software Testing (0.8456),"Python -> Python ; related python programming and scripting ; related software engineering and programming ; context capability to apply python in practical job tasks with correct tools, standards, and outcomes ; role Automation Test Lead (QA QC/ Tester) ; Automation Test Lead QA QC Tester testing automation testing software quality test planning execution defect tracking; C# -> C# ; context capability to apply c# in practical job tasks with correct tools, standards, and outcomes ; role Automation Test Lead (QA QC/ Tester) ; Automation Test Lead QA QC Tester testing automation testing software quality test planning execution defect tracking; Playwright -> Playwright ; context capability to apply playwright in practical job tasks with correct tools, standards, and outcomes ; role Automation Test Lead (QA QC/ Tester) ; Automation Test Lead QA QC Tester testing automation testing software quality test planning execution defect tracking",3,3,0.0,0.0,0.0,1.0,1.0,1.0,1.0,0.0,1.0,2.0,1.0,"[0.9667, 0.8213, 0.8456]",0.8778666666666667,0.8213,0.9667,"Python -> Python ; related python programming and scripting ; related software engineering and programming ; context capability to apply python in practical job tasks with correct tools, standards, and outcomes ; role Automation Test Lead (QA QC/ Tester) ; Automation Test Lead QA QC Tester testing automation testing software quality test planning execution defect tracking; C# -> C# ; context capability to apply c# in practical job tasks with correct tools, standards, and outcomes ; role Automation Test Lead (QA QC/ Tester) ; Automation Test Lead QA QC Tester testing automation testing software quality test planning execution defect tracking; Playwright -> Playwright ; context capability to apply playwright in practical job tasks with correct tools, standards, and outcomes ; role Automation Test Lead (QA QC/ Tester) ; Automation Test Lead QA QC Tester testing automation testing software quality test planning execution defect tracking",2,3,3,946,['software_data_ai'],0.85-0.92
30,1,1,1,1,AWS; cloud platforms,Database Administrator,AWS -> cc975e69d79a6f6f:Cloud Concepts (0.9986); cloud platforms -> cc975e69d79a6f6f:Cloud Concepts (1.0000),"AWS -> AWS ; related amazon web services cloud infrastructure ; related cloud infrastructure and deployment ; context capability to apply aws in practical job tasks with correct tools, standards, and outcomes ; role Database Administrator ; database administrator SQL NoSQL data modeling ETL/ELT tools AWS cloud platforms Hitachi Digital Services; cloud platforms -> cloud platforms ; related cloud infrastructure and services ; related cloud infrastructure and deployment ; context capability to apply cloud platforms in practical job tasks with correct tools, standards, and outcomes ; role Database Administrator ; database administrator SQL NoSQL data modeling ETL/ELT tools AWS cloud platforms Hitachi Digital Services",2,2,0.0,1.0,1.0,1.0,1.0,0.0,0.0,0.0,1.0,2.0,1.0,"[0.9986, 1.0]",0.9993000000000001,0.9986,1.0,"AWS -> AWS ; related amazon web services cloud infrastructure ; related cloud infrastructure and deployment ; context capability to apply aws in practical job tasks with correct tools, standards, and outcomes ; role Database Administrator ; database administrator SQL NoSQL data modeling ETL/ELT tools AWS cloud platforms Hitachi Digital Services; cloud platforms -> cloud platforms ; related cloud infrastructure and services ; related cloud infrastructure and deployment ; context capability to apply cloud platforms in practical job tasks with correct tools, standards, and outcomes ; role Database Administrator ; database administrator SQL NoSQL data modeling ETL/ELT tools AWS cloud platforms Hitachi Digital Services",4,2,2,723,['cloud_devops'],>=0.92
31,1,1,1,1,Real estate industry experience; Project management; Managing outsourced content providers,Cộng Tác Viên Nội Dung SEO,Real estate industry experience -> 55e672e719367f7e:Real estate management fundamentals (0.9692); Project management -> 7175b5240094d556:SEO Tools Proficiency (0.9692); Managing outsourced content providers -> 7175b5240094d556:SEO Tools Proficiency (0.9060),"Real estate industry experience -> Real estate industry experience ; context capability to apply real estate industry experience in practical job tasks with correct tools, standards, and outcomes ; role Cộng Tác Viên Nội Dung SEO ; SEO content specialist real estate marketing project management Google Analytics 4 Ahrefs content optimization outsourced content providers; Project management -> Project management ; context capability to apply project management in practical job tasks with correct tools, standards, and outcomes ; role Cộng Tác Viên Nội Dung SEO ; SEO content specialist real estate marketing project management Google Analytics 4 Ahrefs content optimization outsourced content providers; Managing outsourced content providers -> Managing outsourced content providers ; context capability to apply managing outsourced content providers in practical job tasks with correct tools, standards, and outcomes ; role Cộng Tác Viên Nội Dung SEO ; SEO content specialist real estate marketing project management Google Analytics 4 Ahrefs content optimization outsourced content providers",3,3,0.0,1.0,1.0,1.0,1.0,0.0,0.0,0.0,1.0,3.0,1.0,"[0.9692, 0.9692, 0.906]",0.9481333333333333,0.906,0.9692,"Real estate industry experience -> Real estate industry experience ; context capability to apply real estate industry experience in practical job tasks with correct tools, standards, and outcomes ; role Cộng Tác Viên Nội Dung SEO ; SEO content specialist real estate marketing project management Google Analytics 4 Ahrefs content optimization outsourced content providers; Project management -> Project management ; context capability to apply project management in practical job tasks with correct tools, standards, and outcomes ; role Cộng Tác Viên Nội Dung SEO ; SEO content specialist real estate marketing project management Google Analytics 4 Ahrefs content optimization outsourced content providers; Managing outsourced content providers -> Managing outsourced content providers ; context capability to apply managing outsourced content providers in practical job tasks with correct tools, standards, and outcomes ; role Cộng Tác Viên Nội Dung SEO ; SEO content specialist real estate marketing project management Google Analytics 4 Ahrefs content optimization outsourced content providers",0,3,3,1096,['ops_project_quality'],>=0.92
35,1,1,1,1,information security governance frameworks; compliance management; periodic review processes; security compliance standards; cloud security principles,IT Security Specialist (ISO 27001),information security governance frameworks -> 08994031d78229cb:Information security (0.9941); compliance management -> 8803662d165dcea7:Compliance Standards (0.9579); periodic review processes -> 08994031d78229cb:Information security (0.9754); security compliance standards -> 39d8045646c13a4b:Network Security (0.9825); cloud security principles -> 448e8a55f0c63487:Cloud Security Architecture (0.9997),"information security governance frameworks -> information security governance frameworks ; related software engineering and programming ; context capability to apply information security governance frameworks in practical job tasks with correct tools, standards, and outcomes ; role IT Security Specialist (ISO 27001) ; IT Security Specialist ISO 27001 Information Security Compliance IT Operations Technical Support Network Configuration System Administration; compliance management -> compliance management ; context capability to apply compliance management in practical job tasks with correct tools, standards, and outcomes ; role IT Security Specialist (ISO 27001) ; IT Security Specialist ISO 27001 Information Security Compliance IT Operations Technical Support Network Configuration System Administration; periodic review processes -> periodic review processes ; context capability to apply periodic review processes in practical job tasks with correct tools, standards, and outcomes ; role IT Security Specialist (ISO 27001) ; IT Security Specialist ISO 27001 Information Security Compliance IT Operations Technical Support Network Configuration System Administration; security compliance standards -> security compliance standards ; context capability to apply security compliance standards in practical job tasks with correct tools, standards, and outcomes ; role IT Security Specialist (ISO 27001) ; IT Security Specialist ISO 27001 Information Security Compliance IT Operations Technical Support Network Configuration System Administration; cloud security principles -> cloud security principles ; related cloud infrastructure and services ; related cloud infrastructure and deployment ; context capability to apply cloud security principles in practical job tasks with correct tools, standards, and outcomes ; role IT Security Specialist (ISO 27001) ; IT Security Specialist ISO 27001 Information Security Compliance IT Operations Technical Support Network Configuration System Administration",5,4,1.0,1.0,1.0,1.0,0.0,0.0,0.0,0.0,1.0,2.0,1.0,"[0.9941, 0.9579, 0.9754, 0.9825, 0.9997]",0.98192,0.9579,0.9997,"information security governance frameworks -> information security governance frameworks ; related software engineering and programming ; context capability to apply information security governance frameworks in practical job tasks with correct tools, standards, and outcomes ; role IT Security Specialist (ISO 27001) ; IT Security Specialist ISO 27001 Information Security Compliance IT Operations Technical Support Network Configuration System Administration; compliance management -> compliance management ; context capability to apply compliance management in practical job tasks with correct tools, standards, and outcomes ; role IT Security Specialist (ISO 27001) ; IT Security Specialist ISO 27001 Information Security Compliance IT Operations Technical Support Network Configuration System Administration; periodic review processes -> periodic review processes ; context capability to apply periodic review processes in practical job tasks with correct tools, standards, and outcomes ; role IT Security Specialist (ISO 27001) ; IT Security Specialist ISO 27001 Information Security Compliance IT Operations Technical Support Network Configuration System Administration; security compliance standards -> security compliance standards ; context capability to apply security compliance standards in practical job tasks with correct tools, standards, and outcomes ; role IT Security Specialist (ISO 27001) ; IT Security Specialist ISO 27001 Information Security Compliance IT Operations Technical Support Network Configuration System Administration; cloud security principles -> cloud security principles ; related cloud infrastructure and services ; related cloud infrastructure and deployment ; context capability to apply cloud security principles in practical job tasks with correct tools, standards, and outcomes ; role IT Security Specialist (ISO 27001) ; IT Security Specialist ISO 27001 Information Security Compliance IT Operations Technical Support Network Configuration System Administration",3,5,5,2006,"['cloud_devops', 'ops_project_quality']",>=0.92
37,0,1,1,1,JPA; Flyway; AWS Cognito; AWS SES; Digital Marketing domain,"Back End Python Developer (Python, AWS)",JPA -> c44d9221d54651ad:Python Programming (0.9625); Flyway -> c44d9221d54651ad:Python Programming (0.9625); AWS Cognito -> 81121f330a983b7f:Cloud computing (0.9787); AWS SES -> 81121f330a983b7f:Cloud computing (0.9880); Digital Marketing domain -> c44d9221d54651ad:Python Programming (0.9625),"JPA -> JPA ; context capability to apply jpa in practical job tasks with correct tools, standards, and outcomes ; role Back End Python Developer (Python, AWS) ; Python Developer AI cloud computing big data smart factory automation software development agile development code reviews; Flyway -> Flyway ; context capability to apply flyway in practical job tasks with correct tools, standards, and outcomes ; role Back End Python Developer (Python, AWS) ; Python Developer AI cloud computing big data smart factory automation software development agile development code reviews; AWS Cognito -> AWS Cognito ; related amazon web services cloud infrastructure ; related cloud infrastructure and deployment ; context capability to apply aws cognito in practical job tasks with correct tools, standards, and outcomes ; role Back End Python Developer (Python, AWS) ; Python Developer AI cloud computing big data smart factory automation software development agile development code reviews; AWS SES -> AWS SES ; related amazon web services cloud infrastructure ; related cloud infrastructure and deployment ; context capability to apply aws ses in practical job tasks with correct tools, standards, and outcomes ; role Back End Python Developer (Python, AWS) ; Python Developer AI cloud computing big data smart factory automation software development agile development code reviews; Digital Marketing domain -> Digital Marketing domain ; related artificial intelligence and machine learning ; context capability to apply digital marketing domain in practical job tasks with correct tools, standards, and outcomes ; role Back End Python Developer (Python, AWS) ; Python Developer AI cloud computing big data smart factory automation software development agile development code reviews",5,3,0.0,0.0,0.0,1.0,0.0,1.0,1.0,0.0,2.0,1.0,0.5,"[0.9625, 0.9625, 0.9787, 0.988, 0.9625]",0.9708400000000001,0.9625,0.988,"JPA -> JPA ; context capability to apply jpa in practical job tasks with correct tools, standards, and outcomes ; role Back End Python Developer (Python, AWS) ; Python Developer AI cloud computing big data smart factory automation software development agile development code reviews; Flyway -> Flyway ; context capability to apply flyway in practical job tasks with correct tools, standards, and outcomes ; role Back End Python Developer (Python, AWS) ; Python Developer AI cloud computing big data smart factory automation software development agile development code reviews; AWS Cognito -> AWS Cognito ; related amazon web services cloud infrastructure ; related cloud infrastructure and deployment ; context capability to apply aws cognito in practical job tasks with correct tools, standards, and outcomes ; role Back End Python Developer (Python, AWS) ; Python Developer AI cloud computing big data smart factory automation software development agile development code reviews; AWS SES -> AWS SES ; related amazon web services cloud infrastructure ; related cloud infrastructure and deployment ; context capability to apply aws ses in practical job tasks with correct tools, standards, and outcomes ; role Back End Python Developer (Python, AWS) ; Python Developer AI cloud computing big data smart factory automation software development agile development code reviews; Digital Marketing domain -> Digital Marketing domain ; related artificial intelligence and machine learning ; context capability to apply digital marketing domain in practical job tasks with correct tools, standards, and outcomes ; role Back End Python Developer (Python, AWS) ; Python Developer AI cloud computing big data smart factory automation software development agile development code reviews",5,5,5,1775,"['cloud_devops', 'software_data_ai', 'sales_marketing']",>=0.92
38,1,1,1,1,Financial Analysis; Managerial Accounting; Budget Management,Kế Toán Tổng Hợp,Financial Analysis -> c7e5be6f7051b9ff:Managerial Accounting Data Analysis (0.9372); Managerial Accounting -> d1e401743dbc1ef1:Managerial Accounting Concepts (0.9800); Budget Management -> 30dfc23a621db88b:Budget system and management (0.9791),"Financial Analysis -> Financial Analysis ; context capability to apply financial analysis in practical job tasks with correct tools, standards, and outcomes ; role Kế Toán Tổng Hợp ; Accounting Finance Misa accounting software Managerial Accounting Tax Reporting Budget Management Financial Analysis VAT reporting; Managerial Accounting -> Managerial Accounting ; context capability to apply managerial accounting in practical job tasks with correct tools, standards, and outcomes ; role Kế Toán Tổng Hợp ; Accounting Finance Misa accounting software Managerial Accounting Tax Reporting Budget Management Financial Analysis VAT reporting; Budget Management -> Budget Management ; context capability to apply budget management in practical job tasks with correct tools, standards, and outcomes ; role Kế Toán Tổng Hợp ; Accounting Finance Misa accounting software Managerial Accounting Tax Reporting Budget Management Financial Analysis VAT reporting",3,3,0.0,0.0,0.0,0.0,1.0,1.0,1.0,1.0,1.0,2.0,1.0,"[0.9372, 0.98, 0.9791]",0.9654333333333334,0.9372,0.98,"Financial Analysis -> Financial Analysis ; context capability to apply financial analysis in practical job tasks with correct tools, standards, and outcomes ; role Kế Toán Tổng Hợp ; Accounting Finance Misa accounting software Managerial Accounting Tax Reporting Budget Management Financial Analysis VAT reporting; Managerial Accounting -> Managerial Accounting ; context capability to apply managerial accounting in practical job tasks with correct tools, standards, and outcomes ; role Kế Toán Tổng Hợp ; Accounting Finance Misa accounting software Managerial Accounting Tax Reporting Budget Management Financial Analysis VAT reporting; Budget Management -> Budget Management ; context capability to apply budget management in practical job tasks with correct tools, standards, and outcomes ; role Kế Toán Tổng Hợp ; Accounting Finance Misa accounting software Managerial Accounting Tax Reporting Budget Management Financial Analysis VAT reporting",0,3,3,949,"['software_data_ai', 'finance_risk']",>=0.92
39,1,1,1,1,".Net; data pipelines; generative AI; NLP; computer vision; cloud environments (Azure, AWS, GCP); AI workloads optimization",Principal AI Architect (English - Onboard after Tet),".Net -> fc7c954dfd351104:Understanding .Net Programming Approach (0.9846); data pipelines -> 302e3da4908ab96e:Model Building for AI Applications (0.9583); generative AI -> f23d28761d76eb43:Differentiate modern AI techniques (0.9757); NLP -> f23d28761d76eb43:Differentiate modern AI techniques (0.9591); computer vision -> 302e3da4908ab96e:Model Building for AI Applications (0.9656); cloud environments (Azure, AWS, GCP) -> 81121f330a983b7f:Cloud computing (1.0000); AI workloads optimization -> 302e3da4908ab96e:Model Building for AI Applications (0.9727)",".Net -> .Net ; capability net ; context capability to apply .net in practical job tasks with correct tools, standards, and outcomes ; role Principal AI Architect (English - Onboard after Tet) ; Principal AI Architect Agentic Banking cloud environments (Azure, AWS, GCP) AI-first solutions large language models (LLMs); data pipelines -> data pipelines ; related data engineering and database systems ; context capability to apply data pipelines in practical job tasks with correct tools, standards, and outcomes ; role Principal AI Architect (English - Onboard after Tet) ; Principal AI Architect Agentic Banking cloud environments (Azure, AWS, GCP) AI-first solutions large language models (LLMs); generative AI -> generative AI ; related artificial intelligence and machine learning ; context capability to apply generative ai in practical job tasks with correct tools, standards, and outcomes ; role Principal AI Architect (English - Onboard after Tet) ; Principal AI Architect Agentic Banking cloud environments (Azure, AWS, GCP) AI-first solutions large language models (LLMs); NLP -> NLP ; related artificial intelligence and machine learning ; context capability to apply nlp in practical job tasks with correct tools, standards, and outcomes ; role Principal AI Architect (English - Onboard after Tet) ; Principal AI Architect Agentic Banking cloud environments (Azure, AWS, GCP) AI-first solutions large language models (LLMs); computer vision -> computer vision ; context capability to apply computer vision in practical job tasks with correct tools, standards, and outcomes ; role Principal AI Architect (English - Onboard after Tet) ; Principal AI Architect Agentic Banking cloud environments (Azure, AWS, GCP) AI-first solutions large language models (LLMs); cloud environments (Azure, AWS, GCP) -> cloud environments (Azure, AWS, GCP) ; related cloud infrastructure and services ; related microsoft azure cloud infrastructure ; related amazon web services cloud infrastructure ; context capability to apply cloud environments (azure, aws, gcp) in practical job tasks with correct tools, standards, and outcomes ; role Principal AI Architect (English - Onboard after Tet) ; Principal AI Architect Agentic Banking cloud environments (Azure, AWS, GCP) AI-first solutions large language models (LLMs); AI workloads optimization -> AI workloads optimization ; related artificial intelligence and machine learning ; context capability to apply ai workloads optimization in practical job tasks with correct tools, standards, and outcomes ; role Principal AI Architect (English - Onboard after Tet) ; Principal AI Architect Agentic Banking cloud environments (Azure, AWS, GCP) AI-first solutions large language models (LLMs)",7,4,0.0,0.0,0.0,1.0,1.0,1.0,1.0,0.0,1.0,3.0,1.0,"[0.9846, 0.9583, 0.9757, 0.9591, 0.9656, 1.0, 0.9727]",0.9737142857142856,0.9583,1.0,".Net -> .Net ; capability net ; context capability to apply .net in practical job tasks with correct tools, standards, and outcomes ; role Principal AI Architect (English - Onboard after Tet) ; Principal AI Architect Agentic Banking cloud environments (Azure, AWS, GCP) AI-first solutions large language models (LLMs); data pipelines -> data pipelines ; related data engineering and database systems ; context capability to apply data pipelines in practical job tasks with correct tools, standards, and outcomes ; role Principal AI Architect (English - Onboard after Tet) ; Principal AI Architect Agentic Banking cloud environments (Azure, AWS, GCP) AI-first solutions large language models (LLMs); generative AI -> generative AI ; related artificial intelligence and machine learning ; context capability to apply generative ai in practical job tasks with correct tools, standards, and outcomes ; role Principal AI Architect (English - Onboard after Tet) ; Principal AI Architect Agentic Banking cloud environments (Azure, AWS, GCP) AI-first solutions large language models (LLMs); NLP -> NLP ; related artificial intelligence and machine learning ; context capability to apply nlp in practical job tasks with correct tools, standards, and outcomes ; role Principal AI Architect (English - Onboard after Tet) ; Principal AI Architect Agentic Banking cloud environments (Azure, AWS, GCP) AI-first solutions large language models (LLMs); computer vision -> computer vision ; context capability to apply computer vision in practical job tasks with correct tools, standards, and outcomes ; role Principal AI Architect (English - Onboard after Tet) ; Principal AI Architect Agentic Banking cloud environments (Azure, AWS, GCP) AI-first solutions large language models (LLMs); cloud environments (Azure, AWS, GCP) -> cloud environments (Azure, AWS, GCP) ; related cloud infrastructure and services ; related microsoft azure cloud infrastructure ; related amazon web services cloud infrastructure ; context capability to apply cloud environments (azure, aws, gcp) in practical job tasks with correct tools, standards, and outcomes ; role Principal AI Architect (English - Onboard after Tet) ; Principal AI Architect Agentic Banking cloud environments (Azure, AWS, GCP) AI-first solutions large language models (LLMs); AI workloads optimization -> AI workloads optimization ; related artificial intelligence and machine learning ; context capability to apply ai workloads optimization in practical job tasks with correct tools, standards, and outcomes ; role Principal AI Architect (English - Onboard after Tet) ; Principal AI Architect Agentic Banking cloud environments (Azure, AWS, GCP) AI-first solutions large language models (LLMs)",7,7,7,2730,"['cloud_devops', 'software_data_ai']",>=0.92
49,1,1,1,1,Cloud platforms; AWS,Database Administrator,Cloud platforms -> cc975e69d79a6f6f:Cloud Concepts (1.0000); AWS -> 81121f330a983b7f:Cloud computing (0.9994),"Cloud platforms -> Cloud platforms ; related cloud infrastructure and services ; related cloud infrastructure and deployment ; context capability to apply cloud platforms in practical job tasks with correct tools, standards, and outcomes ; role Database Administrator ; database administrator SQL NoSQL ETL data modeling cloud platforms AWS Hitachi Digital Services; AWS -> AWS ; related amazon web services cloud infrastructure ; related cloud infrastructure and deployment ; context capability to apply aws in practical job tasks with correct tools, standards, and outcomes ; role Database Administrator ; database administrator SQL NoSQL ETL data modeling cloud platforms AWS Hitachi Digital Services",2,1,0.0,1.0,1.0,1.0,1.0,0.0,0.0,0.0,1.0,1.0,1.0,"[1.0, 0.9994]",0.9997,0.9994,1.0,"Cloud platforms -> Cloud platforms ; related cloud infrastructure and services ; related cloud infrastructure and deployment ; context capability to apply cloud platforms in practical job tasks with correct tools, standards, and outcomes ; role Database Administrator ; database administrator SQL NoSQL ETL data modeling cloud platforms AWS Hitachi Digital Services; AWS -> AWS ; related amazon web services cloud infrastructure ; related cloud infrastructure and deployment ; context capability to apply aws in practical job tasks with correct tools, standards, and outcomes ; role Database Administrator ; database administrator SQL NoSQL ETL data modeling cloud platforms AWS Hitachi Digital Services",4,2,2,703,['cloud_devops'],>=0.92
52,1,1,1,1,ERP; digital marketing; technical writing,Business Analyst,ERP -> 4feae5fce9012dd5:Enhancing Business Efficiency with MIS (0.8440); digital marketing -> 8a3e72c8d754ad2f:Application of digital marketing knowledge (0.9727); technical writing -> 0cf41d5fc9dec478:Technical Writing (0.9998),"ERP -> ERP ; context capability to apply erp in practical job tasks with correct tools, standards, and outcomes ; role Business Analyst ; Business Analyst agile CRM ERP sales marketing; digital marketing -> digital marketing ; context capability to apply digital marketing in practical job tasks with correct tools, standards, and outcomes ; role Business Analyst ; Business Analyst agile CRM ERP sales marketing; technical writing -> technical writing ; context capability to apply technical writing in practical job tasks with correct tools, standards, and outcomes ; role Business Analyst ; Business Analyst agile CRM ERP sales marketing",3,2,0.0,1.0,1.0,1.0,1.0,0.0,0.0,0.0,1.0,1.0,1.0,"[0.844, 0.9727, 0.9998]",0.9388333333333333,0.844,0.9998,"ERP -> ERP ; context capability to apply erp in practical job tasks with correct tools, standards, and outcomes ; role Business Analyst ; Business Analyst agile CRM ERP sales marketing; digital marketing -> digital marketing ; context capability to apply digital marketing in practical job tasks with correct tools, standards, and outcomes ; role Business Analyst ; Business Analyst agile CRM ERP sales marketing; technical writing -> technical writing ; context capability to apply technical writing in practical job tasks with correct tools, standards, and outcomes ; role Business Analyst ; Business Analyst agile CRM ERP sales marketing",0,3,3,640,"['sales_marketing', 'english_communication']",>=0.92
55,1,1,1,1,MongoDB; Kubernetes; AWS; GCP; GO,"Back End Developer (Java, MySQL, Spring)",MongoDB -> cb62eba40b93615e:Designing applications with MongoDB (0.9395); Kubernetes -> ce877ea042597d23:Explaining front-end and back-end programming (0.9503); AWS -> 81121f330a983b7f:Cloud computing (0.8514); GCP -> cc975e69d79a6f6f:Cloud Concepts (0.9382); GO -> ce877ea042597d23:Explaining front-end and back-end programming (0.9994),"MongoDB -> MongoDB ; related nosql document database ; related data engineering and database systems ; related software engineering and programming ; context capability to apply mongodb in practical job tasks with correct tools, standards, and outcomes ; role Back End Developer (Java, MySQL, Spring) ; back-end developer Java Spring Spring Boot REST API MySQL MongoDB Oracle SQL; Kubernetes -> Kubernetes ; related container orchestration and scaling ; related cloud infrastructure and deployment ; context capability to apply kubernetes in practical job tasks with correct tools, standards, and outcomes ; role Back End Developer (Java, MySQL, Spring) ; back-end developer Java Spring Spring Boot REST API MySQL MongoDB Oracle SQL; AWS -> AWS ; related amazon web services cloud infrastructure ; related cloud infrastructure and deployment ; context capability to apply aws in practical job tasks with correct tools, standards, and outcomes ; role Back End Developer (Java, MySQL, Spring) ; back-end developer Java Spring Spring Boot REST API MySQL MongoDB Oracle SQL; GCP -> GCP ; related google cloud platform cloud infrastructure ; related cloud infrastructure and deployment ; context capability to apply gcp in practical job tasks with correct tools, standards, and outcomes ; role Back End Developer (Java, MySQL, Spring) ; back-end developer Java Spring Spring Boot REST API MySQL MongoDB Oracle SQL; GO -> GO ; related software engineering and programming ; context capability to apply go in practical job tasks with correct tools, standards, and outcomes ; role Back End Developer (Java, MySQL, Spring) ; back-end developer Java Spring Spring Boot REST API MySQL MongoDB Oracle SQL",5,3,0.0,0.0,1.0,1.0,1.0,1.0,0.0,0.0,1.0,1.0,1.0,"[0.9395, 0.9503, 0.8514, 0.9382, 0.9994]",0.9357599999999999,0.8514,0.9994,"MongoDB -> MongoDB ; related nosql document database ; related data engineering and database systems ; related software engineering and programming ; context capability to apply mongodb in practical job tasks with correct tools, standards, and outcomes ; role Back End Developer (Java, MySQL, Spring) ; back-end developer Java Spring Spring Boot REST API MySQL MongoDB Oracle SQL; Kubernetes -> Kubernetes ; related container orchestration and scaling ; related cloud infrastructure and deployment ; context capability to apply kubernetes in practical job tasks with correct tools, standards, and outcomes ; role Back End Developer (Java, MySQL, Spring) ; back-end developer Java Spring Spring Boot REST API MySQL MongoDB Oracle SQL; AWS -> AWS ; related amazon web services cloud infrastructure ; related cloud infrastructure and deployment ; context capability to apply aws in practical job tasks with correct tools, standards, and outcomes ; role Back End Developer (Java, MySQL, Spring) ; back-end developer Java Spring Spring Boot REST API MySQL MongoDB Oracle SQL; GCP -> GCP ; related google cloud platform cloud infrastructure ; related cloud infrastructure and deployment ; context capability to apply gcp in practical job tasks with correct tools, standards, and outcomes ; role Back End Developer (Java, MySQL, Spring) ; back-end developer Java Spring Spring Boot REST API MySQL MongoDB Oracle SQL; GO -> GO ; related software engineering and programming ; context capability to apply go in practical job tasks with correct tools, standards, and outcomes ; role Back End Developer (Java, MySQL, Spring) ; back-end developer Java Spring Spring Boot REST API MySQL MongoDB Oracle SQL",10,5,5,1692,['cloud_devops'],>=0.92
57,1,1,1,1,Production Cost Optimization; Product Costing; Strategic Financial Analysis for Construction/Manufacturing; Management of Industrial Accounting Systems,Kế Toán Trưởng - 3 (Thu Nhập 25 Triệu +++),Production Cost Optimization -> 61025dda60d61757:Cost Management Tasks (0.9552); Product Costing -> 61025dda60d61757:Cost Management Tasks (0.8957); Strategic Financial Analysis for Construction/Manufacturing -> 44e7f2b168ae6761:Financial Analysis for Real Estate Projects (0.8775); Management of Industrial Accounting Systems -> 1bef07894b7803bd:Overview of Accounting Information Systems (0.9756),"Production Cost Optimization -> Production Cost Optimization ; context capability to apply production cost optimization in practical job tasks with correct tools, standards, and outcomes ; role Kế Toán Trưởng - 3 (Thu Nhập 25 Triệu +++) ; Chief Accountant Accounting Financial Analysis Tax Declaration Cost Optimization Construction Industry Manufacturing Industry; Product Costing -> Product Costing ; context capability to apply product costing in practical job tasks with correct tools, standards, and outcomes ; role Kế Toán Trưởng - 3 (Thu Nhập 25 Triệu +++) ; Chief Accountant Accounting Financial Analysis Tax Declaration Cost Optimization Construction Industry Manufacturing Industry; Strategic Financial Analysis for Construction/Manufacturing -> Strategic Financial Analysis for Construction/Manufacturing ; context capability to apply strategic financial analysis for construction/manufacturing in practical job tasks with correct tools, standards, and outcomes ; role Kế Toán Trưởng - 3 (Thu Nhập 25 Triệu +++) ; Chief Accountant Accounting Financial Analysis Tax Declaration Cost Optimization Construction Industry Manufacturing Industry; Management of Industrial Accounting Systems -> Management of Industrial Accounting Systems ; context capability to apply management of industrial accounting systems in practical job tasks with correct tools, standards, and outcomes ; role Kế Toán Trưởng - 3 (Thu Nhập 25 Triệu +++) ; Chief Accountant Accounting Financial Analysis Tax Declaration Cost Optimization Construction Industry Manufacturing Industry",4,4,1.0,1.0,1.0,1.0,0.0,0.0,0.0,0.0,1.0,2.0,1.0,"[0.9552, 0.8957, 0.8775, 0.9756]",0.926,0.8775,0.9756,"Production Cost Optimization -> Production Cost Optimization ; context capability to apply production cost optimization in practical job tasks with correct tools, standards, and outcomes ; role Kế Toán Trưởng - 3 (Thu Nhập 25 Triệu +++) ; Chief Accountant Accounting Financial Analysis Tax Declaration Cost Optimization Construction Industry Manufacturing Industry; Product Costing -> Product Costing ; context capability to apply product costing in practical job tasks with correct tools, standards, and outcomes ; role Kế Toán Trưởng - 3 (Thu Nhập 25 Triệu +++) ; Chief Accountant Accounting Financial Analysis Tax Declaration Cost Optimization Construction Industry Manufacturing Industry; Strategic Financial Analysis for Construction/Manufacturing -> Strategic Financial Analysis for Construction/Manufacturing ; context capability to apply strategic financial analysis for construction/manufacturing in practical job tasks with correct tools, standards, and outcomes ; role Kế Toán Trưởng - 3 (Thu Nhập 25 Triệu +++) ; Chief Accountant Accounting Financial Analysis Tax Declaration Cost Optimization Construction Industry Manufacturing Industry; Management of Industrial Accounting Systems -> Management of Industrial Accounting Systems ; context capability to apply management of industrial accounting systems in practical job tasks with correct tools, standards, and outcomes ; role Kế Toán Trưởng - 3 (Thu Nhập 25 Triệu +++) ; Chief Accountant Accounting Financial Analysis Tax Declaration Cost Optimization Construction Industry Manufacturing Industry",0,4,4,1561,"['software_data_ai', 'finance_risk']",>=0.92
64,1,1,1,1,GCP; Azure; BigQuery,Data Engineer (DBA),GCP -> cc975e69d79a6f6f:Cloud Concepts (1.0000); Azure -> cc975e69d79a6f6f:Cloud Concepts (1.0000); BigQuery -> 2271ef0581251939:Data Warehouse Knowledge (0.9754),"GCP -> GCP ; related google cloud platform cloud infrastructure ; related cloud infrastructure and deployment ; context capability to apply gcp in practical job tasks with correct tools, standards, and outcomes ; role Data Engineer (DBA) ; Data Engineer Database Public Cloud AWS GCP Azure Oracle MySQL; Azure -> Azure ; related microsoft azure cloud infrastructure ; related cloud infrastructure and deployment ; context capability to apply azure in practical job tasks with correct tools, standards, and outcomes ; role Data Engineer (DBA) ; Data Engineer Database Public Cloud AWS GCP Azure Oracle MySQL; BigQuery -> BigQuery ; related google cloud data warehouse ; related cloud infrastructure and deployment ; related data engineering and database systems ; context capability to apply bigquery in practical job tasks with correct tools, standards, and outcomes ; role Data Engineer (DBA) ; Data Engineer Database Public Cloud AWS GCP Azure Oracle MySQL",3,3,0.0,0.0,0.0,1.0,1.0,1.0,1.0,0.0,1.0,3.0,1.0,"[1.0, 1.0, 0.9754]",0.9918,0.9754,1.0,"GCP -> GCP ; related google cloud platform cloud infrastructure ; related cloud infrastructure and deployment ; context capability to apply gcp in practical job tasks with correct tools, standards, and outcomes ; role Data Engineer (DBA) ; Data Engineer Database Public Cloud AWS GCP Azure Oracle MySQL; Azure -> Azure ; related microsoft azure cloud infrastructure ; related cloud infrastructure and deployment ; context capability to apply azure in practical job tasks with correct tools, standards, and outcomes ; role Data Engineer (DBA) ; Data Engineer Database Public Cloud AWS GCP Azure Oracle MySQL; BigQuery -> BigQuery ; related google cloud data warehouse ; related cloud infrastructure and deployment ; related data engineering and database systems ; context capability to apply bigquery in practical job tasks with correct tools, standards, and outcomes ; role Data Engineer (DBA) ; Data Engineer Database Public Cloud AWS GCP Azure Oracle MySQL",7,3,3,958,"['cloud_devops', 'software_data_ai']",>=0.92
66,1,1,1,1,AWS Glue; EC2; VPC; ECS/EKS; IAM,"Data Engineer (Spark, AWS Glue, Python) (Onboard ASAP)",AWS Glue -> c16f29e5a0dafd65:Data Readers and DataSets (0.9166); EC2 -> 81121f330a983b7f:Cloud computing (0.7000); VPC -> c44d9221d54651ad:Python Programming (0.9152); ECS/EKS -> 70f0d3e18d498cc9:Google Colab (0.7000); IAM -> 3daa64df2b26d99e:Working with Data Controls (0.9445),"AWS Glue -> AWS Glue ; related amazon web services cloud infrastructure ; related cloud infrastructure and deployment ; context capability to apply aws glue in practical job tasks with correct tools, standards, and outcomes ; role Data Engineer (Spark, AWS Glue, Python) (Onboard ASAP) ; Data Engineer Spark AWS Glue Python ETL pipelines data lakes data warehouses S3; EC2 -> EC2 ; related amazon ec2 compute instances ; related cloud infrastructure and deployment ; context capability to apply ec2 in practical job tasks with correct tools, standards, and outcomes ; role Data Engineer (Spark, AWS Glue, Python) (Onboard ASAP) ; Data Engineer Spark AWS Glue Python ETL pipelines data lakes data warehouses S3; VPC -> VPC ; context capability to apply vpc in practical job tasks with correct tools, standards, and outcomes ; role Data Engineer (Spark, AWS Glue, Python) (Onboard ASAP) ; Data Engineer Spark AWS Glue Python ETL pipelines data lakes data warehouses S3; ECS/EKS -> ECS/EKS ; related container orchestration on aws kubernetes ; related cloud infrastructure and deployment ; context capability to apply ecs and eks in practical job tasks with correct tools, standards, and outcomes ; role Data Engineer (Spark, AWS Glue, Python) (Onboard ASAP) ; Data Engineer Spark AWS Glue Python ETL pipelines data lakes data warehouses S3; IAM -> IAM ; context capability to apply iam in practical job tasks with correct tools, standards, and outcomes ; role Data Engineer (Spark, AWS Glue, Python) (Onboard ASAP) ; Data Engineer Spark AWS Glue Python ETL pipelines data lakes data warehouses S3",5,1,0.0,1.0,1.0,1.0,1.0,0.0,0.0,0.0,1.0,1.0,1.0,"[0.9166, 0.7, 0.9152, 0.7, 0.9445]",0.8352599999999999,0.7,0.9445,"AWS Glue -> AWS Glue ; related amazon web services cloud infrastructure ; related cloud infrastructure and deployment ; context capability to apply aws glue in practical job tasks with correct tools, standards, and outcomes ; role Data Engineer (Spark, AWS Glue, Python) (Onboard ASAP) ; Data Engineer Spark AWS Glue Python ETL pipelines data lakes data warehouses S3; EC2 -> EC2 ; related amazon ec2 compute instances ; related cloud infrastructure and deployment ; context capability to apply ec2 in practical job tasks with correct tools, standards, and outcomes ; role Data Engineer (Spark, AWS Glue, Python) (Onboard ASAP) ; Data Engineer Spark AWS Glue Python ETL pipelines data lakes data warehouses S3; VPC -> VPC ; context capability to apply vpc in practical job tasks with correct tools, standards, and outcomes ; role Data Engineer (Spark, AWS Glue, Python) (Onboard ASAP) ; Data Engineer Spark AWS Glue Python ETL pipelines data lakes data warehouses S3; ECS/EKS -> ECS/EKS ; related container orchestration on aws kubernetes ; related cloud infrastructure and deployment ; context capability to apply ecs and eks in practical job tasks with correct tools, standards, and outcomes ; role Data Engineer (Spark, AWS Glue, Python) (Onboard ASAP) ; Data Engineer Spark AWS Glue Python ETL pipelines data lakes data warehouses S3; IAM -> IAM ; context capability to apply iam in practical job tasks with correct tools, standards, and outcomes ; role Data Engineer (Spark, AWS Glue, Python) (Onboard ASAP) ; Data Engineer Spark AWS Glue Python ETL pipelines data lakes data warehouses S3",6,5,5,1594,['cloud_devops'],0.75-0.85
67,1,1,1,1,Java; multithreading; parallel processing; CAN; Ethernet; IPCore; FPGA,Kỹ Sư Lập Trình Hệ Thống,Java -> 5bef10c36e70dd27:Development Environment Tools (0.8352); multithreading -> b83fa23e4bc91bc9:Apply basic programming techniques (0.7000); parallel processing -> b83fa23e4bc91bc9:Apply basic programming techniques (0.7000); CAN -> 8b3d033802f847ad:Control Structures (0.7000); Ethernet -> b9145c36c4b4def8:Basic knowledge of networking and communication (0.8684); IPCore -> db422ce0569a869d:Instruction Set Architecture (ISA) (0.7000); FPGA -> 41f7231391c7adf4:Arduino Programming (0.7000),"Java -> Java ; related java programming and application development ; related software engineering and programming ; context capability to apply java in practical job tasks with correct tools, standards, and outcomes ; role Kỹ Sư Lập Trình Hệ Thống ; system programmer hardware/software communication modules control systems system analysis tools software development scientific analysis mathematical models technical requirements; multithreading -> multithreading ; related software engineering and programming ; context capability to apply multithreading in practical job tasks with correct tools, standards, and outcomes ; role Kỹ Sư Lập Trình Hệ Thống ; system programmer hardware/software communication modules control systems system analysis tools software development scientific analysis mathematical models technical requirements; parallel processing -> parallel processing ; related software engineering and programming ; context capability to apply parallel processing in practical job tasks with correct tools, standards, and outcomes ; role Kỹ Sư Lập Trình Hệ Thống ; system programmer hardware/software communication modules control systems system analysis tools software development scientific analysis mathematical models technical requirements; CAN -> CAN ; related controller area network embedded communication ; related software engineering and programming ; context capability to apply can in practical job tasks with correct tools, standards, and outcomes ; role Kỹ Sư Lập Trình Hệ Thống ; system programmer hardware/software communication modules control systems system analysis tools software development scientific analysis mathematical models technical requirements; Ethernet -> Ethernet ; related ethernet networking and socket communication ; related software engineering and programming ; context capability to apply ethernet in practical job tasks with correct tools, standards, and outcomes ; role Kỹ Sư Lập Trình Hệ Thống ; system programmer hardware/software communication modules control systems system analysis tools software development scientific analysis mathematical models technical requirements; IPCore -> IPCore ; related ip core hardware design ; related software engineering and programming ; context capability to apply ipcore in practical job tasks with correct tools, standards, and outcomes ; role Kỹ Sư Lập Trình Hệ Thống ; system programmer hardware/software communication modules control systems system analysis tools software development scientific analysis mathematical models technical requirements; FPGA -> FPGA ; related field programmable gate array hardware design ; related software engineering and programming ; context capability to apply fpga in practical job tasks with correct tools, standards, and outcomes ; role Kỹ Sư Lập Trình Hệ Thống ; system programmer hardware/software communication modules control systems system analysis tools software development scientific analysis mathematical models technical requirements",7,2,1.0,1.0,1.0,1.0,0.0,0.0,0.0,0.0,1.0,2.0,1.0,"[0.8352, 0.7, 0.7, 0.7, 0.8684, 0.7, 0.7]",0.7433714285714286,0.7,0.8684,"Java -> Java ; related java programming and application development ; related software engineering and programming ; context capability to apply java in practical job tasks with correct tools, standards, and outcomes ; role Kỹ Sư Lập Trình Hệ Thống ; system programmer hardware/software communication modules control systems system analysis tools software development scientific analysis mathematical models technical requirements; multithreading -> multithreading ; related software engineering and programming ; context capability to apply multithreading in practical job tasks with correct tools, standards, and outcomes ; role Kỹ Sư Lập Trình Hệ Thống ; system programmer hardware/software communication modules control systems system analysis tools software development scientific analysis mathematical models technical requirements; parallel processing -> parallel processing ; related software engineering and programming ; context capability to apply parallel processing in practical job tasks with correct tools, standards, and outcomes ; role Kỹ Sư Lập Trình Hệ Thống ; system programmer hardware/software communication modules control systems system analysis tools software development scientific analysis mathematical models technical requirements; CAN -> CAN ; related controller area network embedded communication ; related software engineering and programming ; context capability to apply can in practical job tasks with correct tools, standards, and outcomes ; role Kỹ Sư Lập Trình Hệ Thống ; system programmer hardware/software communication modules control systems system analysis tools software development scientific analysis mathematical models technical requirements; Ethernet -> Ethernet ; related ethernet networking and socket communication ; related software engineering and programming ; context capability to apply ethernet in practical job tasks with correct tools, standards, and outcomes ; role Kỹ Sư Lập Trình Hệ Thống ; system programmer hardware/software communication modules control systems system analysis tools software development scientific analysis mathematical models technical requirements; IPCore -> IPCore ; related ip core hardware design ; related software engineering and programming ; context capability to apply ipcore in practical job tasks with correct tools, standards, and outcomes ; role Kỹ Sư Lập Trình Hệ Thống ; system programmer hardware/software communication modules control systems system analysis tools software development scientific analysis mathematical models technical requirements; FPGA -> FPGA ; related field programmable gate array hardware design ; related software engineering and programming ; context capability to apply fpga in practical job tasks with correct tools, standards, and outcomes ; role Kỹ Sư Lập Trình Hệ Thống ; system programmer hardware/software communication modules control systems system analysis tools software development scientific analysis mathematical models technical requirements",12,7,7,2984,"['english_communication', 'ops_project_quality']",<=0.75
68,1,1,1,1,"customer onboarding; loans; compliance; GCP; AWS; Kubernetes; data governance; security protocols; regulatory frameworks (MAS, GDPR, PCI-DSS); Oracle; MongoDB; Cassandra; MySQL",Solution Architect,"customer onboarding -> 9c123081c6e65198:Analytical Skills for Digital Transformation (0.9627); loans -> ce22f37fe7c425ca:Banking Operations Analysis (0.7000); compliance -> 9c123081c6e65198:Analytical Skills for Digital Transformation (0.9207); GCP -> 448e8a55f0c63487:Cloud Security Architecture (0.9828); AWS -> 448e8a55f0c63487:Cloud Security Architecture (0.9740); Kubernetes -> 448e8a55f0c63487:Cloud Security Architecture (0.9633); data governance -> cfc9912f07051542:Model Analysis (0.7000); security protocols -> 448e8a55f0c63487:Cloud Security Architecture (0.9751); regulatory frameworks (MAS, GDPR, PCI-DSS) -> 8c2f94683e1c2373:Developing skills in analysis, planning, and implementation of digital transformation and business restructuring (0.8425); Oracle -> 9c123081c6e65198:Analytical Skills for Digital Transformation (0.9564); MongoDB -> cb62eba40b93615e:Designing applications with MongoDB (0.9744); Cassandra -> 9c123081c6e65198:Analytical Skills for Digital Transformation (0.9347); MySQL -> 4611994bd0ab71de:MySQL Database Management System (1.0000)","customer onboarding -> customer onboarding ; context capability to apply customer onboarding in practical job tasks with correct tools, standards, and outcomes ; role Solution Architect ; Solution Architect Financial Services Digital Transformation IT Technologies Core Banking Transformation Data Lake Integration Cloud Migration Enterprise Architecture; loans -> loans ; context capability to apply loans in practical job tasks with correct tools, standards, and outcomes ; role Solution Architect ; Solution Architect Financial Services Digital Transformation IT Technologies Core Banking Transformation Data Lake Integration Cloud Migration Enterprise Architecture; compliance -> compliance ; context capability to apply compliance in practical job tasks with correct tools, standards, and outcomes ; role Solution Architect ; Solution Architect Financial Services Digital Transformation IT Technologies Core Banking Transformation Data Lake Integration Cloud Migration Enterprise Architecture; GCP -> GCP ; related google cloud platform cloud infrastructure ; related cloud infrastructure and deployment ; context capability to apply gcp in practical job tasks with correct tools, standards, and outcomes ; role Solution Architect ; Solution Architect Financial Services Digital Transformation IT Technologies Core Banking Transformation Data Lake Integration Cloud Migration Enterprise Architecture; AWS -> AWS ; related amazon web services cloud infrastructure ; related cloud infrastructure and deployment ; context capability to apply aws in practical job tasks with correct tools, standards, and outcomes ; role Solution Architect ; Solution Architect Financial Services Digital Transformation IT Technologies Core Banking Transformation Data Lake Integration Cloud Migration Enterprise Architecture; Kubernetes -> Kubernetes ; related container orchestration and scaling ; related cloud infrastructure and deployment ; context capability to apply kubernetes in practical job tasks with correct tools, standards, and outcomes ; role Solution Architect ; Solution Architect Financial Services Digital Transformation IT Technologies Core Banking Transformation Data Lake Integration Cloud Migration Enterprise Architecture; data governance -> data governance ; related data engineering and database systems ; related software engineering and programming ; context capability to apply data governance in practical job tasks with correct tools, standards, and outcomes ; role Solution Architect ; Solution Architect Financial Services Digital Transformation IT Technologies Core Banking Transformation Data Lake Integration Cloud Migration Enterprise Architecture; security protocols -> security protocols ; context capability to apply security protocols in practical job tasks with correct tools, standards, and outcomes ; role Solution Architect ; Solution Architect Financial Services Digital Transformation IT Technologies Core Banking Transformation Data Lake Integration Cloud Migration Enterprise Architecture; regulatory frameworks (MAS, GDPR, PCI-DSS) -> regulatory frameworks (MAS, GDPR, PCI-DSS) ; context capability to apply regulatory frameworks (mas, gdpr, pci-dss) in practical job tasks with correct tools, standards, and outcomes ; role Solution Architect ; Solution Architect Financial Services Digital Transformation IT Technologies Core Banking Transformation Data Lake Integration Cloud Migration Enterprise Architecture; Oracle -> Oracle ; context capability to apply oracle in practical job tasks with correct tools, standards, and outcomes ; role Solution Architect ; Solution Architect Financial Services Digital Transformation IT Technologies Core Banking Transformation Data Lake Integration Cloud Migration Enterprise Architecture; MongoDB -> MongoDB ; related nosql document database ; related data engineering and database systems ; related software engineering and programming ; context capability to apply mongodb in practical job tasks with correct tools, standards, and outcomes ; role Solution Architect ; Solution Architect Financial Services Digital Transformation IT Technologies Core Banking Transformation Data Lake Integration Cloud Migration Enterprise Architecture; Cassandra -> Cassandra ; context capability to apply cassandra in practical job tasks with correct tools, standards, and outcomes ; role Solution Architect ; Solution Architect Financial Services Digital Transformation IT Technologies Core Banking Transformation Data Lake Integration Cloud Migration Enterprise Architecture; MySQL -> MySQL ; related data engineering and database systems ; context capability to apply mysql in practical job tasks with correct tools, standards, and outcomes ; role Solution Architect ; Solution Architect Financial Services Digital Transformation IT Technologies Core Banking Transformation Data Lake Integration Cloud Migration Enterprise Architecture",13,3,0.0,0.0,0.0,1.0,1.0,1.0,1.0,0.0,1.0,2.0,1.0,"[0.9627, 0.7, 0.9207, 0.9828, 0.974, 0.9633, 0.7, 0.9751, 0.8425, 0.9564, 0.9744, 0.9347, 1.0]",0.9143538461538461,0.7,1.0,"customer onboarding -> customer onboarding ; context capability to apply customer onboarding in practical job tasks with correct tools, standards, and outcomes ; role Solution Architect ; Solution Architect Financial Services Digital Transformation IT Technologies Core Banking Transformation Data Lake Integration Cloud Migration Enterprise Architecture; loans -> loans ; context capability to apply loans in practical job tasks with correct tools, standards, and outcomes ; role Solution Architect ; Solution Architect Financial Services Digital Transformation IT Technologies Core Banking Transformation Data Lake Integration Cloud Migration Enterprise Architecture; compliance -> compliance ; context capability to apply compliance in practical job tasks with correct tools, standards, and outcomes ; role Solution Architect ; Solution Architect Financial Services Digital Transformation IT Technologies Core Banking Transformation Data Lake Integration Cloud Migration Enterprise Architecture; GCP -> GCP ; related google cloud platform cloud infrastructure ; related cloud infrastructure and deployment ; context capability to apply gcp in practical job tasks with correct tools, standards, and outcomes ; role Solution Architect ; Solution Architect Financial Services Digital Transformation IT Technologies Core Banking Transformation Data Lake Integration Cloud Migration Enterprise Architecture; AWS -> AWS ; related amazon web services cloud infrastructure ; related cloud infrastructure and deployment ; context capability to apply aws in practical job tasks with correct tools, standards, and outcomes ; role Solution Architect ; Solution Architect Financial Services Digital Transformation IT Technologies Core Banking Transformation Data Lake Integration Cloud Migration Enterprise Architecture; Kubernetes -> Kubernetes ; related container orchestration and scaling ; related cloud infrastructure and deployment ; context capability to apply kubernetes in practical job tasks with correct tools, standards, and outcomes ; role Solution Architect ; Solution Architect Financial Services Digital Transformation IT Technologies Core Banking Transformation Data Lake Integration Cloud Migration Enterprise Architecture; data governance -> data governance ; related data engineering and database systems ; related software engineering and programming ; context capability to apply data governance in practical job tasks with correct tools, standards, and outcomes ; role Solution Architect ; Solution Architect Financial Services Digital Transformation IT Technologies Core Banking Transformation Data Lake Integration Cloud Migration Enterprise Architecture; security protocols -> security protocols ; context capability to apply security protocols in practical job tasks with correct tools, standards, and outcomes ; role Solution Architect ; Solution Architect Financial Services Digital Transformation IT Technologies Core Banking Transformation Data Lake Integration Cloud Migration Enterprise Architecture; regulatory frameworks (MAS, GDPR, PCI-DSS) -> regulatory frameworks (MAS, GDPR, PCI-DSS) ; context capability to apply regulatory frameworks (mas, gdpr, pci-dss) in practical job tasks with correct tools, standards, and outcomes ; role Solution Architect ; Solution Architect Financial Services Digital Transformation IT Technologies Core Banking Transformation Data Lake Integration Cloud Migration Enterprise Architecture; Oracle -> Oracle ; context capability to apply oracle in practical job tasks with correct tools, standards, and outcomes ; role Solution Architect ; Solution Architect Financial Services Digital Transformation IT Technologies Core Banking Transformation Data Lake Integration Cloud Migration Enterprise Architecture; MongoDB -> MongoDB ; related nosql document database ; related data engineering and database systems ; related software engineering and programming ; context capability to apply mongodb in practical job tasks with correct tools, standards, and outcomes ; role Solution Architect ; Solution Architect Financial Services Digital Transformation IT Technologies Core Banking Transformation Data Lake Integration Cloud Migration Enterprise Architecture; Cassandra -> Cassandra ; context capability to apply cassandra in practical job tasks with correct tools, standards, and outcomes ; role Solution Architect ; Solution Architect Financial Services Digital Transformation IT Technologies Core Banking Transformation Data Lake Integration Cloud Migration Enterprise Architecture; MySQL -> MySQL ; related data engineering and database systems ; context capability to apply mysql in practical job tasks with correct tools, standards, and outcomes ; role Solution Architect ; Solution Architect Financial Services Digital Transformation IT Technologies Core Banking Transformation Data Lake Integration Cloud Migration Enterprise Architecture",12,13,13,4901,"['cloud_devops', 'software_data_ai', 'sales_marketing']",0.85-0.92
70,1,1,1,1,"deploying local and remote notifications; implementing in-app purchases; application quality management and release processes (App Store / Google Play, etc.); test code writing experience (Jest / React Native Testing Library, etc.); Biome",React Native Mobile App Development Engineer (Expo),"deploying local and remote notifications -> 4fd034811c0b16b8:Mobile Application Development (1.0000); implementing in-app purchases -> 4fd034811c0b16b8:Mobile Application Development (1.0000); application quality management and release processes (App Store / Google Play, etc.) -> 4fd034811c0b16b8:Mobile Application Development (1.0000); test code writing experience (Jest / React Native Testing Library, etc.) -> 4fd034811c0b16b8:Mobile Application Development (0.9120); Biome -> 4fd034811c0b16b8:Mobile Application Development (1.0000)","deploying local and remote notifications -> deploying local and remote notifications ; context capability to apply deploying local and remote notifications in practical job tasks with correct tools, standards, and outcomes ; role React Native Mobile App Development Engineer (Expo) ; React Native Expo TypeScript UI/UX mobile applications iOS Android multi-platform application development; implementing in-app purchases -> implementing in-app purchases ; context capability to apply implementing in-app purchases in practical job tasks with correct tools, standards, and outcomes ; role React Native Mobile App Development Engineer (Expo) ; React Native Expo TypeScript UI/UX mobile applications iOS Android multi-platform application development; application quality management and release processes (App Store / Google Play, etc.) -> application quality management and release processes (App Store / Google Play, etc.) ; related software engineering and programming ; context capability to apply application quality management and release processes (app store / google play, etc.) in practical job tasks with correct tools, standards, and outcomes ; role React Native Mobile App Development Engineer (Expo) ; React Native Expo TypeScript UI/UX mobile applications iOS Android multi-platform application development; test code writing experience (Jest / React Native Testing Library, etc.) -> test code writing experience (Jest / React Native Testing Library, etc.) ; context capability to apply test code writing experience (jest / react native testing library, etc.) in practical job tasks with correct tools, standards, and outcomes ; role React Native Mobile App Development Engineer (Expo) ; React Native Expo TypeScript UI/UX mobile applications iOS Android multi-platform application development; Biome -> Biome ; context capability to apply biome in practical job tasks with correct tools, standards, and outcomes ; role React Native Mobile App Development Engineer (Expo) ; React Native Expo TypeScript UI/UX mobile applications iOS Android multi-platform application development",5,2,1.0,1.0,1.0,1.0,0.0,0.0,0.0,0.0,1.0,2.0,1.0,"[1.0, 1.0, 1.0, 0.912, 1.0]",0.9823999999999999,0.912,1.0,"deploying local and remote notifications -> deploying local and remote notifications ; context capability to apply deploying local and remote notifications in practical job tasks with correct tools, standards, and outcomes ; role React Native Mobile App Development Engineer (Expo) ; React Native Expo TypeScript UI/UX mobile applications iOS Android multi-platform application development; implementing in-app purchases -> implementing in-app purchases ; context capability to apply implementing in-app purchases in practical job tasks with correct tools, standards, and outcomes ; role React Native Mobile App Development Engineer (Expo) ; React Native Expo TypeScript UI/UX mobile applications iOS Android multi-platform application development; application quality management and release processes (App Store / Google Play, etc.) -> application quality management and release processes (App Store / Google Play, etc.) ; related software engineering and programming ; context capability to apply application quality management and release processes (app store / google play, etc.) in practical job tasks with correct tools, standards, and outcomes ; role React Native Mobile App Development Engineer (Expo) ; React Native Expo TypeScript UI/UX mobile applications iOS Android multi-platform application development; test code writing experience (Jest / React Native Testing Library, etc.) -> test code writing experience (Jest / React Native Testing Library, etc.) ; context capability to apply test code writing experience (jest / react native testing library, etc.) in practical job tasks with correct tools, standards, and outcomes ; role React Native Mobile App Development Engineer (Expo) ; React Native Expo TypeScript UI/UX mobile applications iOS Android multi-platform application development; Biome -> Biome ; context capability to apply biome in practical job tasks with correct tools, standards, and outcomes ; role React Native Mobile App Development Engineer (Expo) ; React Native Expo TypeScript UI/UX mobile applications iOS Android multi-platform application development",1,5,5,2090,"['english_communication', 'ops_project_quality']",>=0.92
71,1,1,1,1,reactive programming; UI testing; modern mobile development landscape; Golang; Microservices; DevOps culture,Senior / Staff Mobile Engineer (iOS),reactive programming -> b83fa23e4bc91bc9:Apply basic programming techniques (0.9671); UI testing -> 0d6cd3ccd7000e1b:Apply testing techniques (0.9821); modern mobile development landscape -> 4fd034811c0b16b8:Mobile Application Development (1.0000); Golang -> 4fd034811c0b16b8:Mobile Application Development (0.8053); Microservices -> 4fd034811c0b16b8:Mobile Application Development (0.9431); DevOps culture -> 4fd034811c0b16b8:Mobile Application Development (0.8145),"reactive programming -> reactive programming ; context capability to apply reactive programming in practical job tasks with correct tools, standards, and outcomes ; role Senior / Staff Mobile Engineer (iOS) ; iOS Flutter Golang Microservices DevOps Agile Scrum Engineering culture; UI testing -> UI testing ; context capability to apply ui testing in practical job tasks with correct tools, standards, and outcomes ; role Senior / Staff Mobile Engineer (iOS) ; iOS Flutter Golang Microservices DevOps Agile Scrum Engineering culture; modern mobile development landscape -> modern mobile development landscape ; context capability to apply modern mobile development landscape in practical job tasks with correct tools, standards, and outcomes ; role Senior / Staff Mobile Engineer (iOS) ; iOS Flutter Golang Microservices DevOps Agile Scrum Engineering culture; Golang -> Golang ; related software engineering and programming ; context capability to apply golang in practical job tasks with correct tools, standards, and outcomes ; role Senior / Staff Mobile Engineer (iOS) ; iOS Flutter Golang Microservices DevOps Agile Scrum Engineering culture; Microservices -> Microservices ; context capability to apply microservices in practical job tasks with correct tools, standards, and outcomes ; role Senior / Staff Mobile Engineer (iOS) ; iOS Flutter Golang Microservices DevOps Agile Scrum Engineering culture; DevOps culture -> DevOps culture ; context capability to apply devops culture in practical job tasks with correct tools, standards, and outcomes ; role Senior / Staff Mobile Engineer (iOS) ; iOS Flutter Golang Microservices DevOps Agile Scrum Engineering culture",6,2,1.0,1.0,1.0,1.0,0.0,0.0,0.0,0.0,1.0,2.0,1.0,"[0.9671, 0.9821, 1.0, 0.8053, 0.9431, 0.8145]",0.9186833333333332,0.8053,1.0,"reactive programming -> reactive programming ; context capability to apply reactive programming in practical job tasks with correct tools, standards, and outcomes ; role Senior / Staff Mobile Engineer (iOS) ; iOS Flutter Golang Microservices DevOps Agile Scrum Engineering culture; UI testing -> UI testing ; context capability to apply ui testing in practical job tasks with correct tools, standards, and outcomes ; role Senior / Staff Mobile Engineer (iOS) ; iOS Flutter Golang Microservices DevOps Agile Scrum Engineering culture; modern mobile development landscape -> modern mobile development landscape ; context capability to apply modern mobile development landscape in practical job tasks with correct tools, standards, and outcomes ; role Senior / Staff Mobile Engineer (iOS) ; iOS Flutter Golang Microservices DevOps Agile Scrum Engineering culture; Golang -> Golang ; related software engineering and programming ; context capability to apply golang in practical job tasks with correct tools, standards, and outcomes ; role Senior / Staff Mobile Engineer (iOS) ; iOS Flutter Golang Microservices DevOps Agile Scrum Engineering culture; Microservices -> Microservices ; context capability to apply microservices in practical job tasks with correct tools, standards, and outcomes ; role Senior / Staff Mobile Engineer (iOS) ; iOS Flutter Golang Microservices DevOps Agile Scrum Engineering culture; DevOps culture -> DevOps culture ; context capability to apply devops culture in practical job tasks with correct tools, standards, and outcomes ; role Senior / Staff Mobile Engineer (iOS) ; iOS Flutter Golang Microservices DevOps Agile Scrum Engineering culture",1,6,6,1671,['cloud_devops'],0.85-0.92
72,1,1,1,1,C#; Playwright; performance testing techniques and tools,Senior Automation Tester,C# -> 4b351a323634f057:Using C# programming language in Visual Studio (0.9923); Playwright -> a19c6dd054f93a53:Software Testing (0.9697); performance testing techniques and tools -> 0d6cd3ccd7000e1b:Apply testing techniques (0.9671),"C# -> C# ; context capability to apply c# in practical job tasks with correct tools, standards, and outcomes ; role Senior Automation Tester ; Senior Automation Tester Endava Vietnam software testing automation testing Java JavaScript Python C#; Playwright -> Playwright ; context capability to apply playwright in practical job tasks with correct tools, standards, and outcomes ; role Senior Automation Tester ; Senior Automation Tester Endava Vietnam software testing automation testing Java JavaScript Python C#; performance testing techniques and tools -> performance testing techniques and tools ; context capability to apply performance testing techniques and tools in practical job tasks with correct tools, standards, and outcomes ; role Senior Automation Tester ; Senior Automation Tester Endava Vietnam software testing automation testing Java JavaScript Python C#",3,2,0.0,0.0,0.0,1.0,1.0,1.0,1.0,0.0,1.0,2.0,1.0,"[0.9923, 0.9697, 0.9671]",0.9763666666666667,0.9671,0.9923,"C# -> C# ; context capability to apply c# in practical job tasks with correct tools, standards, and outcomes ; role Senior Automation Tester ; Senior Automation Tester Endava Vietnam software testing automation testing Java JavaScript Python C#; Playwright -> Playwright ; context capability to apply playwright in practical job tasks with correct tools, standards, and outcomes ; role Senior Automation Tester ; Senior Automation Tester Endava Vietnam software testing automation testing Java JavaScript Python C#; performance testing techniques and tools -> performance testing techniques and tools ; context capability to apply performance testing techniques and tools in practical job tasks with correct tools, standards, and outcomes ; role Senior Automation Tester ; Senior Automation Tester Endava Vietnam software testing automation testing Java JavaScript Python C#",0,3,3,874,['other'],>=0.92
73,1,1,1,1,Vue.js; Unit test using Jest; Next.js; Performance-oriented development; Back-end development; AWS; Google Analytics,"Front End Developer (React, Typescript)",Vue.js -> bee590cd707e7172:JavaScript Programming (0.7955); Unit test using Jest -> bee590cd707e7172:JavaScript Programming (0.7000); Next.js -> ce877ea042597d23:Explaining front-end and back-end programming (0.9376); Performance-oriented development -> f88313c4e8cfe4de:Web Development Tools (0.8044); Back-end development -> ce877ea042597d23:Explaining front-end and back-end programming (0.9958); AWS -> cc975e69d79a6f6f:Cloud Concepts (0.8517); Google Analytics -> bee590cd707e7172:JavaScript Programming (0.8290),"Vue.js -> Vue.js ; context capability to apply vue.js in practical job tasks with correct tools, standards, and outcomes ; role Front End Developer (React, Typescript) ; Front-end Developer React TypeScript JavaScript Vue.js API State management Unit test; Unit test using Jest -> Unit test using Jest ; context capability to apply unit test using jest in practical job tasks with correct tools, standards, and outcomes ; role Front End Developer (React, Typescript) ; Front-end Developer React TypeScript JavaScript Vue.js API State management Unit test; Next.js -> Next.js ; context capability to apply next.js in practical job tasks with correct tools, standards, and outcomes ; role Front End Developer (React, Typescript) ; Front-end Developer React TypeScript JavaScript Vue.js API State management Unit test; Performance-oriented development -> Performance-oriented development ; context capability to apply performance-oriented development in practical job tasks with correct tools, standards, and outcomes ; role Front End Developer (React, Typescript) ; Front-end Developer React TypeScript JavaScript Vue.js API State management Unit test; Back-end development -> Back-end development ; context capability to apply back-end development in practical job tasks with correct tools, standards, and outcomes ; role Front End Developer (React, Typescript) ; Front-end Developer React TypeScript JavaScript Vue.js API State management Unit test; AWS -> AWS ; related amazon web services cloud infrastructure ; related cloud infrastructure and deployment ; context capability to apply aws in practical job tasks with correct tools, standards, and outcomes ; role Front End Developer (React, Typescript) ; Front-end Developer React TypeScript JavaScript Vue.js API State management Unit test; Google Analytics -> Google Analytics ; related data engineering and database systems ; related software engineering and programming ; context capability to apply google analytics in practical job tasks with correct tools, standards, and outcomes ; role Front End Developer (React, Typescript) ; Front-end Developer React TypeScript JavaScript Vue.js API State management Unit test",7,3,0.0,0.0,0.0,1.0,1.0,1.0,1.0,0.0,1.0,1.0,1.0,"[0.7955, 0.7, 0.9376, 0.8044, 0.9958, 0.8517, 0.829]",0.8448571428571429,0.7,0.9958,"Vue.js -> Vue.js ; context capability to apply vue.js in practical job tasks with correct tools, standards, and outcomes ; role Front End Developer (React, Typescript) ; Front-end Developer React TypeScript JavaScript Vue.js API State management Unit test; Unit test using Jest -> Unit test using Jest ; context capability to apply unit test using jest in practical job tasks with correct tools, standards, and outcomes ; role Front End Developer (React, Typescript) ; Front-end Developer React TypeScript JavaScript Vue.js API State management Unit test; Next.js -> Next.js ; context capability to apply next.js in practical job tasks with correct tools, standards, and outcomes ; role Front End Developer (React, Typescript) ; Front-end Developer React TypeScript JavaScript Vue.js API State management Unit test; Performance-oriented development -> Performance-oriented development ; context capability to apply performance-oriented development in practical job tasks with correct tools, standards, and outcomes ; role Front End Developer (React, Typescript) ; Front-end Developer React TypeScript JavaScript Vue.js API State management Unit test; Back-end development -> Back-end development ; context capability to apply back-end development in practical job tasks with correct tools, standards, and outcomes ; role Front End Developer (React, Typescript) ; Front-end Developer React TypeScript JavaScript Vue.js API State management Unit test; AWS -> AWS ; related amazon web services cloud infrastructure ; related cloud infrastructure and deployment ; context capability to apply aws in practical job tasks with correct tools, standards, and outcomes ; role Front End Developer (React, Typescript) ; Front-end Developer React TypeScript JavaScript Vue.js API State management Unit test; Google Analytics -> Google Analytics ; related data engineering and database systems ; related software engineering and programming ; context capability to apply google analytics in practical job tasks with correct tools, standards, and outcomes ; role Front End Developer (React, Typescript) ; Front-end Developer React TypeScript JavaScript Vue.js API State management Unit test",4,7,7,2175,['cloud_devops'],0.75-0.85
74,1,1,1,1,Fast accounting software,"Kế Toán Tổng Hợp - Ưu Tiên Mảng Xây Dựng - Từ 3 Năm Kinh Nghiệm - Thu Nhập Upto 20tr - Từ Liêm, Hà Nội",Fast accounting software -> 684be5d9399c8fe6:Accounting Software Skills (1.0000),"Fast accounting software -> Fast accounting software ; context capability to apply fast accounting software in practical job tasks with correct tools, standards, and outcomes ; role Kế Toán Tổng Hợp - Ưu Tiên Mảng Xây Dựng - Từ 3 Năm Kinh Nghiệm - Thu Nhập Upto 20tr - Từ Liêm, Hà Nội ; General Accounting Finance Accounting Software Construction Experience Tax Reports Budget Control",1,2,1.0,1.0,1.0,1.0,0.0,0.0,0.0,0.0,1.0,2.0,1.0,[1.0],1.0,1.0,1.0,"Fast accounting software -> Fast accounting software ; context capability to apply fast accounting software in practical job tasks with correct tools, standards, and outcomes ; role Kế Toán Tổng Hợp - Ưu Tiên Mảng Xây Dựng - Từ 3 Năm Kinh Nghiệm - Thu Nhập Upto 20tr - Từ Liêm, Hà Nội ; General Accounting Finance Accounting Software Construction Experience Tax Reports Budget Control",0,1,1,384,['finance_risk'],>=0.92
75,0,0,0,0,Financial models; Media coordination; Profit margin management,(Senior) Account Executive,Financial models -> 7d876ac2071a6694:Financial Management Systems (0.8604); Media coordination -> 673fe583a3ba41e6:Coordination and Management Skills (0.9333); Profit margin management -> 61025dda60d61757:Cost Management Tasks (0.8452),"Financial models -> Financial models ; related artificial intelligence and machine learning ; context capability to apply financial models in practical job tasks with correct tools, standards, and outcomes ; role (Senior) Account Executive ; senior account executive project management budgeting timeline skills financial models client services team coordination; Media coordination -> Media coordination ; context capability to apply media coordination in practical job tasks with correct tools, standards, and outcomes ; role (Senior) Account Executive ; senior account executive project management budgeting timeline skills financial models client services team coordination; Profit margin management -> Profit margin management ; context capability to apply profit margin management in practical job tasks with correct tools, standards, and outcomes ; role (Senior) Account Executive ; senior account executive project management budgeting timeline skills financial models client services team coordination",3,3,0.0,0.0,0.0,0.0,0.0,0.0,0.0,0.0,999.0,0.0,,"[0.8604, 0.9333, 0.8452]",0.8796333333333334,0.8452,0.9333,"Financial models -> Financial models ; related artificial intelligence and machine learning ; context capability to apply financial models in practical job tasks with correct tools, standards, and outcomes ; role (Senior) Account Executive ; senior account executive project management budgeting timeline skills financial models client services team coordination; Media coordination -> Media coordination ; context capability to apply media coordination in practical job tasks with correct tools, standards, and outcomes ; role (Senior) Account Executive ; senior account executive project management budgeting timeline skills financial models client services team coordination; Profit margin management -> Profit margin management ; context capability to apply profit margin management in practical job tasks with correct tools, standards, and outcomes ; role (Senior) Account Executive ; senior account executive project management budgeting timeline skills financial models client services team coordination",1,3,3,1010,"['finance_risk', 'sales_marketing']",0.85-0.92
78,1,1,1,1,Go; Kubernetes; Helm; Kafka; Cassandra; Zookeeper; Geode; Distributed systems,Cloud Developer (Go/Python/Bash + Cloud/Kubernetes),Go -> 70f0d3e18d498cc9:Google Colab (0.7000); Kubernetes -> cc975e69d79a6f6f:Cloud Concepts (0.9964); Helm -> a468720e1a5dc0cb:Cloud Service Analysis (0.9222); Kafka -> cc975e69d79a6f6f:Cloud Concepts (0.9690); Cassandra -> cc975e69d79a6f6f:Cloud Concepts (0.9864); Zookeeper -> cc975e69d79a6f6f:Cloud Concepts (0.9626); Geode -> cc975e69d79a6f6f:Cloud Concepts (0.9544); Distributed systems -> 81121f330a983b7f:Cloud computing (1.0000),"Go -> Go ; related software engineering and programming ; context capability to apply go in practical job tasks with correct tools, standards, and outcomes ; role Cloud Developer (Go/Python/Bash + Cloud/Kubernetes) ; Cloud Developer Go Python Bash scripting Docker Kubernetes Helm CI/CD pipelines; Kubernetes -> Kubernetes ; related container orchestration and scaling ; related cloud infrastructure and deployment ; context capability to apply kubernetes in practical job tasks with correct tools, standards, and outcomes ; role Cloud Developer (Go/Python/Bash + Cloud/Kubernetes) ; Cloud Developer Go Python Bash scripting Docker Kubernetes Helm CI/CD pipelines; Helm -> Helm ; context capability to apply helm in practical job tasks with correct tools, standards, and outcomes ; role Cloud Developer (Go/Python/Bash + Cloud/Kubernetes) ; Cloud Developer Go Python Bash scripting Docker Kubernetes Helm CI/CD pipelines; Kafka -> Kafka ; context capability to apply kafka in practical job tasks with correct tools, standards, and outcomes ; role Cloud Developer (Go/Python/Bash + Cloud/Kubernetes) ; Cloud Developer Go Python Bash scripting Docker Kubernetes Helm CI/CD pipelines; Cassandra -> Cassandra ; context capability to apply cassandra in practical job tasks with correct tools, standards, and outcomes ; role Cloud Developer (Go/Python/Bash + Cloud/Kubernetes) ; Cloud Developer Go Python Bash scripting Docker Kubernetes Helm CI/CD pipelines; Zookeeper -> Zookeeper ; context capability to apply zookeeper in practical job tasks with correct tools, standards, and outcomes ; role Cloud Developer (Go/Python/Bash + Cloud/Kubernetes) ; Cloud Developer Go Python Bash scripting Docker Kubernetes Helm CI/CD pipelines; Geode -> Geode ; context capability to apply geode in practical job tasks with correct tools, standards, and outcomes ; role Cloud Developer (Go/Python/Bash + Cloud/Kubernetes) ; Cloud Developer Go Python Bash scripting Docker Kubernetes Helm CI/CD pipelines; Distributed systems -> Distributed systems ; context capability to apply distributed systems in practical job tasks with correct tools, standards, and outcomes ; role Cloud Developer (Go/Python/Bash + Cloud/Kubernetes) ; Cloud Developer Go Python Bash scripting Docker Kubernetes Helm CI/CD pipelines",8,1,0.0,1.0,1.0,1.0,1.0,0.0,0.0,0.0,1.0,1.0,1.0,"[0.7, 0.9964, 0.9222, 0.969, 0.9864, 0.9626, 0.9544, 1.0]",0.9363750000000001,0.7,1.0,"Go -> Go ; related software engineering and programming ; context capability to apply go in practical job tasks with correct tools, standards, and outcomes ; role Cloud Developer (Go/Python/Bash + Cloud/Kubernetes) ; Cloud Developer Go Python Bash scripting Docker Kubernetes Helm CI/CD pipelines; Kubernetes -> Kubernetes ; related container orchestration and scaling ; related cloud infrastructure and deployment ; context capability to apply kubernetes in practical job tasks with correct tools, standards, and outcomes ; role Cloud Developer (Go/Python/Bash + Cloud/Kubernetes) ; Cloud Developer Go Python Bash scripting Docker Kubernetes Helm CI/CD pipelines; Helm -> Helm ; context capability to apply helm in practical job tasks with correct tools, standards, and outcomes ; role Cloud Developer (Go/Python/Bash + Cloud/Kubernetes) ; Cloud Developer Go Python Bash scripting Docker Kubernetes Helm CI/CD pipelines; Kafka -> Kafka ; context capability to apply kafka in practical job tasks with correct tools, standards, and outcomes ; role Cloud Developer (Go/Python/Bash + Cloud/Kubernetes) ; Cloud Developer Go Python Bash scripting Docker Kubernetes Helm CI/CD pipelines; Cassandra -> Cassandra ; context capability to apply cassandra in practical job tasks with correct tools, standards, and outcomes ; role Cloud Developer (Go/Python/Bash + Cloud/Kubernetes) ; Cloud Developer Go Python Bash scripting Docker Kubernetes Helm CI/CD pipelines; Zookeeper -> Zookeeper ; context capability to apply zookeeper in practical job tasks with correct tools, standards, and outcomes ; role Cloud Developer (Go/Python/Bash + Cloud/Kubernetes) ; Cloud Developer Go Python Bash scripting Docker Kubernetes Helm CI/CD pipelines; Geode -> Geode ; context capability to apply geode in practical job tasks with correct tools, standards, and outcomes ; role Cloud Developer (Go/Python/Bash + Cloud/Kubernetes) ; Cloud Developer Go Python Bash scripting Docker Kubernetes Helm CI/CD pipelines; Distributed systems -> Distributed systems ; context capability to apply distributed systems in practical job tasks with correct tools, standards, and outcomes ; role Cloud Developer (Go/Python/Bash + Cloud/Kubernetes) ; Cloud Developer Go Python Bash scripting Docker Kubernetes Helm CI/CD pipelines",3,8,8,2286,['cloud_devops'],>=0.92
79,0,0,0,0,Non-life Insurance Products; Sales Agent Training; Partner Relationship Management,"Phụ Trách Kinh Doanh, Bảo Hiểm Phi Nhân Thọ",Non-life Insurance Products -> 703afbde6bba8eb9:Customer Management in Insurance (0.8667); Sales Agent Training -> 04219a23329000ee:Sales Management (0.9325); Partner Relationship Management -> 703afbde6bba8eb9:Customer Management in Insurance (0.9601),"Non-life Insurance Products -> Non-life Insurance Products ; context capability to apply non-life insurance products in practical job tasks with correct tools, standards, and outcomes ; role Phụ Trách Kinh Doanh, Bảo Hiểm Phi Nhân Thọ ; sales executive non-life insurance team management customer service insurance products financial services B2C; Sales Agent Training -> Sales Agent Training ; related artificial intelligence and machine learning ; context capability to apply sales agent training in practical job tasks with correct tools, standards, and outcomes ; role Phụ Trách Kinh Doanh, Bảo Hiểm Phi Nhân Thọ ; sales executive non-life insurance team management customer service insurance products financial services B2C; Partner Relationship Management -> Partner Relationship Management ; context capability to apply partner relationship management in practical job tasks with correct tools, standards, and outcomes ; role Phụ Trách Kinh Doanh, Bảo Hiểm Phi Nhân Thọ ; sales executive non-life insurance team management customer service insurance products financial services B2C",3,2,0.0,0.0,1.0,1.0,0.0,0.0,-1.0,-1.0,999.0,0.0,,"[0.8667, 0.9325, 0.9601]",0.9197666666666665,0.8667,0.9601,"Non-life Insurance Products -> Non-life Insurance Products ; context capability to apply non-life insurance products in practical job tasks with correct tools, standards, and outcomes ; role Phụ Trách Kinh Doanh, Bảo Hiểm Phi Nhân Thọ ; sales executive non-life insurance team management customer service insurance products financial services B2C; Sales Agent Training -> Sales Agent Training ; related artificial intelligence and machine learning ; context capability to apply sales agent training in practical job tasks with correct tools, standards, and outcomes ; role Phụ Trách Kinh Doanh, Bảo Hiểm Phi Nhân Thọ ; sales executive non-life insurance team management customer service insurance products financial services B2C; Partner Relationship Management -> Partner Relationship Management ; context capability to apply partner relationship management in practical job tasks with correct tools, standards, and outcomes ; role Phụ Trách Kinh Doanh, Bảo Hiểm Phi Nhân Thọ ; sales executive non-life insurance team management customer service insurance products financial services B2C",1,3,3,1088,"['software_data_ai', 'finance_risk', 'sales_marketing']",0.85-0.92
84,1,1,1,1,Next.js; cross-browser compatibility; .NET Core APIs,Frontend Developer (Mobile),Next.js -> 4fd034811c0b16b8:Mobile Application Development (0.9453); cross-browser compatibility -> 4fd034811c0b16b8:Mobile Application Development (0.9819); .NET Core APIs -> ffefbf224777e24a:Applying .Net Programming to Specific Problems (0.9629),"Next.js -> Next.js ; context capability to apply next.js in practical job tasks with correct tools, standards, and outcomes ; role Frontend Developer (Mobile) ; frontend developer mobile Sales/Marketing/Services Full-time ReactJS HTML5 CSS3 JavaScript/TypeScript; cross-browser compatibility -> cross-browser compatibility ; context capability to apply cross-browser compatibility in practical job tasks with correct tools, standards, and outcomes ; role Frontend Developer (Mobile) ; frontend developer mobile Sales/Marketing/Services Full-time ReactJS HTML5 CSS3 JavaScript/TypeScript; .NET Core APIs -> .NET Core APIs ; capability net core apis ; context capability to apply .net core apis in practical job tasks with correct tools, standards, and outcomes ; role Frontend Developer (Mobile) ; frontend developer mobile Sales/Marketing/Services Full-time ReactJS HTML5 CSS3 JavaScript/TypeScript",3,3,0.0,1.0,1.0,1.0,1.0,0.0,0.0,0.0,1.0,2.0,1.0,"[0.9453, 0.9819, 0.9629]",0.9633666666666666,0.9453,0.9819,"Next.js -> Next.js ; context capability to apply next.js in practical job tasks with correct tools, standards, and outcomes ; role Frontend Developer (Mobile) ; frontend developer mobile Sales/Marketing/Services Full-time ReactJS HTML5 CSS3 JavaScript/TypeScript; cross-browser compatibility -> cross-browser compatibility ; context capability to apply cross-browser compatibility in practical job tasks with correct tools, standards, and outcomes ; role Frontend Developer (Mobile) ; frontend developer mobile Sales/Marketing/Services Full-time ReactJS HTML5 CSS3 JavaScript/TypeScript; .NET Core APIs -> .NET Core APIs ; capability net core apis ; context capability to apply .net core apis in practical job tasks with correct tools, standards, and outcomes ; role Frontend Developer (Mobile) ; frontend developer mobile Sales/Marketing/Services Full-time ReactJS HTML5 CSS3 JavaScript/TypeScript",0,3,3,898,['software_data_ai'],>=0.92
85,0,0,0,0,big data technology; NLP; LLM; VLM,Senior Machine Learning Engineer,big data technology -> d5f90597d244bc06:Proficient Computer Skills in Data Mining (0.7000); NLP -> fc76c565abf59081:Machine Learning Techniques (0.9882); LLM -> fc76c565abf59081:Machine Learning Techniques (0.9690); VLM -> fc76c565abf59081:Machine Learning Techniques (0.9756),"big data technology -> big data technology ; related data engineering and database systems ; context capability to apply big data technology in practical job tasks with correct tools, standards, and outcomes ; role Senior Machine Learning Engineer ; machine learning engineer data science AI use cases ride-hailing online food delivery data engineering data analytics business intelligence; NLP -> NLP ; related artificial intelligence and machine learning ; context capability to apply nlp in practical job tasks with correct tools, standards, and outcomes ; role Senior Machine Learning Engineer ; machine learning engineer data science AI use cases ride-hailing online food delivery data engineering data analytics business intelligence; LLM -> LLM ; related artificial intelligence and machine learning ; context capability to apply llm in practical job tasks with correct tools, standards, and outcomes ; role Senior Machine Learning Engineer ; machine learning engineer data science AI use cases ride-hailing online food delivery data engineering data analytics business intelligence; VLM -> VLM ; context capability to apply vlm in practical job tasks with correct tools, standards, and outcomes ; role Senior Machine Learning Engineer ; machine learning engineer data science AI use cases ride-hailing online food delivery data engineering data analytics business intelligence",4,2,0.0,0.0,0.0,1.0,0.0,0.0,0.0,-1.0,999.0,0.0,,"[0.7, 0.9882, 0.969, 0.9756]",0.9082,0.7,0.9882,"big data technology -> big data technology ; related data engineering and database systems ; context capability to apply big data technology in practical job tasks with correct tools, standards, and outcomes ; role Senior Machine Learning Engineer ; machine learning engineer data science AI use cases ride-hailing online food delivery data engineering data analytics business intelligence; NLP -> NLP ; related artificial intelligence and machine learning ; context capability to apply nlp in practical job tasks with correct tools, standards, and outcomes ; role Senior Machine Learning Engineer ; machine learning engineer data science AI use cases ride-hailing online food delivery data engineering data analytics business intelligence; LLM -> LLM ; related artificial intelligence and machine learning ; context capability to apply llm in practical job tasks with correct tools, standards, and outcomes ; role Senior Machine Learning Engineer ; machine learning engineer data science AI use cases ride-hailing online food delivery data engineering data analytics business intelligence; VLM -> VLM ; context capability to apply vlm in practical job tasks with correct tools, standards, and outcomes ; role Senior Machine Learning Engineer ; machine learning engineer data science AI use cases ride-hailing online food delivery data engineering data analytics business intelligence",3,4,4,1384,['software_data_ai'],0.85-0.92
87,0,0,0,0,FMEA; project-management-tools-JIRA,Process Quality Assurance (PQA),FMEA -> 5faaddd15cf75f09:Project Quality Assurance Techniques (0.9460); project-management-tools-JIRA -> 5faaddd15cf75f09:Project Quality Assurance Techniques (0.9963),"FMEA -> FMEA ; context capability to apply fmea in practical job tasks with correct tools, standards, and outcomes ; role Process Quality Assurance (PQA) ; Quality-Assurance Process-Quality-Assurance PQA ISO-9001 process-improvement-tools PDCA 5-Why FMEA; project-management-tools-JIRA -> project-management-tools-JIRA ; context capability to apply project-management-tools-jira in practical job tasks with correct tools, standards, and outcomes ; role Process Quality Assurance (PQA) ; Quality-Assurance Process-Quality-Assurance PQA ISO-9001 process-improvement-tools PDCA 5-Why FMEA",2,2,0.0,0.0,0.0,0.0,0.0,0.0,0.0,0.0,999.0,0.0,,"[0.946, 0.9963]",0.97115,0.946,0.9963,"FMEA -> FMEA ; context capability to apply fmea in practical job tasks with correct tools, standards, and outcomes ; role Process Quality Assurance (PQA) ; Quality-Assurance Process-Quality-Assurance PQA ISO-9001 process-improvement-tools PDCA 5-Why FMEA; project-management-tools-JIRA -> project-management-tools-JIRA ; context capability to apply project-management-tools-jira in practical job tasks with correct tools, standards, and outcomes ; role Process Quality Assurance (PQA) ; Quality-Assurance Process-Quality-Assurance PQA ISO-9001 process-improvement-tools PDCA 5-Why FMEA",0,2,2,585,['ops_project_quality'],>=0.92
90,0,0,1,1,Python; WordPress; Docker,"IT Comtor (PHP, Python, Laravel, WordPress, Japanese)",Python -> abf415901e538ca7:Python Programming Language (0.9667); WordPress -> 59a049c750394673:Web development using WordPress (0.9968); Docker -> f88313c4e8cfe4de:Web Development Tools (0.9004),"Python -> Python ; related python programming and scripting ; related software engineering and programming ; context capability to apply python in practical job tasks with correct tools, standards, and outcomes ; role IT Comtor (PHP, Python, Laravel, WordPress, Japanese) ; Japanese translation project management support IT specialization software engineering business analyst brse web development php; WordPress -> WordPress ; context capability to apply wordpress in practical job tasks with correct tools, standards, and outcomes ; role IT Comtor (PHP, Python, Laravel, WordPress, Japanese) ; Japanese translation project management support IT specialization software engineering business analyst brse web development php; Docker -> Docker ; related containerization and deployment ; related cloud infrastructure and deployment ; context capability to apply docker in practical job tasks with correct tools, standards, and outcomes ; role IT Comtor (PHP, Python, Laravel, WordPress, Japanese) ; Japanese translation project management support IT specialization software engineering business analyst brse web development php",3,2,0.0,0.0,0.0,0.0,0.0,0.0,1.0,1.0,5.0,2.0,0.2,"[0.9667, 0.9968, 0.9004]",0.9546333333333333,0.9004,0.9968,"Python -> Python ; related python programming and scripting ; related software engineering and programming ; context capability to apply python in practical job tasks with correct tools, standards, and outcomes ; role IT Comtor (PHP, Python, Laravel, WordPress, Japanese) ; Japanese translation project management support IT specialization software engineering business analyst brse web development php; WordPress -> WordPress ; context capability to apply wordpress in practical job tasks with correct tools, standards, and outcomes ; role IT Comtor (PHP, Python, Laravel, WordPress, Japanese) ; Japanese translation project management support IT specialization software engineering business analyst brse web development php; Docker -> Docker ; related containerization and deployment ; related cloud infrastructure and deployment ; context capability to apply docker in practical job tasks with correct tools, standards, and outcomes ; role IT Comtor (PHP, Python, Laravel, WordPress, Japanese) ; Japanese translation project management support IT specialization software engineering business analyst brse web development php",4,3,3,1127,"['cloud_devops', 'software_data_ai']",>=0.92
94,0,1,1,1,WordPress; Docker; Website development,Bridge Software Engineer (BrSE),WordPress -> 576473d6a73d7f55:WordPress (1.0000); Docker -> 1a717d62a78e8be9:Linux Distributions (0.7000); Website development -> 644020ef757e548a:E-commerce Website Development (0.9379),"WordPress -> WordPress ; context capability to apply wordpress in practical job tasks with correct tools, standards, and outcomes ; role Bridge Software Engineer (BrSE) ; IT Communicator BrSE Project Management PHP JavaScript HTML/CSS WordPress Git; Docker -> Docker ; related containerization and deployment ; related cloud infrastructure and deployment ; context capability to apply docker in practical job tasks with correct tools, standards, and outcomes ; role Bridge Software Engineer (BrSE) ; IT Communicator BrSE Project Management PHP JavaScript HTML/CSS WordPress Git; Website development -> Website development ; context capability to apply website development in practical job tasks with correct tools, standards, and outcomes ; role Bridge Software Engineer (BrSE) ; IT Communicator BrSE Project Management PHP JavaScript HTML/CSS WordPress Git",3,3,1.0,1.0,1.0,1.0,-1.0,0.0,0.0,0.0,2.0,2.0,0.5,"[1.0, 0.7, 0.9379]",0.8793000000000001,0.7,1.0,"WordPress -> WordPress ; context capability to apply wordpress in practical job tasks with correct tools, standards, and outcomes ; role Bridge Software Engineer (BrSE) ; IT Communicator BrSE Project Management PHP JavaScript HTML/CSS WordPress Git; Docker -> Docker ; related containerization and deployment ; related cloud infrastructure and deployment ; context capability to apply docker in practical job tasks with correct tools, standards, and outcomes ; role Bridge Software Engineer (BrSE) ; IT Communicator BrSE Project Management PHP JavaScript HTML/CSS WordPress Git; Website development -> Website development ; context capability to apply website development in practical job tasks with correct tools, standards, and outcomes ; role Bridge Software Engineer (BrSE) ; IT Communicator BrSE Project Management PHP JavaScript HTML/CSS WordPress Git",2,3,3,857,['cloud_devops'],0.85-0.92
95,1,1,1,1,ERP system experience; Corporate Income Tax (CIT) settlement,Chuyên Viên Kế Toán Thuế - Lương Cứng 10-13M,ERP system experience -> 4057db6b204273f6:Tax Authority Accounting (0.8917); Corporate Income Tax (CIT) settlement -> b2772cc34a579904:Corporate Income Tax (0.9543),"ERP system experience -> ERP system experience ; context capability to apply erp system experience in practical job tasks with correct tools, standards, and outcomes ; role Chuyên Viên Kế Toán Thuế - Lương Cứng 10-13M ; Accountant Tax specialist SME clients Comprehensive accounting services VAT declaration Corporate income tax Annual financial statements Customer focus; Corporate Income Tax (CIT) settlement -> Corporate Income Tax (CIT) settlement ; context capability to apply corporate income tax (cit) settlement in practical job tasks with correct tools, standards, and outcomes ; role Chuyên Viên Kế Toán Thuế - Lương Cứng 10-13M ; Accountant Tax specialist SME clients Comprehensive accounting services VAT declaration Corporate income tax Annual financial statements Customer focus",2,1,0.0,0.0,0.0,0.0,1.0,1.0,1.0,1.0,1.0,1.0,1.0,"[0.8917, 0.9543]",0.923,0.8917,0.9543,"ERP system experience -> ERP system experience ; context capability to apply erp system experience in practical job tasks with correct tools, standards, and outcomes ; role Chuyên Viên Kế Toán Thuế - Lương Cứng 10-13M ; Accountant Tax specialist SME clients Comprehensive accounting services VAT declaration Corporate income tax Annual financial statements Customer focus; Corporate Income Tax (CIT) settlement -> Corporate Income Tax (CIT) settlement ; context capability to apply corporate income tax (cit) settlement in practical job tasks with correct tools, standards, and outcomes ; role Chuyên Viên Kế Toán Thuế - Lương Cứng 10-13M ; Accountant Tax specialist SME clients Comprehensive accounting services VAT declaration Corporate income tax Annual financial statements Customer focus",0,2,2,792,['finance_risk'],>=0.92
98,1,1,1,1,cost management,Quản Lý Hành Chính,cost management -> 61025dda60d61757:Cost Management Tasks (1.0000),"cost management -> cost management ; context capability to apply cost management in practical job tasks with correct tools, standards, and outcomes ; role Quản Lý Hành Chính ; Administrative Management Legal Advice Project Coordination Office Operations Cost Forecasting",1,1,1.0,1.0,1.0,1.0,0.0,0.0,0.0,0.0,1.0,1.0,1.0,[1.0],1.0,1.0,1.0,"cost management -> cost management ; context capability to apply cost management in practical job tasks with correct tools, standards, and outcomes ; role Quản Lý Hành Chính ; Administrative Management Legal Advice Project Coordination Office Operations Cost Forecasting",0,1,1,270,['other'],>=0.92
99,1,1,1,1,Python; C#; performance testing techniques and tools,Senior Automation Tester,Python -> abf415901e538ca7:Python Programming Language (0.9667); C# -> 4b351a323634f057:Using C# programming language in Visual Studio (0.9918); performance testing techniques and tools -> 0d6cd3ccd7000e1b:Apply testing techniques (0.9627),"Python -> Python ; related python programming and scripting ; related software engineering and programming ; context capability to apply python in practical job tasks with correct tools, standards, and outcomes ; role Senior Automation Tester ; Senior Automation Tester Endava Vietnam software testing automation frameworks Java JavaScript Python C#; C# -> C# ; context capability to apply c# in practical job tasks with correct tools, standards, and outcomes ; role Senior Automation Tester ; Senior Automation Tester Endava Vietnam software testing automation frameworks Java JavaScript Python C#; performance testing techniques and tools -> performance testing techniques and tools ; context capability to apply performance testing techniques and tools in practical job tasks with correct tools, standards, and outcomes ; role Senior Automation Tester ; Senior Automation Tester Endava Vietnam software testing automation frameworks Java JavaScript Python C#",3,3,0.0,0.0,0.0,0.0,1.0,1.0,1.0,1.0,1.0,3.0,1.0,"[0.9667, 0.9918, 0.9627]",0.9737333333333332,0.9627,0.9918,"Python -> Python ; related python programming and scripting ; related software engineering and programming ; context capability to apply python in practical job tasks with correct tools, standards, and outcomes ; role Senior Automation Tester ; Senior Automation Tester Endava Vietnam software testing automation frameworks Java JavaScript Python C#; C# -> C# ; context capability to apply c# in practical job tasks with correct tools, standards, and outcomes ; role Senior Automation Tester ; Senior Automation Tester Endava Vietnam software testing automation frameworks Java JavaScript Python C#; performance testing techniques and tools -> performance testing techniques and tools ; context capability to apply performance testing techniques and tools in practical job tasks with correct tools, standards, and outcomes ; role Senior Automation Tester ; Senior Automation Tester Endava Vietnam software testing automation frameworks Java JavaScript Python C#",2,3,3,961,['software_data_ai'],>=0.92
100,1,1,1,1,SOAP; Flutter; Android; cloud services; background communication,IOS Native,SOAP -> db27b691e112b3f3:SOAP Service Development (1.0000); Flutter -> 4fd034811c0b16b8:Mobile Application Development (1.0000); Android -> 4fd034811c0b16b8:Mobile Application Development (1.0000); cloud services -> 81121f330a983b7f:Cloud computing (1.0000); background communication -> 4fd034811c0b16b8:Mobile Application Development (0.9499),"SOAP -> SOAP ; context capability to apply soap in practical job tasks with correct tools, standards, and outcomes ; role IOS Native ; iOS developer iOS applications mobile development Swift XML JSON REST SOAP; Flutter -> Flutter ; context capability to apply flutter in practical job tasks with correct tools, standards, and outcomes ; role IOS Native ; iOS developer iOS applications mobile development Swift XML JSON REST SOAP; Android -> Android ; context capability to apply android in practical job tasks with correct tools, standards, and outcomes ; role IOS Native ; iOS developer iOS applications mobile development Swift XML JSON REST SOAP; cloud services -> cloud services ; related cloud infrastructure and services ; related cloud infrastructure and deployment ; context capability to apply cloud services in practical job tasks with correct tools, standards, and outcomes ; role IOS Native ; iOS developer iOS applications mobile development Swift XML JSON REST SOAP; background communication -> background communication ; context capability to apply background communication in practical job tasks with correct tools, standards, and outcomes ; role IOS Native ; iOS developer iOS applications mobile development Swift XML JSON REST SOAP",5,2,0.0,0.0,0.0,0.0,1.0,1.0,1.0,1.0,1.0,2.0,1.0,"[1.0, 1.0, 1.0, 1.0, 0.9499]",0.9899799999999999,0.9499,1.0,"SOAP -> SOAP ; context capability to apply soap in practical job tasks with correct tools, standards, and outcomes ; role IOS Native ; iOS developer iOS applications mobile development Swift XML JSON REST SOAP; Flutter -> Flutter ; context capability to apply flutter in practical job tasks with correct tools, standards, and outcomes ; role IOS Native ; iOS developer iOS applications mobile development Swift XML JSON REST SOAP; Android -> Android ; context capability to apply android in practical job tasks with correct tools, standards, and outcomes ; role IOS Native ; iOS developer iOS applications mobile development Swift XML JSON REST SOAP; cloud services -> cloud services ; related cloud infrastructure and services ; related cloud infrastructure and deployment ; context capability to apply cloud services in practical job tasks with correct tools, standards, and outcomes ; role IOS Native ; iOS developer iOS applications mobile development Swift XML JSON REST SOAP; background communication -> background communication ; context capability to apply background communication in practical job tasks with correct tools, standards, and outcomes ; role IOS Native ; iOS developer iOS applications mobile development Swift XML JSON REST SOAP",2,5,5,1251,"['cloud_devops', 'english_communication']",>=0.92
102,1,1,1,1,Redmine; Chrome DevTools; Selenium; Appium,"QA/QC Engineer (Unit Test, Integration Test)",Redmine -> 7209ac90fac75884:Automated Testing Techniques (0.9866); Chrome DevTools -> 7209ac90fac75884:Automated Testing Techniques (0.9828); Selenium -> 7209ac90fac75884:Automated Testing Techniques (0.9866); Appium -> 7209ac90fac75884:Automated Testing Techniques (0.9375),"Redmine -> Redmine ; context capability to apply redmine in practical job tasks with correct tools, standards, and outcomes ; role QA/QC Engineer (Unit Test, Integration Test) ; QA Engineer Project Progress Management Automated Testing Implementation and Operation Quality Assurance Web and Mobile Applications Software Development Processes Testing Phases Issue Management Tools; Chrome DevTools -> Chrome DevTools ; context capability to apply chrome devtools in practical job tasks with correct tools, standards, and outcomes ; role QA/QC Engineer (Unit Test, Integration Test) ; QA Engineer Project Progress Management Automated Testing Implementation and Operation Quality Assurance Web and Mobile Applications Software Development Processes Testing Phases Issue Management Tools; Selenium -> Selenium ; context capability to apply selenium in practical job tasks with correct tools, standards, and outcomes ; role QA/QC Engineer (Unit Test, Integration Test) ; QA Engineer Project Progress Management Automated Testing Implementation and Operation Quality Assurance Web and Mobile Applications Software Development Processes Testing Phases Issue Management Tools; Appium -> Appium ; context capability to apply appium in practical job tasks with correct tools, standards, and outcomes ; role QA/QC Engineer (Unit Test, Integration Test) ; QA Engineer Project Progress Management Automated Testing Implementation and Operation Quality Assurance Web and Mobile Applications Software Development Processes Testing Phases Issue Management Tools",4,4,0.0,0.0,0.0,1.0,1.0,1.0,1.0,0.0,1.0,2.0,1.0,"[0.9866, 0.9828, 0.9866, 0.9375]",0.973375,0.9375,0.9866,"Redmine -> Redmine ; context capability to apply redmine in practical job tasks with correct tools, standards, and outcomes ; role QA/QC Engineer (Unit Test, Integration Test) ; QA Engineer Project Progress Management Automated Testing Implementation and Operation Quality Assurance Web and Mobile Applications Software Development Processes Testing Phases Issue Management Tools; Chrome DevTools -> Chrome DevTools ; context capability to apply chrome devtools in practical job tasks with correct tools, standards, and outcomes ; role QA/QC Engineer (Unit Test, Integration Test) ; QA Engineer Project Progress Management Automated Testing Implementation and Operation Quality Assurance Web and Mobile Applications Software Development Processes Testing Phases Issue Management Tools; Selenium -> Selenium ; context capability to apply selenium in practical job tasks with correct tools, standards, and outcomes ; role QA/QC Engineer (Unit Test, Integration Test) ; QA Engineer Project Progress Management Automated Testing Implementation and Operation Quality Assurance Web and Mobile Applications Software Development Processes Testing Phases Issue Management Tools; Appium -> Appium ; context capability to apply appium in practical job tasks with correct tools, standards, and outcomes ; role QA/QC Engineer (Unit Test, Integration Test) ; QA Engineer Project Progress Management Automated Testing Implementation and Operation Quality Assurance Web and Mobile Applications Software Development Processes Testing Phases Issue Management Tools",0,4,4,1546,['other'],>=0.92
103,1,1,1,1,GCP; Azure; MariaDB; Oracle; Change management; Performance tuning,Data Engineer (DBA),GCP -> cc975e69d79a6f6f:Cloud Concepts (1.0000); Azure -> cc975e69d79a6f6f:Cloud Concepts (0.9426); MariaDB -> 4611994bd0ab71de:MySQL Database Management System (0.7000); Oracle -> eb348dd1755b7668:Database Model Understanding (0.7000); Change management -> 7be96c1162c0c7bc:Change Management (0.9879); Performance tuning -> 5d57ce1486de6dd2:Performance Evaluation Techniques (0.8573),"GCP -> GCP ; related google cloud platform cloud infrastructure ; related cloud infrastructure and deployment ; context capability to apply gcp in practical job tasks with correct tools, standards, and outcomes ; role Data Engineer (DBA) ; Data Engineer DBA AWS GCP Azure SQL MySQL MariaDB; Azure -> Azure ; related microsoft azure cloud infrastructure ; related cloud infrastructure and deployment ; context capability to apply azure in practical job tasks with correct tools, standards, and outcomes ; role Data Engineer (DBA) ; Data Engineer DBA AWS GCP Azure SQL MySQL MariaDB; MariaDB -> MariaDB ; context capability to apply mariadb in practical job tasks with correct tools, standards, and outcomes ; role Data Engineer (DBA) ; Data Engineer DBA AWS GCP Azure SQL MySQL MariaDB; Oracle -> Oracle ; context capability to apply oracle in practical job tasks with correct tools, standards, and outcomes ; role Data Engineer (DBA) ; Data Engineer DBA AWS GCP Azure SQL MySQL MariaDB; Change management -> Change management ; context capability to apply change management in practical job tasks with correct tools, standards, and outcomes ; role Data Engineer (DBA) ; Data Engineer DBA AWS GCP Azure SQL MySQL MariaDB; Performance tuning -> Performance tuning ; context capability to apply performance tuning in practical job tasks with correct tools, standards, and outcomes ; role Data Engineer (DBA) ; Data Engineer DBA AWS GCP Azure SQL MySQL MariaDB",6,2,0.0,0.0,0.0,1.0,1.0,1.0,1.0,0.0,1.0,1.0,1.0,"[1.0, 0.9426, 0.7, 0.7, 0.9879, 0.8573]",0.8646333333333333,0.7,1.0,"GCP -> GCP ; related google cloud platform cloud infrastructure ; related cloud infrastructure and deployment ; context capability to apply gcp in practical job tasks with correct tools, standards, and outcomes ; role Data Engineer (DBA) ; Data Engineer DBA AWS GCP Azure SQL MySQL MariaDB; Azure -> Azure ; related microsoft azure cloud infrastructure ; related cloud infrastructure and deployment ; context capability to apply azure in practical job tasks with correct tools, standards, and outcomes ; role Data Engineer (DBA) ; Data Engineer DBA AWS GCP Azure SQL MySQL MariaDB; MariaDB -> MariaDB ; context capability to apply mariadb in practical job tasks with correct tools, standards, and outcomes ; role Data Engineer (DBA) ; Data Engineer DBA AWS GCP Azure SQL MySQL MariaDB; Oracle -> Oracle ; context capability to apply oracle in practical job tasks with correct tools, standards, and outcomes ; role Data Engineer (DBA) ; Data Engineer DBA AWS GCP Azure SQL MySQL MariaDB; Change management -> Change management ; context capability to apply change management in practical job tasks with correct tools, standards, and outcomes ; role Data Engineer (DBA) ; Data Engineer DBA AWS GCP Azure SQL MySQL MariaDB; Performance tuning -> Performance tuning ; context capability to apply performance tuning in practical job tasks with correct tools, standards, and outcomes ; role Data Engineer (DBA) ; Data Engineer DBA AWS GCP Azure SQL MySQL MariaDB",4,6,6,1456,['cloud_devops'],0.85-0.92
106,1,1,1,1,Google Cloud Deployment Manager; Cloud SDK; Python; Go,Cloud System Engineer (GCP),Google Cloud Deployment Manager -> 81121f330a983b7f:Cloud computing (0.9757); Cloud SDK -> cc975e69d79a6f6f:Cloud Concepts (1.0000); Python -> c44d9221d54651ad:Python Programming (0.9675); Go -> a468720e1a5dc0cb:Cloud Service Analysis (0.9204),"Google Cloud Deployment Manager -> Google Cloud Deployment Manager ; related cloud infrastructure and services ; related cloud infrastructure and deployment ; related software engineering and programming ; context capability to apply google cloud deployment manager in practical job tasks with correct tools, standards, and outcomes ; role Cloud System Engineer (GCP) ; Cloud System Engineer GCP System Administration Cloud Administrator Terraform Google Cloud Deployment Manager Bash Python; Cloud SDK -> Cloud SDK ; related cloud infrastructure and services ; related cloud infrastructure and deployment ; context capability to apply cloud sdk in practical job tasks with correct tools, standards, and outcomes ; role Cloud System Engineer (GCP) ; Cloud System Engineer GCP System Administration Cloud Administrator Terraform Google Cloud Deployment Manager Bash Python; Python -> Python ; related python programming and scripting ; related software engineering and programming ; context capability to apply python in practical job tasks with correct tools, standards, and outcomes ; role Cloud System Engineer (GCP) ; Cloud System Engineer GCP System Administration Cloud Administrator Terraform Google Cloud Deployment Manager Bash Python; Go -> Go ; related software engineering and programming ; context capability to apply go in practical job tasks with correct tools, standards, and outcomes ; role Cloud System Engineer (GCP) ; Cloud System Engineer GCP System Administration Cloud Administrator Terraform Google Cloud Deployment Manager Bash Python",4,2,0.0,1.0,1.0,1.0,1.0,0.0,0.0,0.0,1.0,2.0,1.0,"[0.9757, 1.0, 0.9675, 0.9204]",0.9659,0.9204,1.0,"Google Cloud Deployment Manager -> Google Cloud Deployment Manager ; related cloud infrastructure and services ; related cloud infrastructure and deployment ; related software engineering and programming ; context capability to apply google cloud deployment manager in practical job tasks with correct tools, standards, and outcomes ; role Cloud System Engineer (GCP) ; Cloud System Engineer GCP System Administration Cloud Administrator Terraform Google Cloud Deployment Manager Bash Python; Cloud SDK -> Cloud SDK ; related cloud infrastructure and services ; related cloud infrastructure and deployment ; context capability to apply cloud sdk in practical job tasks with correct tools, standards, and outcomes ; role Cloud System Engineer (GCP) ; Cloud System Engineer GCP System Administration Cloud Administrator Terraform Google Cloud Deployment Manager Bash Python; Python -> Python ; related python programming and scripting ; related software engineering and programming ; context capability to apply python in practical job tasks with correct tools, standards, and outcomes ; role Cloud System Engineer (GCP) ; Cloud System Engineer GCP System Administration Cloud Administrator Terraform Google Cloud Deployment Manager Bash Python; Go -> Go ; related software engineering and programming ; context capability to apply go in practical job tasks with correct tools, standards, and outcomes ; role Cloud System Engineer (GCP) ; Cloud System Engineer GCP System Administration Cloud Administrator Terraform Google Cloud Deployment Manager Bash Python",8,4,4,1558,"['cloud_devops', 'software_data_ai']",>=0.92
108,1,1,1,1,unit tests; test automation; AI development,Fullstack Developer (PHP),unit tests -> 168548022551fcd0:Mastering web development tools (0.8058); test automation -> 168548022551fcd0:Mastering web development tools (0.7836); AI development -> 50779cd6819806ac:Research and develop AI applications (0.9714),"unit tests -> unit tests ; context capability to apply unit tests in practical job tasks with correct tools, standards, and outcomes ; role Fullstack Developer (PHP) ; fullstack developer PHP web application development AI test automation API documentation unit tests code review; test automation -> test automation ; context capability to apply test automation in practical job tasks with correct tools, standards, and outcomes ; role Fullstack Developer (PHP) ; fullstack developer PHP web application development AI test automation API documentation unit tests code review; AI development -> AI development ; related artificial intelligence and machine learning ; context capability to apply ai development in practical job tasks with correct tools, standards, and outcomes ; role Fullstack Developer (PHP) ; fullstack developer PHP web application development AI test automation API documentation unit tests code review",3,2,0.0,0.0,1.0,1.0,1.0,1.0,0.0,0.0,1.0,2.0,1.0,"[0.8058, 0.7836, 0.9714]",0.8536,0.7836,0.9714,"unit tests -> unit tests ; context capability to apply unit tests in practical job tasks with correct tools, standards, and outcomes ; role Fullstack Developer (PHP) ; fullstack developer PHP web application development AI test automation API documentation unit tests code review; test automation -> test automation ; context capability to apply test automation in practical job tasks with correct tools, standards, and outcomes ; role Fullstack Developer (PHP) ; fullstack developer PHP web application development AI test automation API documentation unit tests code review; AI development -> AI development ; related artificial intelligence and machine learning ; context capability to apply ai development in practical job tasks with correct tools, standards, and outcomes ; role Fullstack Developer (PHP) ; fullstack developer PHP web application development AI test automation API documentation unit tests code review",1,3,3,923,['software_data_ai'],0.85-0.92
121,0,1,1,1,"Modern architectural styles (microservices, cloud-based, micro-kernel); Design patterns (SOLID, GoF, MVVM); CI/CD tools and practices; Oracle; MS SQL",Senior Java Backend Developer (Spring),"Modern architectural styles (microservices, cloud-based, micro-kernel) -> 81121f330a983b7f:Cloud computing (1.0000); Design patterns (SOLID, GoF, MVVM) -> 0bcc7664f42fa9b3:Cloud Security Design Patterns (0.9531); CI/CD tools and practices -> 5bef10c36e70dd27:Development Environment Tools (0.8993); Oracle -> f680c529c103da4c:Describe the operation of software on a computer (0.8123); MS SQL -> 0903a2efa00ef879:SQL Database Management (0.9459)","Modern architectural styles (microservices, cloud-based, micro-kernel) -> Modern architectural styles (microservices, cloud-based, micro-kernel) ; related cloud infrastructure and deployment ; context capability to apply modern architectural styles (microservices, cloud-based, micro-kernel) in practical job tasks with correct tools, standards, and outcomes ; role Senior Java Backend Developer (Spring) ; Senior Java Backend Developer Spring Boot Java Agile microservices cloud-based CI/CD RESTful API; Design patterns (SOLID, GoF, MVVM) -> Design patterns (SOLID, GoF, MVVM) ; related software engineering and programming ; context capability to apply design patterns (solid, gof, mvvm) in practical job tasks with correct tools, standards, and outcomes ; role Senior Java Backend Developer (Spring) ; Senior Java Backend Developer Spring Boot Java Agile microservices cloud-based CI/CD RESTful API; CI/CD tools and practices -> CI/CD tools and practices ; context capability to apply ci/cd tools and practices in practical job tasks with correct tools, standards, and outcomes ; role Senior Java Backend Developer (Spring) ; Senior Java Backend Developer Spring Boot Java Agile microservices cloud-based CI/CD RESTful API; Oracle -> Oracle ; context capability to apply oracle in practical job tasks with correct tools, standards, and outcomes ; role Senior Java Backend Developer (Spring) ; Senior Java Backend Developer Spring Boot Java Agile microservices cloud-based CI/CD RESTful API; MS SQL -> MS SQL ; related structured query language database querying ; related data engineering and database systems ; context capability to apply ms sql in practical job tasks with correct tools, standards, and outcomes ; role Senior Java Backend Developer (Spring) ; Senior Java Backend Developer Spring Boot Java Agile microservices cloud-based CI/CD RESTful API",5,5,0.0,1.0,1.0,1.0,0.0,0.0,0.0,0.0,2.0,1.0,0.5,"[1.0, 0.9531, 0.8993, 0.8123, 0.9459]",0.9221199999999999,0.8123,1.0,"Modern architectural styles (microservices, cloud-based, micro-kernel) -> Modern architectural styles (microservices, cloud-based, micro-kernel) ; related cloud infrastructure and deployment ; context capability to apply modern architectural styles (microservices, cloud-based, micro-kernel) in practical job tasks with correct tools, standards, and outcomes ; role Senior Java Backend Developer (Spring) ; Senior Java Backend Developer Spring Boot Java Agile microservices cloud-based CI/CD RESTful API; Design patterns (SOLID, GoF, MVVM) -> Design patterns (SOLID, GoF, MVVM) ; related software engineering and programming ; context capability to apply design patterns (solid, gof, mvvm) in practical job tasks with correct tools, standards, and outcomes ; role Senior Java Backend Developer (Spring) ; Senior Java Backend Developer Spring Boot Java Agile microservices cloud-based CI/CD RESTful API; CI/CD tools and practices -> CI/CD tools and practices ; context capability to apply ci/cd tools and practices in practical job tasks with correct tools, standards, and outcomes ; role Senior Java Backend Developer (Spring) ; Senior Java Backend Developer Spring Boot Java Agile microservices cloud-based CI/CD RESTful API; Oracle -> Oracle ; context capability to apply oracle in practical job tasks with correct tools, standards, and outcomes ; role Senior Java Backend Developer (Spring) ; Senior Java Backend Developer Spring Boot Java Agile microservices cloud-based CI/CD RESTful API; MS SQL -> MS SQL ; related structured query language database querying ; related data engineering and database systems ; context capability to apply ms sql in practical job tasks with correct tools, standards, and outcomes ; role Senior Java Backend Developer (Spring) ; Senior Java Backend Developer Spring Boot Java Agile microservices cloud-based CI/CD RESTful API",4,5,5,1861,"['cloud_devops', 'software_data_ai']",>=0.92
125,0,0,1,1,secure coding practices; encryption standards,Mobile Developer (Flutter),secure coding practices -> 848414606213be5b:Secure Software Development Lifecycle (1.0000); encryption standards -> 4fd034811c0b16b8:Mobile Application Development (0.9888),"secure coding practices -> secure coding practices ; context capability to apply secure coding practices in practical job tasks with correct tools, standards, and outcomes ; role Mobile Developer (Flutter) ; Mobile Application Developer Flutter Dart secure coding RESTful APIs Git CI/CD Firebase; encryption standards -> encryption standards ; context capability to apply encryption standards in practical job tasks with correct tools, standards, and outcomes ; role Mobile Developer (Flutter) ; Mobile Application Developer Flutter Dart secure coding RESTful APIs Git CI/CD Firebase",2,2,0.0,1.0,1.0,1.0,0.0,-1.0,0.0,0.0,4.0,2.0,0.25,"[1.0, 0.9888]",0.9944,0.9888,1.0,"secure coding practices -> secure coding practices ; context capability to apply secure coding practices in practical job tasks with correct tools, standards, and outcomes ; role Mobile Developer (Flutter) ; Mobile Application Developer Flutter Dart secure coding RESTful APIs Git CI/CD Firebase; encryption standards -> encryption standards ; context capability to apply encryption standards in practical job tasks with correct tools, standards, and outcomes ; role Mobile Developer (Flutter) ; Mobile Application Developer Flutter Dart secure coding RESTful APIs Git CI/CD Firebase",0,2,2,583,['other'],>=0.92
136,0,0,0,0,English communication skills (average level),Nhân Viên Bán Hàng Trang Trí Nội Thất,English communication skills (average level) -> a81a2f7a070ca2eb:Applying sales skills in practical communication (1.0000),"English communication skills (average level) -> English communication skills (average level) ; context capability to apply english communication skills (average level) in practical job tasks with correct tools, standards, and outcomes ; role Nhân Viên Bán Hàng Trang Trí Nội Thất ; Advisor sales customer care phone calls social media in-store visits tracking shipments feedback/complaints",1,3,0.0,1.0,1.0,1.0,0.0,-1.0,-1.0,-1.0,999.0,0.0,,[1.0],1.0,1.0,1.0,"English communication skills (average level) -> English communication skills (average level) ; context capability to apply english communication skills (average level) in practical job tasks with correct tools, standards, and outcomes ; role Nhân Viên Bán Hàng Trang Trí Nội Thất ; Advisor sales customer care phone calls social media in-store visits tracking shipments feedback/complaints",0,1,1,389,['english_communication'],>=0.92
142,0,0,0,0,Data Analysis for Facebook Ad Campaigns,Nhân Viên Nuôi Tài Khoản Facebook Ads,Data Analysis for Facebook Ad Campaigns -> 33c76e0d14e7d564:Data Analysis Tools (0.9547),"Data Analysis for Facebook Ad Campaigns -> Data Analysis for Facebook Ad Campaigns ; related data engineering and database systems ; related artificial intelligence and machine learning ; context capability to apply data analysis for facebook ad campaigns in practical job tasks with correct tools, standards, and outcomes ; role Nhân Viên Nuôi Tài Khoản Facebook Ads ; Facebook Ads Account Manager Marketing Advertising B2B",1,2,0.0,0.0,1.0,1.0,0.0,0.0,-1.0,-1.0,999.0,0.0,,[0.9547],0.9547,0.9547,0.9547,"Data Analysis for Facebook Ad Campaigns -> Data Analysis for Facebook Ad Campaigns ; related data engineering and database systems ; related artificial intelligence and machine learning ; context capability to apply data analysis for facebook ad campaigns in practical job tasks with correct tools, standards, and outcomes ; role Nhân Viên Nuôi Tài Khoản Facebook Ads ; Facebook Ads Account Manager Marketing Advertising B2B",2,1,1,424,"['software_data_ai', 'sales_marketing']",>=0.92
149,0,1,1,1,Sketch; component; usability; accessibility; responsive design,Chuyên Viên Thiết Kế UX/UI (Lĩnh Vực Thời Trang Thể Thao Kamito),Sketch -> 1ca5deb77ac9c32f:Design Thinking (0.8757); component -> edc92882a411041f:Responsive Web Design (0.9536); usability -> edc92882a411041f:Responsive Web Design (0.9365); accessibility -> edc92882a411041f:Responsive Web Design (0.9615); responsive design -> edc92882a411041f:Responsive Web Design (1.0000),"Sketch -> Sketch ; context capability to apply sketch in practical job tasks with correct tools, standards, and outcomes ; role Chuyên Viên Thiết Kế UX/UI (Lĩnh Vực Thời Trang Thể Thao Kamito) ; UI/UX Design User Experience Research Wireframe Prototype Responsive Design; component -> component ; context capability to apply component in practical job tasks with correct tools, standards, and outcomes ; role Chuyên Viên Thiết Kế UX/UI (Lĩnh Vực Thời Trang Thể Thao Kamito) ; UI/UX Design User Experience Research Wireframe Prototype Responsive Design; usability -> usability ; context capability to apply usability in practical job tasks with correct tools, standards, and outcomes ; role Chuyên Viên Thiết Kế UX/UI (Lĩnh Vực Thời Trang Thể Thao Kamito) ; UI/UX Design User Experience Research Wireframe Prototype Responsive Design; accessibility -> accessibility ; context capability to apply accessibility in practical job tasks with correct tools, standards, and outcomes ; role Chuyên Viên Thiết Kế UX/UI (Lĩnh Vực Thời Trang Thể Thao Kamito) ; UI/UX Design User Experience Research Wireframe Prototype Responsive Design; responsive design -> responsive design ; context capability to apply responsive design in practical job tasks with correct tools, standards, and outcomes ; role Chuyên Viên Thiết Kế UX/UI (Lĩnh Vực Thời Trang Thể Thao Kamito) ; UI/UX Design User Experience Research Wireframe Prototype Responsive Design",5,1,0.0,0.0,0.0,1.0,0.0,1.0,1.0,0.0,2.0,1.0,0.5,"[0.8757, 0.9536, 0.9365, 0.9615, 1.0]",0.94546,0.8757,1.0,"Sketch -> Sketch ; context capability to apply sketch in practical job tasks with correct tools, standards, and outcomes ; role Chuyên Viên Thiết Kế UX/UI (Lĩnh Vực Thời Trang Thể Thao Kamito) ; UI/UX Design User Experience Research Wireframe Prototype Responsive Design; component -> component ; context capability to apply component in practical job tasks with correct tools, standards, and outcomes ; role Chuyên Viên Thiết Kế UX/UI (Lĩnh Vực Thời Trang Thể Thao Kamito) ; UI/UX Design User Experience Research Wireframe Prototype Responsive Design; usability -> usability ; context capability to apply usability in practical job tasks with correct tools, standards, and outcomes ; role Chuyên Viên Thiết Kế UX/UI (Lĩnh Vực Thời Trang Thể Thao Kamito) ; UI/UX Design User Experience Research Wireframe Prototype Responsive Design; accessibility -> accessibility ; context capability to apply accessibility in practical job tasks with correct tools, standards, and outcomes ; role Chuyên Viên Thiết Kế UX/UI (Lĩnh Vực Thời Trang Thể Thao Kamito) ; UI/UX Design User Experience Research Wireframe Prototype Responsive Design; responsive design -> responsive design ; context capability to apply responsive design in practical job tasks with correct tools, standards, and outcomes ; role Chuyên Viên Thiết Kế UX/UI (Lĩnh Vực Thời Trang Thể Thao Kamito) ; UI/UX Design User Experience Research Wireframe Prototype Responsive Design",0,5,5,1430,['ops_project_quality'],>=0.92
152,1,1,1,1,Corporate banking credit operations; Knowledge of CBRC rules; Commercial banking laws (MGA),Chuyên Viên Quan Hệ Khách Hàng Doanh Nghiệp - TP.HCM (Phỏng Vấn Trước Tết - Nhận Việc Sau Tết),Corporate banking credit operations -> bed622c72ddf016b:Banking Operations (0.9339); Knowledge of CBRC rules -> 9c6cda3ffab53231:International Banking Procedures (0.9339); Commercial banking laws (MGA) -> fcf035ac6e382ee8:Banking Operations Legal Framework (0.9400),"Corporate banking credit operations -> Corporate banking credit operations ; context capability to apply corporate banking credit operations in practical job tasks with correct tools, standards, and outcomes ; role Chuyên Viên Quan Hệ Khách Hàng Doanh Nghiệp - TP.HCM (Phỏng Vấn Trước Tết - Nhận Việc Sau Tết) ; Corporate Client Relationship Management Finance & Banking B2C Direct Sales credit application procedures banking credit operations; Knowledge of CBRC rules -> Knowledge of CBRC rules ; context capability to apply knowledge of cbrc rules in practical job tasks with correct tools, standards, and outcomes ; role Chuyên Viên Quan Hệ Khách Hàng Doanh Nghiệp - TP.HCM (Phỏng Vấn Trước Tết - Nhận Việc Sau Tết) ; Corporate Client Relationship Management Finance & Banking B2C Direct Sales credit application procedures banking credit operations; Commercial banking laws (MGA) -> Commercial banking laws (MGA) ; related cloud infrastructure and deployment ; context capability to apply commercial banking laws (mga) in practical job tasks with correct tools, standards, and outcomes ; role Chuyên Viên Quan Hệ Khách Hàng Doanh Nghiệp - TP.HCM (Phỏng Vấn Trước Tết - Nhận Việc Sau Tết) ; Corporate Client Relationship Management Finance & Banking B2C Direct Sales credit application procedures banking credit operations",3,3,1.0,1.0,1.0,1.0,0.0,0.0,0.0,0.0,1.0,3.0,1.0,"[0.9339, 0.9339, 0.94]",0.9359333333333333,0.9339,0.94,"Corporate banking credit operations -> Corporate banking credit operations ; context capability to apply corporate banking credit operations in practical job tasks with correct tools, standards, and outcomes ; role Chuyên Viên Quan Hệ Khách Hàng Doanh Nghiệp - TP.HCM (Phỏng Vấn Trước Tết - Nhận Việc Sau Tết) ; Corporate Client Relationship Management Finance & Banking B2C Direct Sales credit application procedures banking credit operations; Knowledge of CBRC rules -> Knowledge of CBRC rules ; context capability to apply knowledge of cbrc rules in practical job tasks with correct tools, standards, and outcomes ; role Chuyên Viên Quan Hệ Khách Hàng Doanh Nghiệp - TP.HCM (Phỏng Vấn Trước Tết - Nhận Việc Sau Tết) ; Corporate Client Relationship Management Finance & Banking B2C Direct Sales credit application procedures banking credit operations; Commercial banking laws (MGA) -> Commercial banking laws (MGA) ; related cloud infrastructure and deployment ; context capability to apply commercial banking laws (mga) in practical job tasks with correct tools, standards, and outcomes ; role Chuyên Viên Quan Hệ Khách Hàng Doanh Nghiệp - TP.HCM (Phỏng Vấn Trước Tết - Nhận Việc Sau Tết) ; Corporate Client Relationship Management Finance & Banking B2C Direct Sales credit application procedures banking credit operations",1,3,3,1325,"['cloud_devops', 'finance_risk']",>=0.92
153,0,0,1,1,accessibility; security-by-design principles; Fluent in English (written and oral),UX/UI Designer,accessibility -> edc92882a411041f:Responsive Web Design (0.8952); security-by-design principles -> 0bcc7664f42fa9b3:Cloud Security Design Patterns (0.9448); Fluent in English (written and oral) -> 16304e36d848eb58:Effective written and oral communication (1.0000),"accessibility -> accessibility ; context capability to apply accessibility in practical job tasks with correct tools, standards, and outcomes ; role UX/UI Designer ; UX/UI Designer premium web applications mobile applications user interfaces secure design usability testing component libraries design systems; security-by-design principles -> security-by-design principles ; context capability to apply security-by-design principles in practical job tasks with correct tools, standards, and outcomes ; role UX/UI Designer ; UX/UI Designer premium web applications mobile applications user interfaces secure design usability testing component libraries design systems; Fluent in English (written and oral) -> Fluent in English (written and oral) ; context capability to apply fluent in english (written and oral) in practical job tasks with correct tools, standards, and outcomes ; role UX/UI Designer ; UX/UI Designer premium web applications mobile applications user interfaces secure design usability testing component libraries design systems",3,4,0.0,1.0,1.0,1.0,0.0,-1.0,0.0,0.0,5.0,1.0,0.2,"[0.8952, 0.9448, 1.0]",0.9466666666666667,0.8952,1.0,"accessibility -> accessibility ; context capability to apply accessibility in practical job tasks with correct tools, standards, and outcomes ; role UX/UI Designer ; UX/UI Designer premium web applications mobile applications user interfaces secure design usability testing component libraries design systems; security-by-design principles -> security-by-design principles ; context capability to apply security-by-design principles in practical job tasks with correct tools, standards, and outcomes ; role UX/UI Designer ; UX/UI Designer premium web applications mobile applications user interfaces secure design usability testing component libraries design systems; Fluent in English (written and oral) -> Fluent in English (written and oral) ; context capability to apply fluent in english (written and oral) in practical job tasks with correct tools, standards, and outcomes ; role UX/UI Designer ; UX/UI Designer premium web applications mobile applications user interfaces secure design usability testing component libraries design systems",0,3,3,1045,"['english_communication', 'ops_project_quality']",>=0.92
155,0,0,0,0,E-learning product knowledge; English proficiency (IELTS 5.5 or equivalent),"Nhân Viên Tư Vấn Tuyển Sinh/ Telesale/ Sale Giáo Dục (NỮ, 23 - 31 Tuổi), Thu Nhập 18 - 30 Triệu++ Tại Hồ Chí Minh",E-learning product knowledge -> c86e672074813527:Application of E-commerce Knowledge (0.9524); English proficiency (IELTS 5.5 or equivalent) -> 31b1877e92748b4a:Legal English Proficiency (0.9496),"E-learning product knowledge -> E-learning product knowledge ; context capability to apply e-learning product knowledge in practical job tasks with correct tools, standards, and outcomes ; role Nhân Viên Tư Vấn Tuyển Sinh/ Telesale/ Sale Giáo Dục (NỮ, 23 - 31 Tuổi), Thu Nhập 18 - 30 Triệu++ Tại Hồ Chí Minh ; Education Consultant/Sales Representative female age-23-to-31 telesales-experience situation-handling e-learning-product-knowledge; English proficiency (IELTS 5.5 or equivalent) -> English proficiency (IELTS 5.5 or equivalent) ; context capability to apply english proficiency (ielts 5.5 or equivalent) in practical job tasks with correct tools, standards, and outcomes ; role Nhân Viên Tư Vấn Tuyển Sinh/ Telesale/ Sale Giáo Dục (NỮ, 23 - 31 Tuổi), Thu Nhập 18 - 30 Triệu++ Tại Hồ Chí Minh ; Education Consultant/Sales Representative female age-23-to-31 telesales-experience situation-handling e-learning-product-knowledge",2,2,0.0,1.0,1.0,1.0,0.0,-1.0,-1.0,-1.0,999.0,0.0,,"[0.9524, 0.9496]",0.9510000000000001,0.9496,0.9524,"E-learning product knowledge -> E-learning product knowledge ; context capability to apply e-learning product knowledge in practical job tasks with correct tools, standards, and outcomes ; role Nhân Viên Tư Vấn Tuyển Sinh/ Telesale/ Sale Giáo Dục (NỮ, 23 - 31 Tuổi), Thu Nhập 18 - 30 Triệu++ Tại Hồ Chí Minh ; Education Consultant/Sales Representative female age-23-to-31 telesales-experience situation-handling e-learning-product-knowledge; English proficiency (IELTS 5.5 or equivalent) -> English proficiency (IELTS 5.5 or equivalent) ; context capability to apply english proficiency (ielts 5.5 or equivalent) in practical job tasks with correct tools, standards, and outcomes ; role Nhân Viên Tư Vấn Tuyển Sinh/ Telesale/ Sale Giáo Dục (NỮ, 23 - 31 Tuổi), Thu Nhập 18 - 30 Triệu++ Tại Hồ Chí Minh ; Education Consultant/Sales Representative female age-23-to-31 telesales-experience situation-handling e-learning-product-knowledge",0,2,2,933,['english_communication'],>=0.92
156,0,1,1,1,Financial Analysis,Kế Toán Tổng Hợp,Financial Analysis -> 9e239a146216a2c5:Financial Reporting Systems (0.9773),"Financial Analysis -> Financial Analysis ; context capability to apply financial analysis in practical job tasks with correct tools, standards, and outcomes ; role Kế Toán Tổng Hợp ; Consolidated Accountant financial reporting taxation accounting systems general ledger receivables management",1,2,0.0,1.0,1.0,1.0,0.0,0.0,0.0,0.0,2.0,2.0,0.5,[0.9773],0.9773,0.9773,0.9773,"Financial Analysis -> Financial Analysis ; context capability to apply financial analysis in practical job tasks with correct tools, standards, and outcomes ; role Kế Toán Tổng Hợp ; Consolidated Accountant financial reporting taxation accounting systems general ledger receivables management",0,1,1,292,"['software_data_ai', 'finance_risk']",>=0.92
168,1,1,1,1,JavaScript; C#; Playwright,Automation Test Lead (QA QC/ Tester),JavaScript -> bee590cd707e7172:JavaScript Programming (1.0000); C# -> a19c6dd054f93a53:Software Testing (0.9143); Playwright -> a19c6dd054f93a53:Software Testing (0.9701),"JavaScript -> JavaScript ; related software engineering and programming ; context capability to apply javascript in practical job tasks with correct tools, standards, and outcomes ; role Automation Test Lead (QA QC/ Tester) ; Automation Test Lead QA/QC Tester Endava Vietnam testing automation testing Agile software quality; C# -> C# ; context capability to apply c# in practical job tasks with correct tools, standards, and outcomes ; role Automation Test Lead (QA QC/ Tester) ; Automation Test Lead QA/QC Tester Endava Vietnam testing automation testing Agile software quality; Playwright -> Playwright ; context capability to apply playwright in practical job tasks with correct tools, standards, and outcomes ; role Automation Test Lead (QA QC/ Tester) ; Automation Test Lead QA/QC Tester Endava Vietnam testing automation testing Agile software quality",3,3,0.0,0.0,0.0,1.0,1.0,1.0,1.0,0.0,1.0,3.0,1.0,"[1.0, 0.9143, 0.9701]",0.9614666666666666,0.9143,1.0,"JavaScript -> JavaScript ; related software engineering and programming ; context capability to apply javascript in practical job tasks with correct tools, standards, and outcomes ; role Automation Test Lead (QA QC/ Tester) ; Automation Test Lead QA/QC Tester Endava Vietnam testing automation testing Agile software quality; C# -> C# ; context capability to apply c# in practical job tasks with correct tools, standards, and outcomes ; role Automation Test Lead (QA QC/ Tester) ; Automation Test Lead QA/QC Tester Endava Vietnam testing automation testing Agile software quality; Playwright -> Playwright ; context capability to apply playwright in practical job tasks with correct tools, standards, and outcomes ; role Automation Test Lead (QA QC/ Tester) ; Automation Test Lead QA/QC Tester Endava Vietnam testing automation testing Agile software quality",1,3,3,858,['other'],>=0.92
170,1,1,1,1,Legal consultation; Urban planning knowledge; Feng shui consultation; Real estate investment analysis,Nhân Viên Kinh Doanh Dự Án Bất Động Sản Toàn Quốc (Không Yêu Cầu Kinh Nghiệm),Legal consultation -> 38803279f9545a90:Specialized Legal Consultation Skills (0.9700); Urban planning knowledge -> b06473ee3f2dc124:Planning skills for real estate management (0.9056); Feng shui consultation -> 3afc862807d873c3:Adaptability to real estate management situations (0.7920); Real estate investment analysis -> 4cea2bcf5bd6b1c0:Real Estate Investment Theories (0.9692),"Legal consultation -> Legal consultation ; context capability to apply legal consultation in practical job tasks with correct tools, standards, and outcomes ; role Nhân Viên Kinh Doanh Dự Án Bất Động Sản Toàn Quốc (Không Yêu Cầu Kinh Nghiệm) ; real estate sales property marketing Vietnamese developers Vingroup Sun Group MIK legal consultation network building; Urban planning knowledge -> Urban planning knowledge ; context capability to apply urban planning knowledge in practical job tasks with correct tools, standards, and outcomes ; role Nhân Viên Kinh Doanh Dự Án Bất Động Sản Toàn Quốc (Không Yêu Cầu Kinh Nghiệm) ; real estate sales property marketing Vietnamese developers Vingroup Sun Group MIK legal consultation network building; Feng shui consultation -> Feng shui consultation ; context capability to apply feng shui consultation in practical job tasks with correct tools, standards, and outcomes ; role Nhân Viên Kinh Doanh Dự Án Bất Động Sản Toàn Quốc (Không Yêu Cầu Kinh Nghiệm) ; real estate sales property marketing Vietnamese developers Vingroup Sun Group MIK legal consultation network building; Real estate investment analysis -> Real estate investment analysis ; context capability to apply real estate investment analysis in practical job tasks with correct tools, standards, and outcomes ; role Nhân Viên Kinh Doanh Dự Án Bất Động Sản Toàn Quốc (Không Yêu Cầu Kinh Nghiệm) ; real estate sales property marketing Vietnamese developers Vingroup Sun Group MIK legal consultation network building",4,4,0.0,0.0,0.0,1.0,1.0,1.0,1.0,0.0,1.0,2.0,1.0,"[0.97, 0.9056, 0.792, 0.9692]",0.9092,0.792,0.97,"Legal consultation -> Legal consultation ; context capability to apply legal consultation in practical job tasks with correct tools, standards, and outcomes ; role Nhân Viên Kinh Doanh Dự Án Bất Động Sản Toàn Quốc (Không Yêu Cầu Kinh Nghiệm) ; real estate sales property marketing Vietnamese developers Vingroup Sun Group MIK legal consultation network building; Urban planning knowledge -> Urban planning knowledge ; context capability to apply urban planning knowledge in practical job tasks with correct tools, standards, and outcomes ; role Nhân Viên Kinh Doanh Dự Án Bất Động Sản Toàn Quốc (Không Yêu Cầu Kinh Nghiệm) ; real estate sales property marketing Vietnamese developers Vingroup Sun Group MIK legal consultation network building; Feng shui consultation -> Feng shui consultation ; context capability to apply feng shui consultation in practical job tasks with correct tools, standards, and outcomes ; role Nhân Viên Kinh Doanh Dự Án Bất Động Sản Toàn Quốc (Không Yêu Cầu Kinh Nghiệm) ; real estate sales property marketing Vietnamese developers Vingroup Sun Group MIK legal consultation network building; Real estate investment analysis -> Real estate investment analysis ; context capability to apply real estate investment analysis in practical job tasks with correct tools, standards, and outcomes ; role Nhân Viên Kinh Doanh Dự Án Bất Động Sản Toàn Quốc (Không Yêu Cầu Kinh Nghiệm) ; real estate sales property marketing Vietnamese developers Vingroup Sun Group MIK legal consultation network building",0,4,4,1519,['software_data_ai'],0.85-0.92
171,0,0,0,0,credit operations; risk management; appraisal; valuation,Quản Lý Khách Hàng Cá Nhân (RM/SRM) - Thu Nhập Up To 30 Triệu/Tháng,credit operations -> d5cb99a045b2a05b:Credit Activities (0.9986); risk management -> b10590eaf9473450:Risk Management Application (0.8622); appraisal -> 310348cd2ca04b15:CRM analysis (0.7000); valuation -> 677f5ce272df26c3:Practical Application of Business Valuation Methods (0.9504),"credit operations -> credit operations ; context capability to apply credit operations in practical job tasks with correct tools, standards, and outcomes ; role Quản Lý Khách Hàng Cá Nhân (RM/SRM) - Thu Nhập Up To 30 Triệu/Tháng ; financial advisory banking finance sales customer service credit cards loans foreign exchange; risk management -> risk management ; context capability to apply risk management in practical job tasks with correct tools, standards, and outcomes ; role Quản Lý Khách Hàng Cá Nhân (RM/SRM) - Thu Nhập Up To 30 Triệu/Tháng ; financial advisory banking finance sales customer service credit cards loans foreign exchange; appraisal -> appraisal ; related artificial intelligence and machine learning ; context capability to apply appraisal in practical job tasks with correct tools, standards, and outcomes ; role Quản Lý Khách Hàng Cá Nhân (RM/SRM) - Thu Nhập Up To 30 Triệu/Tháng ; financial advisory banking finance sales customer service credit cards loans foreign exchange; valuation -> valuation ; context capability to apply valuation in practical job tasks with correct tools, standards, and outcomes ; role Quản Lý Khách Hàng Cá Nhân (RM/SRM) - Thu Nhập Up To 30 Triệu/Tháng ; financial advisory banking finance sales customer service credit cards loans foreign exchange",4,2,0.0,1.0,1.0,1.0,0.0,-1.0,-1.0,-1.0,999.0,0.0,,"[0.9986, 0.8622, 0.7, 0.9504]",0.8778,0.7,0.9986,"credit operations -> credit operations ; context capability to apply credit operations in practical job tasks with correct tools, standards, and outcomes ; role Quản Lý Khách Hàng Cá Nhân (RM/SRM) - Thu Nhập Up To 30 Triệu/Tháng ; financial advisory banking finance sales customer service credit cards loans foreign exchange; risk management -> risk management ; context capability to apply risk management in practical job tasks with correct tools, standards, and outcomes ; role Quản Lý Khách Hàng Cá Nhân (RM/SRM) - Thu Nhập Up To 30 Triệu/Tháng ; financial advisory banking finance sales customer service credit cards loans foreign exchange; appraisal -> appraisal ; related artificial intelligence and machine learning ; context capability to apply appraisal in practical job tasks with correct tools, standards, and outcomes ; role Quản Lý Khách Hàng Cá Nhân (RM/SRM) - Thu Nhập Up To 30 Triệu/Tháng ; financial advisory banking finance sales customer service credit cards loans foreign exchange; valuation -> valuation ; context capability to apply valuation in practical job tasks with correct tools, standards, and outcomes ; role Quản Lý Khách Hàng Cá Nhân (RM/SRM) - Thu Nhập Up To 30 Triệu/Tháng ; financial advisory banking finance sales customer service credit cards loans foreign exchange",1,4,4,1303,"['software_data_ai', 'finance_risk']",0.85-0.92
177,1,1,1,1,contracts negotiation; product promotion,Chuyên Viên Cao Cấp Phát Triển Kinh Doanh Bảo Hiểm,contracts negotiation -> 877cfa501371fa38:Negotiation skills for contracts (1.0000); product promotion -> d601809980a1dd29:Trade Sales Promotion Tools (0.9820),"contracts negotiation -> contracts negotiation ; related software engineering and programming ; context capability to apply contracts negotiation in practical job tasks with correct tools, standards, and outcomes ; role Chuyên Viên Cao Cấp Phát Triển Kinh Doanh Bảo Hiểm ; bancassurance insurance sales contracts negotiation product promotion training sessions cross-selling models KPIs incentives; product promotion -> product promotion ; context capability to apply product promotion in practical job tasks with correct tools, standards, and outcomes ; role Chuyên Viên Cao Cấp Phát Triển Kinh Doanh Bảo Hiểm ; bancassurance insurance sales contracts negotiation product promotion training sessions cross-selling models KPIs incentives",2,2,0.0,1.0,1.0,1.0,1.0,0.0,0.0,0.0,1.0,2.0,1.0,"[1.0, 0.982]",0.991,0.982,1.0,"contracts negotiation -> contracts negotiation ; related software engineering and programming ; context capability to apply contracts negotiation in practical job tasks with correct tools, standards, and outcomes ; role Chuyên Viên Cao Cấp Phát Triển Kinh Doanh Bảo Hiểm ; bancassurance insurance sales contracts negotiation product promotion training sessions cross-selling models KPIs incentives; product promotion -> product promotion ; context capability to apply product promotion in practical job tasks with correct tools, standards, and outcomes ; role Chuyên Viên Cao Cấp Phát Triển Kinh Doanh Bảo Hiểm ; bancassurance insurance sales contracts negotiation product promotion training sessions cross-selling models KPIs incentives",1,2,2,737,['other'],>=0.92
180,0,1,1,1,MongoDB; Kubernetes; GO,"Back End Developer (Java, MySQL, Spring)",MongoDB -> cb62eba40b93615e:Designing applications with MongoDB (0.9364); Kubernetes -> ca6980df86daa02e:Mastering web application technologies (0.7000); GO -> ce877ea042597d23:Explaining front-end and back-end programming (0.9955),"MongoDB -> MongoDB ; related nosql document database ; related data engineering and database systems ; related software engineering and programming ; context capability to apply mongodb in practical job tasks with correct tools, standards, and outcomes ; role Back End Developer (Java, MySQL, Spring) ; backend developer Java MySQL Spring Spring Boot REST API Git Jira; Kubernetes -> Kubernetes ; related container orchestration and scaling ; related cloud infrastructure and deployment ; context capability to apply kubernetes in practical job tasks with correct tools, standards, and outcomes ; role Back End Developer (Java, MySQL, Spring) ; backend developer Java MySQL Spring Spring Boot REST API Git Jira; GO -> GO ; related software engineering and programming ; context capability to apply go in practical job tasks with correct tools, standards, and outcomes ; role Back End Developer (Java, MySQL, Spring) ; backend developer Java MySQL Spring Spring Boot REST API Git Jira",3,2,1.0,1.0,1.0,1.0,-1.0,0.0,0.0,0.0,3.0,2.0,0.3333333333333333,"[0.9364, 0.7, 0.9955]",0.8773,0.7,0.9955,"MongoDB -> MongoDB ; related nosql document database ; related data engineering and database systems ; related software engineering and programming ; context capability to apply mongodb in practical job tasks with correct tools, standards, and outcomes ; role Back End Developer (Java, MySQL, Spring) ; backend developer Java MySQL Spring Spring Boot REST API Git Jira; Kubernetes -> Kubernetes ; related container orchestration and scaling ; related cloud infrastructure and deployment ; context capability to apply kubernetes in practical job tasks with correct tools, standards, and outcomes ; role Back End Developer (Java, MySQL, Spring) ; backend developer Java MySQL Spring Spring Boot REST API Git Jira; GO -> GO ; related software engineering and programming ; context capability to apply go in practical job tasks with correct tools, standards, and outcomes ; role Back End Developer (Java, MySQL, Spring) ; backend developer Java MySQL Spring Spring Boot REST API Git Jira",6,3,3,983,['cloud_devops'],0.85-0.92
181,1,1,1,1,Logistics; Fulfillment services,Sales Logistics (Không Yêu Cầu Kinh Nghiệm - Đào Tạo Bài Bản - Tuyển Toàn Quốc),Logistics -> 459e6de803b335ce:Understanding logistics management tasks (0.9910); Fulfillment services -> d2c7121b7bbbc5fe:Building feasible solutions and implementing e-logistics activities at enterprises (0.7000),"Logistics -> Logistics ; context capability to apply logistics in practical job tasks with correct tools, standards, and outcomes ; role Sales Logistics (Không Yêu Cầu Kinh Nghiệm - Đào Tạo Bài Bản - Tuyển Toàn Quốc) ; sales logistics negotiation customer relationship management fulfillment services delivery solutions; Fulfillment services -> Fulfillment services ; related artificial intelligence and machine learning ; context capability to apply fulfillment services in practical job tasks with correct tools, standards, and outcomes ; role Sales Logistics (Không Yêu Cầu Kinh Nghiệm - Đào Tạo Bài Bản - Tuyển Toàn Quốc) ; sales logistics negotiation customer relationship management fulfillment services delivery solutions",2,3,0.0,0.0,0.0,1.0,1.0,1.0,1.0,0.0,1.0,3.0,1.0,"[0.991, 0.7]",0.8454999999999999,0.7,0.991,"Logistics -> Logistics ; context capability to apply logistics in practical job tasks with correct tools, standards, and outcomes ; role Sales Logistics (Không Yêu Cầu Kinh Nghiệm - Đào Tạo Bài Bản - Tuyển Toàn Quốc) ; sales logistics negotiation customer relationship management fulfillment services delivery solutions; Fulfillment services -> Fulfillment services ; related artificial intelligence and machine learning ; context capability to apply fulfillment services in practical job tasks with correct tools, standards, and outcomes ; role Sales Logistics (Không Yêu Cầu Kinh Nghiệm - Đào Tạo Bài Bản - Tuyển Toàn Quốc) ; sales logistics negotiation customer relationship management fulfillment services delivery solutions",1,2,2,728,['software_data_ai'],0.75-0.85
188,0,0,0,0,Financial Analysis; Corporate accounting regulations,"Kế Toán Tổng Hợp (Thuế & Nội Bộ) Thu Nhập 10 – 20 Triệu - Mỹ Đình, Hà Nội",Financial Analysis -> 4057db6b204273f6:Tax Authority Accounting (0.9120); Corporate accounting regulations -> 4057db6b204273f6:Tax Authority Accounting (0.9005),"Financial Analysis -> Financial Analysis ; context capability to apply financial analysis in practical job tasks with correct tools, standards, and outcomes ; role Kế Toán Tổng Hợp (Thuế & Nội Bộ) Thu Nhập 10 – 20 Triệu - Mỹ Đình, Hà Nội ; General Accounting Electronic invoicing skills Profit & Loss reports Cash Flow statements Tax regulations Accounting department procedures; Corporate accounting regulations -> Corporate accounting regulations ; context capability to apply corporate accounting regulations in practical job tasks with correct tools, standards, and outcomes ; role Kế Toán Tổng Hợp (Thuế & Nội Bộ) Thu Nhập 10 – 20 Triệu - Mỹ Đình, Hà Nội ; General Accounting Electronic invoicing skills Profit & Loss reports Cash Flow statements Tax regulations Accounting department procedures",2,2,0.0,0.0,0.0,0.0,0.0,0.0,0.0,0.0,999.0,0.0,,"[0.912, 0.9005]",0.90625,0.9005,0.912,"Financial Analysis -> Financial Analysis ; context capability to apply financial analysis in practical job tasks with correct tools, standards, and outcomes ; role Kế Toán Tổng Hợp (Thuế & Nội Bộ) Thu Nhập 10 – 20 Triệu - Mỹ Đình, Hà Nội ; General Accounting Electronic invoicing skills Profit & Loss reports Cash Flow statements Tax regulations Accounting department procedures; Corporate accounting regulations -> Corporate accounting regulations ; context capability to apply corporate accounting regulations in practical job tasks with correct tools, standards, and outcomes ; role Kế Toán Tổng Hợp (Thuế & Nội Bộ) Thu Nhập 10 – 20 Triệu - Mỹ Đình, Hà Nội ; General Accounting Electronic invoicing skills Profit & Loss reports Cash Flow statements Tax regulations Accounting department procedures",0,2,2,800,"['software_data_ai', 'finance_risk']",0.85-0.92
195,1,1,1,1,international payment methods,Chuyên Viên Chuyên Viên Kinh Doanh Xuất Nhập Khẩu/ Export Sales - Lương Cứng Từ 12 - 20 Triệu + Hoa Hồng - Tại Hà Nội,international payment methods -> 157c069f3ff234e1:International Payment Methods (1.0000),"international payment methods -> international payment methods ; context capability to apply international payment methods in practical job tasks with correct tools, standards, and outcomes ; role Chuyên Viên Chuyên Viên Kinh Doanh Xuất Nhập Khẩu/ Export Sales - Lương Cứng Từ 12 - 20 Triệu + Hoa Hồng - Tại Hà Nội ; export sales electronics industry international business sales logistics negotiation Incoterms",1,1,0.0,1.0,1.0,1.0,1.0,0.0,0.0,0.0,1.0,1.0,1.0,[1.0],1.0,1.0,1.0,"international payment methods -> international payment methods ; context capability to apply international payment methods in practical job tasks with correct tools, standards, and outcomes ; role Chuyên Viên Chuyên Viên Kinh Doanh Xuất Nhập Khẩu/ Export Sales - Lương Cứng Từ 12 - 20 Triệu + Hoa Hồng - Tại Hà Nội ; export sales electronics industry international business sales logistics negotiation Incoterms",0,1,1,411,['other'],>=0.92
197,0,1,1,1,TikTok marketing; YouTube marketing; Technical analysis (TA); Financial analysis (FA),Nhân Viên Kinh Doanh (Tư Vấn Đầu Tư Chứng Khoán),TikTok marketing -> c9684dc5c9800452:Online and Offline Marketing Tools (0.9763); YouTube marketing -> 90b1bad7787cb161:Direct and Online Marketing (0.9614); Technical analysis (TA) -> d4f3369453884786:Technical Analysis (0.9732); Financial analysis (FA) -> 1c3f02fd55a9305d:Stock Investment Situation Analysis (0.9715),"TikTok marketing -> TikTok marketing ; context capability to apply tiktok marketing in practical job tasks with correct tools, standards, and outcomes ; role Nhân Viên Kinh Doanh (Tư Vấn Đầu Tư Chứng Khoán) ; asset management investment consultation customer development online marketing tiktok youtube facebook stock investment; YouTube marketing -> YouTube marketing ; context capability to apply youtube marketing in practical job tasks with correct tools, standards, and outcomes ; role Nhân Viên Kinh Doanh (Tư Vấn Đầu Tư Chứng Khoán) ; asset management investment consultation customer development online marketing tiktok youtube facebook stock investment; Technical analysis (TA) -> Technical analysis (TA) ; context capability to apply technical analysis (ta) in practical job tasks with correct tools, standards, and outcomes ; role Nhân Viên Kinh Doanh (Tư Vấn Đầu Tư Chứng Khoán) ; asset management investment consultation customer development online marketing tiktok youtube facebook stock investment; Financial analysis (FA) -> Financial analysis (FA) ; context capability to apply financial analysis (fa) in practical job tasks with correct tools, standards, and outcomes ; role Nhân Viên Kinh Doanh (Tư Vấn Đầu Tư Chứng Khoán) ; asset management investment consultation customer development online marketing tiktok youtube facebook stock investment",4,3,0.0,1.0,1.0,1.0,0.0,0.0,0.0,0.0,2.0,1.0,0.5,"[0.9763, 0.9614, 0.9732, 0.9715]",0.9705999999999999,0.9614,0.9763,"TikTok marketing -> TikTok marketing ; context capability to apply tiktok marketing in practical job tasks with correct tools, standards, and outcomes ; role Nhân Viên Kinh Doanh (Tư Vấn Đầu Tư Chứng Khoán) ; asset management investment consultation customer development online marketing tiktok youtube facebook stock investment; YouTube marketing -> YouTube marketing ; context capability to apply youtube marketing in practical job tasks with correct tools, standards, and outcomes ; role Nhân Viên Kinh Doanh (Tư Vấn Đầu Tư Chứng Khoán) ; asset management investment consultation customer development online marketing tiktok youtube facebook stock investment; Technical analysis (TA) -> Technical analysis (TA) ; context capability to apply technical analysis (ta) in practical job tasks with correct tools, standards, and outcomes ; role Nhân Viên Kinh Doanh (Tư Vấn Đầu Tư Chứng Khoán) ; asset management investment consultation customer development online marketing tiktok youtube facebook stock investment; Financial analysis (FA) -> Financial analysis (FA) ; context capability to apply financial analysis (fa) in practical job tasks with correct tools, standards, and outcomes ; role Nhân Viên Kinh Doanh (Tư Vấn Đầu Tư Chứng Khoán) ; asset management investment consultation customer development online marketing tiktok youtube facebook stock investment",0,4,4,1363,"['software_data_ai', 'finance_risk', 'sales_marketing']",>=0.92
198,0,1,1,1,Real Estate Law; Labor Law; English proficiency,Chuyên Viên Pháp Lý (Nhận Việc Ngay),Real Estate Law -> a57599388c197994:Legal Compliance in Real Estate Business (1.0000); Labor Law -> 32a14d2f729c881b:Labor Law Theoretical Knowledge (0.9955); English proficiency -> 31b1877e92748b4a:Legal English Proficiency (1.0000),"Real Estate Law -> Real Estate Law ; context capability to apply real estate law in practical job tasks with correct tools, standards, and outcomes ; role Chuyên Viên Pháp Lý (Nhận Việc Ngay) ; Legal Specialist Real Estate contracts leasing purchasing notarizing legal documents internal legal advice; Labor Law -> Labor Law ; context capability to apply labor law in practical job tasks with correct tools, standards, and outcomes ; role Chuyên Viên Pháp Lý (Nhận Việc Ngay) ; Legal Specialist Real Estate contracts leasing purchasing notarizing legal documents internal legal advice; English proficiency -> English proficiency ; context capability to apply english proficiency in practical job tasks with correct tools, standards, and outcomes ; role Chuyên Viên Pháp Lý (Nhận Việc Ngay) ; Legal Specialist Real Estate contracts leasing purchasing notarizing legal documents internal legal advice",3,2,1.0,1.0,1.0,1.0,-1.0,0.0,0.0,0.0,3.0,1.0,0.3333333333333333,"[1.0, 0.9955, 1.0]",0.9984999999999999,0.9955,1.0,"Real Estate Law -> Real Estate Law ; context capability to apply real estate law in practical job tasks with correct tools, standards, and outcomes ; role Chuyên Viên Pháp Lý (Nhận Việc Ngay) ; Legal Specialist Real Estate contracts leasing purchasing notarizing legal documents internal legal advice; Labor Law -> Labor Law ; context capability to apply labor law in practical job tasks with correct tools, standards, and outcomes ; role Chuyên Viên Pháp Lý (Nhận Việc Ngay) ; Legal Specialist Real Estate contracts leasing purchasing notarizing legal documents internal legal advice; English proficiency -> English proficiency ; context capability to apply english proficiency in practical job tasks with correct tools, standards, and outcomes ; role Chuyên Viên Pháp Lý (Nhận Việc Ngay) ; Legal Specialist Real Estate contracts leasing purchasing notarizing legal documents internal legal advice",0,3,3,898,['english_communication'],>=0.92
201,0,1,1,1,CAD/CAM software; cloud computing,"Chuyên Viên Kinh Doanh Phần Mềm B2B - Tiếng Anh Tốt (Nghỉ T7&CN, Thử Việc 100% Lương, BHXH Full Lương) Tại Hồ Chí Minh, Hà Nội",CAD/CAM software -> ba5e637f79159f8d:Office Software Proficiency (0.9667); cloud computing -> 81121f330a983b7f:Cloud computing (1.0000),"CAD/CAM software -> CAD/CAM software ; context capability to apply cad/cam software in practical job tasks with correct tools, standards, and outcomes ; role Chuyên Viên Kinh Doanh Phần Mềm B2B - Tiếng Anh Tốt (Nghỉ T7&CN, Thử Việc 100% Lương, BHXH Full Lương) Tại Hồ Chí Minh, Hà Nội ; software sales B2B sales CAD/CAM software IT cloud computing sales strategy; cloud computing -> cloud computing ; related cloud infrastructure and services ; related cloud infrastructure and deployment ; context capability to apply cloud computing in practical job tasks with correct tools, standards, and outcomes ; role Chuyên Viên Kinh Doanh Phần Mềm B2B - Tiếng Anh Tốt (Nghỉ T7&CN, Thử Việc 100% Lương, BHXH Full Lương) Tại Hồ Chí Minh, Hà Nội ; software sales B2B sales CAD/CAM software IT cloud computing sales strategy",2,1,0.0,0.0,0.0,1.0,0.0,1.0,1.0,0.0,3.0,1.0,0.3333333333333333,"[0.9667, 1.0]",0.98335,0.9667,1.0,"CAD/CAM software -> CAD/CAM software ; context capability to apply cad/cam software in practical job tasks with correct tools, standards, and outcomes ; role Chuyên Viên Kinh Doanh Phần Mềm B2B - Tiếng Anh Tốt (Nghỉ T7&CN, Thử Việc 100% Lương, BHXH Full Lương) Tại Hồ Chí Minh, Hà Nội ; software sales B2B sales CAD/CAM software IT cloud computing sales strategy; cloud computing -> cloud computing ; related cloud infrastructure and services ; related cloud infrastructure and deployment ; context capability to apply cloud computing in practical job tasks with correct tools, standards, and outcomes ; role Chuyên Viên Kinh Doanh Phần Mềm B2B - Tiếng Anh Tốt (Nghỉ T7&CN, Thử Việc 100% Lương, BHXH Full Lương) Tại Hồ Chí Minh, Hà Nội ; software sales B2B sales CAD/CAM software IT cloud computing sales strategy",2,2,2,813,['cloud_devops'],>=0.92
208,0,1,1,1,Kubernetes; AWS; GCP; GOC,"Back End Developer (Java, MySQL, Spring)",Kubernetes -> ca6980df86daa02e:Mastering web application technologies (0.7000); AWS -> 81121f330a983b7f:Cloud computing (0.8500); GCP -> cc975e69d79a6f6f:Cloud Concepts (0.9382); GOC -> ce877ea042597d23:Explaining front-end and back-end programming (0.9930),"Kubernetes -> Kubernetes ; related container orchestration and scaling ; related cloud infrastructure and deployment ; context capability to apply kubernetes in practical job tasks with correct tools, standards, and outcomes ; role Back End Developer (Java, MySQL, Spring) ; Back End Developer Java MySQL Spring REST API Kubernetes AWS GCP; AWS -> AWS ; related amazon web services cloud infrastructure ; related cloud infrastructure and deployment ; context capability to apply aws in practical job tasks with correct tools, standards, and outcomes ; role Back End Developer (Java, MySQL, Spring) ; Back End Developer Java MySQL Spring REST API Kubernetes AWS GCP; GCP -> GCP ; related google cloud platform cloud infrastructure ; related cloud infrastructure and deployment ; context capability to apply gcp in practical job tasks with correct tools, standards, and outcomes ; role Back End Developer (Java, MySQL, Spring) ; Back End Developer Java MySQL Spring REST API Kubernetes AWS GCP; GOC -> GOC ; related software engineering and programming ; context capability to apply goc in practical job tasks with correct tools, standards, and outcomes ; role Back End Developer (Java, MySQL, Spring) ; Back End Developer Java MySQL Spring REST API Kubernetes AWS GCP",4,2,0.0,1.0,1.0,1.0,0.0,0.0,0.0,0.0,2.0,2.0,0.5,"[0.7, 0.85, 0.9382, 0.993]",0.8703,0.7,0.993,"Kubernetes -> Kubernetes ; related container orchestration and scaling ; related cloud infrastructure and deployment ; context capability to apply kubernetes in practical job tasks with correct tools, standards, and outcomes ; role Back End Developer (Java, MySQL, Spring) ; Back End Developer Java MySQL Spring REST API Kubernetes AWS GCP; AWS -> AWS ; related amazon web services cloud infrastructure ; related cloud infrastructure and deployment ; context capability to apply aws in practical job tasks with correct tools, standards, and outcomes ; role Back End Developer (Java, MySQL, Spring) ; Back End Developer Java MySQL Spring REST API Kubernetes AWS GCP; GCP -> GCP ; related google cloud platform cloud infrastructure ; related cloud infrastructure and deployment ; context capability to apply gcp in practical job tasks with correct tools, standards, and outcomes ; role Back End Developer (Java, MySQL, Spring) ; Back End Developer Java MySQL Spring REST API Kubernetes AWS GCP; GOC -> GOC ; related software engineering and programming ; context capability to apply goc in practical job tasks with correct tools, standards, and outcomes ; role Back End Developer (Java, MySQL, Spring) ; Back End Developer Java MySQL Spring REST API Kubernetes AWS GCP",7,4,4,1266,['cloud_devops'],0.85-0.92
219,1,1,1,1,Zalo Ads; AI; chatbots,Chuyên Viên Quảng Cáo (Google Ads; Facebook Ads; Tik Tok Ads),Zalo Ads -> f9e690cab2d069e1:Advertising Fundamentals (0.7965); AI -> 50779cd6819806ac:Research and develop AI applications (0.9910); chatbots -> 803b3eb2b6af0271:Artificial intelligence (0.9435),"Zalo Ads -> Zalo Ads ; context capability to apply zalo ads in practical job tasks with correct tools, standards, and outcomes ; role Chuyên Viên Quảng Cáo (Google Ads; Facebook Ads; Tik Tok Ads) ; advertising campaigns Facebook Ads Google Ads TikTok Ads Zalo Ads automation marketing AI chatbots data analysis; AI -> AI ; related artificial intelligence and machine learning ; context capability to apply ai in practical job tasks with correct tools, standards, and outcomes ; role Chuyên Viên Quảng Cáo (Google Ads; Facebook Ads; Tik Tok Ads) ; advertising campaigns Facebook Ads Google Ads TikTok Ads Zalo Ads automation marketing AI chatbots data analysis; chatbots -> chatbots ; related artificial intelligence and machine learning ; context capability to apply chatbots in practical job tasks with correct tools, standards, and outcomes ; role Chuyên Viên Quảng Cáo (Google Ads; Facebook Ads; Tik Tok Ads) ; advertising campaigns Facebook Ads Google Ads TikTok Ads Zalo Ads automation marketing AI chatbots data analysis",3,2,0.0,0.0,0.0,1.0,1.0,1.0,1.0,0.0,1.0,2.0,1.0,"[0.7965, 0.991, 0.9435]",0.9103333333333333,0.7965,0.991,"Zalo Ads -> Zalo Ads ; context capability to apply zalo ads in practical job tasks with correct tools, standards, and outcomes ; role Chuyên Viên Quảng Cáo (Google Ads; Facebook Ads; Tik Tok Ads) ; advertising campaigns Facebook Ads Google Ads TikTok Ads Zalo Ads automation marketing AI chatbots data analysis; AI -> AI ; related artificial intelligence and machine learning ; context capability to apply ai in practical job tasks with correct tools, standards, and outcomes ; role Chuyên Viên Quảng Cáo (Google Ads; Facebook Ads; Tik Tok Ads) ; advertising campaigns Facebook Ads Google Ads TikTok Ads Zalo Ads automation marketing AI chatbots data analysis; chatbots -> chatbots ; related artificial intelligence and machine learning ; context capability to apply chatbots in practical job tasks with correct tools, standards, and outcomes ; role Chuyên Viên Quảng Cáo (Google Ads; Facebook Ads; Tik Tok Ads) ; advertising campaigns Facebook Ads Google Ads TikTok Ads Zalo Ads automation marketing AI chatbots data analysis",2,3,3,1026,['software_data_ai'],0.85-0.92
