pair_id,jd_title,gap_skill_full,raw_skill_name,raw_skill_description,canonical_skill_label,canonical_skill_id,score,gt_to_canonical_score,gt_to_canonical_score_num
226,Nhân Viên Kho Cửa Hàng - Làm Part Time Tại Quận 1,database management,Data Extraction Techniques,Apply data extraction techniques using SQL commands.,Reporting with Database,2c9ccd21e34ab25a,0.8935423667504291,0.7,0.7
9,Chuyên Viên Nhân Sự Tổng Hợp,Lean,Control Structures,"Apply control structures such as if, while, and for loops in Python.",Code Execution,a0ba2c2884ad77fe,0.6975488034177998,0.7,0.7
9,Chuyên Viên Nhân Sự Tổng Hợp,Lean,Critical Thinking,Enhance critical thinking skills by analyzing and solving problems in Python.,Code Execution,a0ba2c2884ad77fe,0.6975488034177998,0.7,0.7
221,Chuyên Viên Tuyển Dụng Và Đào Tạo,Python,Control Structures,"Apply control structures such as if, while, and for loops in Python.",Code Execution,a0ba2c2884ad77fe,0.6877489880375094,0.7,0.7
221,Chuyên Viên Tuyển Dụng Và Đào Tạo,Python,Critical Thinking,Enhance critical thinking skills by analyzing and solving problems in Python.,Code Execution,a0ba2c2884ad77fe,0.6877489880375094,0.7,0.7
9,Chuyên Viên Nhân Sự Tổng Hợp,Python,Control Structures,"Apply control structures such as if, while, and for loops in Python.",Code Execution,a0ba2c2884ad77fe,0.6877489880375094,0.7,0.7
9,Chuyên Viên Nhân Sự Tổng Hợp,Python,Critical Thinking,Enhance critical thinking skills by analyzing and solving problems in Python.,Code Execution,a0ba2c2884ad77fe,0.6877489880375094,0.7,0.7
90,"IT Comtor (PHP, Python, Laravel, WordPress, Japanese)",Python,Control Structures,"Apply control structures such as if, while, and for loops in Python.",Code Execution,a0ba2c2884ad77fe,0.6877489880375094,0.7,0.7
90,"IT Comtor (PHP, Python, Laravel, WordPress, Japanese)",Python,Critical Thinking,Enhance critical thinking skills by analyzing and solving problems in Python.,Code Execution,a0ba2c2884ad77fe,0.6877489880375094,0.7,0.7
9,Chuyên Viên Nhân Sự Tổng Hợp,SQL,Data Extraction Techniques,Apply data extraction techniques using SQL commands.,Reporting with Database,2c9ccd21e34ab25a,0.6831192169158932,0.7,0.7
90,"IT Comtor (PHP, Python, Laravel, WordPress, Japanese)",Docker,Control Structures,"Apply control structures such as if, while, and for loops in Python.",Code Execution,a0ba2c2884ad77fe,0.6772420324739818,0.7,0.7
90,"IT Comtor (PHP, Python, Laravel, WordPress, Japanese)",Docker,Critical Thinking,Enhance critical thinking skills by analyzing and solving problems in Python.,Code Execution,a0ba2c2884ad77fe,0.6772420324739818,0.7,0.7
221,Chuyên Viên Tuyển Dụng Và Đào Tạo,AWS,Control Structures,"Apply control structures such as if, while, and for loops in Python.",Code Execution,a0ba2c2884ad77fe,,0.7,0.7
221,Chuyên Viên Tuyển Dụng Và Đào Tạo,AWS,Critical Thinking,Enhance critical thinking skills by analyzing and solving problems in Python.,Code Execution,a0ba2c2884ad77fe,,0.7,0.7
221,Chuyên Viên Tuyển Dụng Và Đào Tạo,CISSP,Control Structures,"Apply control structures such as if, while, and for loops in Python.",Code Execution,a0ba2c2884ad77fe,,0.7,0.7
221,Chuyên Viên Tuyển Dụng Và Đào Tạo,CISSP,Critical Thinking,Enhance critical thinking skills by analyzing and solving problems in Python.,Code Execution,a0ba2c2884ad77fe,,0.7,0.7
221,Chuyên Viên Tuyển Dụng Và Đào Tạo,Machine Learning,Control Structures,"Apply control structures such as if, while, and for loops in Python.",Code Execution,a0ba2c2884ad77fe,,0.7,0.7
221,Chuyên Viên Tuyển Dụng Và Đào Tạo,Machine Learning,Critical Thinking,Enhance critical thinking skills by analyzing and solving problems in Python.,Code Execution,a0ba2c2884ad77fe,,0.7,0.7
221,Chuyên Viên Tuyển Dụng Và Đào Tạo,SQL,Control Structures,"Apply control structures such as if, while, and for loops in Python.",Code Execution,a0ba2c2884ad77fe,,0.7,0.7
221,Chuyên Viên Tuyển Dụng Và Đào Tạo,SQL,Critical Thinking,Enhance critical thinking skills by analyzing and solving problems in Python.,Code Execution,a0ba2c2884ad77fe,,0.7,0.7
9,Chuyên Viên Nhân Sự Tổng Hợp,AWS,Data Extraction Techniques,Apply data extraction techniques using SQL commands.,Reporting with Database,2c9ccd21e34ab25a,,0.7,0.7
9,Chuyên Viên Nhân Sự Tổng Hợp,AWS,Control Structures,"Apply control structures such as if, while, and for loops in Python.",Code Execution,a0ba2c2884ad77fe,,0.7,0.7
9,Chuyên Viên Nhân Sự Tổng Hợp,AWS,Critical Thinking,Enhance critical thinking skills by analyzing and solving problems in Python.,Code Execution,a0ba2c2884ad77fe,,0.7,0.7
9,Chuyên Viên Nhân Sự Tổng Hợp,Lean,Data Extraction Techniques,Apply data extraction techniques using SQL commands.,Reporting with Database,2c9ccd21e34ab25a,,0.7,0.7
9,Chuyên Viên Nhân Sự Tổng Hợp,Python,Data Extraction Techniques,Apply data extraction techniques using SQL commands.,Reporting with Database,2c9ccd21e34ab25a,,0.7,0.7
9,Chuyên Viên Nhân Sự Tổng Hợp,SEO,Data Extraction Techniques,Apply data extraction techniques using SQL commands.,Reporting with Database,2c9ccd21e34ab25a,,0.7,0.7
9,Chuyên Viên Nhân Sự Tổng Hợp,SEO,Control Structures,"Apply control structures such as if, while, and for loops in Python.",Code Execution,a0ba2c2884ad77fe,,0.7,0.7
9,Chuyên Viên Nhân Sự Tổng Hợp,SEO,Critical Thinking,Enhance critical thinking skills by analyzing and solving problems in Python.,Code Execution,a0ba2c2884ad77fe,,0.7,0.7
9,Chuyên Viên Nhân Sự Tổng Hợp,SQL,Control Structures,"Apply control structures such as if, while, and for loops in Python.",Code Execution,a0ba2c2884ad77fe,,0.7,0.7
9,Chuyên Viên Nhân Sự Tổng Hợp,SQL,Critical Thinking,Enhance critical thinking skills by analyzing and solving problems in Python.,Code Execution,a0ba2c2884ad77fe,,0.7,0.7
90,"IT Comtor (PHP, Python, Laravel, WordPress, Japanese)",WordPress,Control Structures,"Apply control structures such as if, while, and for loops in Python.",Code Execution,a0ba2c2884ad77fe,,0.7,0.7
90,"IT Comtor (PHP, Python, Laravel, WordPress, Japanese)",WordPress,Critical Thinking,Enhance critical thinking skills by analyzing and solving problems in Python.,Code Execution,a0ba2c2884ad77fe,,0.7,0.7
87,Process Quality Assurance (PQA),project-management-tools-JIRA,Project Management Software Usage,Practice project management skills using software tools.,Project Management Application,a49300053b0211fe,0.8810399946449272,0.83951910479486,0.83951910479486
87,Process Quality Assurance (PQA),FMEA,Project Management Software Usage,Practice project management skills using software tools.,Project Management Application,a49300053b0211fe,,0.83951910479486,0.83951910479486
142,Nhân Viên Nuôi Tài Khoản Facebook Ads,Data Analysis for Facebook Ad Campaigns,Critical Thinking,Develop critical thinking skills to evaluate statistical models and results.,Evaluating Statistical Models,fa70b15202351f83,,0.8632620642010231,0.8632620642010231
468,Sale Admin,Access,Critical Thinking,Develop critical thinking skills to evaluate statistical models and results.,Evaluating Statistical Models,fa70b15202351f83,,0.8632620642010231,0.8632620642010231
468,Sale Admin,Data analysis,Critical Thinking,Develop critical thinking skills to evaluate statistical models and results.,Evaluating Statistical Models,fa70b15202351f83,,0.8632620642010231,0.8632620642010231
468,Sale Admin,Interpreting,Critical Thinking,Develop critical thinking skills to evaluate statistical models and results.,Evaluating Statistical Models,fa70b15202351f83,,0.8632620642010231,0.8632620642010231
468,Sale Admin,Reports,Critical Thinking,Develop critical thinking skills to evaluate statistical models and results.,Evaluating Statistical Models,fa70b15202351f83,,0.8632620642010231,0.8632620642010231
468,Sale Admin,Access,Critical Thinking,Develop critical thinking skills to evaluate statistical models.,Evaluating Statistical Models,fa70b15202351f83,,0.8640918783565621,0.8640918783565621
468,Sale Admin,Data analysis,Critical Thinking,Develop critical thinking skills to evaluate statistical models.,Evaluating Statistical Models,fa70b15202351f83,,0.8640918783565621,0.8640918783565621
468,Sale Admin,Interpreting,Critical Thinking,Develop critical thinking skills to evaluate statistical models.,Evaluating Statistical Models,fa70b15202351f83,,0.8640918783565621,0.8640918783565621
468,Sale Admin,Reports,Critical Thinking,Develop critical thinking skills to evaluate statistical models.,Evaluating Statistical Models,fa70b15202351f83,,0.8640918783565621,0.8640918783565621
103,Data Engineer (DBA),GCP,Cloud Concepts,"Describe cloud concepts such as services, infrastructure, platforms, storage, and security.",Cloud computing,81121f330a983b7f,0.6829842900261975,0.8711865077133312,0.8711865077133312
208,"Back End Developer (Java, MySQL, Spring)",GCP,Cloud Concepts,"Describe cloud concepts such as services, infrastructure, platforms, storage, and security.",Cloud computing,81121f330a983b7f,0.6829842900261975,0.8711865077133312,0.8711865077133312
55,"Back End Developer (Java, MySQL, Spring)",GCP,Cloud Concepts,"Describe cloud concepts such as services, infrastructure, platforms, storage, and security.",Cloud computing,81121f330a983b7f,0.6829842900261975,0.8711865077133312,0.8711865077133312
66,"Data Engineer (Spark, AWS Glue, Python) (Onboard ASAP)",EC2,Cloud Concepts,"Describe cloud concepts such as services, infrastructure, platforms, storage, and security.",Cloud computing,81121f330a983b7f,0.6799552917294702,0.8711865077133312,0.8711865077133312
208,"Back End Developer (Java, MySQL, Spring)",AWS,Cloud Concepts,"Describe cloud concepts such as services, infrastructure, platforms, storage, and security.",Cloud computing,81121f330a983b7f,0.6737190885035272,0.8711865077133312,0.8711865077133312
221,Chuyên Viên Tuyển Dụng Và Đào Tạo,AWS,Cloud Concepts,"Describe cloud concepts such as services, infrastructure, platforms, storage, and security.",Cloud computing,81121f330a983b7f,0.6737190885035272,0.8711865077133312,0.8711865077133312
55,"Back End Developer (Java, MySQL, Spring)",AWS,Cloud Concepts,"Describe cloud concepts such as services, infrastructure, platforms, storage, and security.",Cloud computing,81121f330a983b7f,0.6737190885035272,0.8711865077133312,0.8711865077133312
0,Data Engineer (DBA),Azure,Cloud Concepts,"Describe cloud concepts such as services, infrastructure, platforms, storage, and security.",Cloud computing,81121f330a983b7f,0.6672824188955383,0.8711865077133312,0.8711865077133312
103,Data Engineer (DBA),Azure,Cloud Concepts,"Describe cloud concepts such as services, infrastructure, platforms, storage, and security.",Cloud computing,81121f330a983b7f,0.6672824188955383,0.8711865077133312,0.8711865077133312
0,Data Engineer (DBA),BigQuery,Cloud Concepts,"Describe cloud concepts such as services, infrastructure, platforms, storage, and security.",Cloud computing,81121f330a983b7f,,0.8711865077133312,0.8711865077133312
0,Data Engineer (DBA),Redshift,Cloud Concepts,"Describe cloud concepts such as services, infrastructure, platforms, storage, and security.",Cloud computing,81121f330a983b7f,,0.8711865077133312,0.8711865077133312
103,Data Engineer (DBA),Change management,Cloud Concepts,"Describe cloud concepts such as services, infrastructure, platforms, storage, and security.",Cloud computing,81121f330a983b7f,,0.8711865077133312,0.8711865077133312
103,Data Engineer (DBA),MariaDB,Cloud Concepts,"Describe cloud concepts such as services, infrastructure, platforms, storage, and security.",Cloud computing,81121f330a983b7f,,0.8711865077133312,0.8711865077133312
103,Data Engineer (DBA),Oracle,Cloud Concepts,"Describe cloud concepts such as services, infrastructure, platforms, storage, and security.",Cloud computing,81121f330a983b7f,,0.8711865077133312,0.8711865077133312
103,Data Engineer (DBA),Performance tuning,Cloud Concepts,"Describe cloud concepts such as services, infrastructure, platforms, storage, and security.",Cloud computing,81121f330a983b7f,,0.8711865077133312,0.8711865077133312
12,"Data Engineer (Spark, AWS Glue) (Onboard ASAP)",Docker,Cloud Concepts,"Describe cloud concepts such as services, infrastructure, platforms, storage, and security.",Cloud computing,81121f330a983b7f,,0.8711865077133312,0.8711865077133312
12,"Data Engineer (Spark, AWS Glue) (Onboard ASAP)",ECS/EKS,Cloud Concepts,"Describe cloud concepts such as services, infrastructure, platforms, storage, and security.",Cloud computing,81121f330a983b7f,,0.8711865077133312,0.8711865077133312
12,"Data Engineer (Spark, AWS Glue) (Onboard ASAP)",containerization,Cloud Concepts,"Describe cloud concepts such as services, infrastructure, platforms, storage, and security.",Cloud computing,81121f330a983b7f,,0.8711865077133312,0.8711865077133312
208,"Back End Developer (Java, MySQL, Spring)",GOC,Cloud Concepts,"Describe cloud concepts such as services, infrastructure, platforms, storage, and security.",Cloud computing,81121f330a983b7f,,0.8711865077133312,0.8711865077133312
208,"Back End Developer (Java, MySQL, Spring)",Kubernetes,Cloud Concepts,"Describe cloud concepts such as services, infrastructure, platforms, storage, and security.",Cloud computing,81121f330a983b7f,,0.8711865077133312,0.8711865077133312
221,Chuyên Viên Tuyển Dụng Và Đào Tạo,CISSP,Cloud Concepts,"Describe cloud concepts such as services, infrastructure, platforms, storage, and security.",Cloud computing,81121f330a983b7f,,0.8711865077133312,0.8711865077133312
221,Chuyên Viên Tuyển Dụng Và Đào Tạo,Machine Learning,Cloud Concepts,"Describe cloud concepts such as services, infrastructure, platforms, storage, and security.",Cloud computing,81121f330a983b7f,,0.8711865077133312,0.8711865077133312
221,Chuyên Viên Tuyển Dụng Và Đào Tạo,Python,Cloud Concepts,"Describe cloud concepts such as services, infrastructure, platforms, storage, and security.",Cloud computing,81121f330a983b7f,,0.8711865077133312,0.8711865077133312
221,Chuyên Viên Tuyển Dụng Và Đào Tạo,SQL,Cloud Concepts,"Describe cloud concepts such as services, infrastructure, platforms, storage, and security.",Cloud computing,81121f330a983b7f,,0.8711865077133312,0.8711865077133312
55,"Back End Developer (Java, MySQL, Spring)",GO,Cloud Concepts,"Describe cloud concepts such as services, infrastructure, platforms, storage, and security.",Cloud computing,81121f330a983b7f,,0.8711865077133312,0.8711865077133312
55,"Back End Developer (Java, MySQL, Spring)",Kubernetes,Cloud Concepts,"Describe cloud concepts such as services, infrastructure, platforms, storage, and security.",Cloud computing,81121f330a983b7f,,0.8711865077133312,0.8711865077133312
55,"Back End Developer (Java, MySQL, Spring)",MongoDB,Cloud Concepts,"Describe cloud concepts such as services, infrastructure, platforms, storage, and security.",Cloud computing,81121f330a983b7f,,0.8711865077133312,0.8711865077133312
66,"Data Engineer (Spark, AWS Glue, Python) (Onboard ASAP)",AWS Glue,Cloud Concepts,"Describe cloud concepts such as services, infrastructure, platforms, storage, and security.",Cloud computing,81121f330a983b7f,,0.8711865077133312,0.8711865077133312
66,"Data Engineer (Spark, AWS Glue, Python) (Onboard ASAP)",ECS/EKS,Cloud Concepts,"Describe cloud concepts such as services, infrastructure, platforms, storage, and security.",Cloud computing,81121f330a983b7f,,0.8711865077133312,0.8711865077133312
66,"Data Engineer (Spark, AWS Glue, Python) (Onboard ASAP)",IAM,Cloud Concepts,"Describe cloud concepts such as services, infrastructure, platforms, storage, and security.",Cloud computing,81121f330a983b7f,,0.8711865077133312,0.8711865077133312
66,"Data Engineer (Spark, AWS Glue, Python) (Onboard ASAP)",VPC,Cloud Concepts,"Describe cloud concepts such as services, infrastructure, platforms, storage, and security.",Cloud computing,81121f330a983b7f,,0.8711865077133312,0.8711865077133312
0,Data Engineer (DBA),Azure,Problem Solving,Apply learned knowledge to solve exercises and situations related to each topic.,Application of legal knowledge to specific situations,1eb4b1d112f87a82,,0.8745444392679071,0.8745444392679071
0,Data Engineer (DBA),BigQuery,Problem Solving,Apply learned knowledge to solve exercises and situations related to each topic.,Application of legal knowledge to specific situations,1eb4b1d112f87a82,,0.8745444392679071,0.8745444392679071
0,Data Engineer (DBA),Redshift,Problem Solving,Apply learned knowledge to solve exercises and situations related to each topic.,Application of legal knowledge to specific situations,1eb4b1d112f87a82,,0.8745444392679071,0.8745444392679071
103,Data Engineer (DBA),Azure,Problem Solving,Apply learned knowledge to solve exercises and situations related to each topic.,Application of legal knowledge to specific situations,1eb4b1d112f87a82,,0.8745444392679071,0.8745444392679071
103,Data Engineer (DBA),Change management,Problem Solving,Apply learned knowledge to solve exercises and situations related to each topic.,Application of legal knowledge to specific situations,1eb4b1d112f87a82,,0.8745444392679071,0.8745444392679071
103,Data Engineer (DBA),GCP,Problem Solving,Apply learned knowledge to solve exercises and situations related to each topic.,Application of legal knowledge to specific situations,1eb4b1d112f87a82,,0.8745444392679071,0.8745444392679071
103,Data Engineer (DBA),MariaDB,Problem Solving,Apply learned knowledge to solve exercises and situations related to each topic.,Application of legal knowledge to specific situations,1eb4b1d112f87a82,,0.8745444392679071,0.8745444392679071
103,Data Engineer (DBA),Oracle,Problem Solving,Apply learned knowledge to solve exercises and situations related to each topic.,Application of legal knowledge to specific situations,1eb4b1d112f87a82,,0.8745444392679071,0.8745444392679071
103,Data Engineer (DBA),Performance tuning,Problem Solving,Apply learned knowledge to solve exercises and situations related to each topic.,Application of legal knowledge to specific situations,1eb4b1d112f87a82,,0.8745444392679071,0.8745444392679071
12,"Data Engineer (Spark, AWS Glue) (Onboard ASAP)",Docker,Problem Solving,Apply learned knowledge to solve exercises and situations related to each topic.,Application of legal knowledge to specific situations,1eb4b1d112f87a82,,0.8745444392679071,0.8745444392679071
12,"Data Engineer (Spark, AWS Glue) (Onboard ASAP)",ECS/EKS,Problem Solving,Apply learned knowledge to solve exercises and situations related to each topic.,Application of legal knowledge to specific situations,1eb4b1d112f87a82,,0.8745444392679071,0.8745444392679071
12,"Data Engineer (Spark, AWS Glue) (Onboard ASAP)",containerization,Problem Solving,Apply learned knowledge to solve exercises and situations related to each topic.,Application of legal knowledge to specific situations,1eb4b1d112f87a82,,0.8745444392679071,0.8745444392679071
208,"Back End Developer (Java, MySQL, Spring)",AWS,Problem Solving,Apply learned knowledge to solve exercises and situations related to each topic.,Application of legal knowledge to specific situations,1eb4b1d112f87a82,,0.8745444392679071,0.8745444392679071
208,"Back End Developer (Java, MySQL, Spring)",GCP,Problem Solving,Apply learned knowledge to solve exercises and situations related to each topic.,Application of legal knowledge to specific situations,1eb4b1d112f87a82,,0.8745444392679071,0.8745444392679071
208,"Back End Developer (Java, MySQL, Spring)",GOC,Problem Solving,Apply learned knowledge to solve exercises and situations related to each topic.,Application of legal knowledge to specific situations,1eb4b1d112f87a82,,0.8745444392679071,0.8745444392679071
208,"Back End Developer (Java, MySQL, Spring)",Kubernetes,Problem Solving,Apply learned knowledge to solve exercises and situations related to each topic.,Application of legal knowledge to specific situations,1eb4b1d112f87a82,,0.8745444392679071,0.8745444392679071
221,Chuyên Viên Tuyển Dụng Và Đào Tạo,AWS,Problem Solving,Apply learned knowledge to solve exercises and situations related to each topic.,Application of legal knowledge to specific situations,1eb4b1d112f87a82,,0.8745444392679071,0.8745444392679071
221,Chuyên Viên Tuyển Dụng Và Đào Tạo,CISSP,Problem Solving,Apply learned knowledge to solve exercises and situations related to each topic.,Application of legal knowledge to specific situations,1eb4b1d112f87a82,,0.8745444392679071,0.8745444392679071
221,Chuyên Viên Tuyển Dụng Và Đào Tạo,Machine Learning,Problem Solving,Apply learned knowledge to solve exercises and situations related to each topic.,Application of legal knowledge to specific situations,1eb4b1d112f87a82,,0.8745444392679071,0.8745444392679071
221,Chuyên Viên Tuyển Dụng Và Đào Tạo,Python,Problem Solving,Apply learned knowledge to solve exercises and situations related to each topic.,Application of legal knowledge to specific situations,1eb4b1d112f87a82,,0.8745444392679071,0.8745444392679071
221,Chuyên Viên Tuyển Dụng Và Đào Tạo,SQL,Problem Solving,Apply learned knowledge to solve exercises and situations related to each topic.,Application of legal knowledge to specific situations,1eb4b1d112f87a82,,0.8745444392679071,0.8745444392679071
55,"Back End Developer (Java, MySQL, Spring)",AWS,Problem Solving,Apply learned knowledge to solve exercises and situations related to each topic.,Application of legal knowledge to specific situations,1eb4b1d112f87a82,,0.8745444392679071,0.8745444392679071
55,"Back End Developer (Java, MySQL, Spring)",GCP,Problem Solving,Apply learned knowledge to solve exercises and situations related to each topic.,Application of legal knowledge to specific situations,1eb4b1d112f87a82,,0.8745444392679071,0.8745444392679071
55,"Back End Developer (Java, MySQL, Spring)",GO,Problem Solving,Apply learned knowledge to solve exercises and situations related to each topic.,Application of legal knowledge to specific situations,1eb4b1d112f87a82,,0.8745444392679071,0.8745444392679071
55,"Back End Developer (Java, MySQL, Spring)",Kubernetes,Problem Solving,Apply learned knowledge to solve exercises and situations related to each topic.,Application of legal knowledge to specific situations,1eb4b1d112f87a82,,0.8745444392679071,0.8745444392679071
55,"Back End Developer (Java, MySQL, Spring)",MongoDB,Problem Solving,Apply learned knowledge to solve exercises and situations related to each topic.,Application of legal knowledge to specific situations,1eb4b1d112f87a82,,0.8745444392679071,0.8745444392679071
66,"Data Engineer (Spark, AWS Glue, Python) (Onboard ASAP)",AWS Glue,Problem Solving,Apply learned knowledge to solve exercises and situations related to each topic.,Application of legal knowledge to specific situations,1eb4b1d112f87a82,,0.8745444392679071,0.8745444392679071
66,"Data Engineer (Spark, AWS Glue, Python) (Onboard ASAP)",EC2,Problem Solving,Apply learned knowledge to solve exercises and situations related to each topic.,Application of legal knowledge to specific situations,1eb4b1d112f87a82,,0.8745444392679071,0.8745444392679071
66,"Data Engineer (Spark, AWS Glue, Python) (Onboard ASAP)",ECS/EKS,Problem Solving,Apply learned knowledge to solve exercises and situations related to each topic.,Application of legal knowledge to specific situations,1eb4b1d112f87a82,,0.8745444392679071,0.8745444392679071
66,"Data Engineer (Spark, AWS Glue, Python) (Onboard ASAP)",IAM,Problem Solving,Apply learned knowledge to solve exercises and situations related to each topic.,Application of legal knowledge to specific situations,1eb4b1d112f87a82,,0.8745444392679071,0.8745444392679071
66,"Data Engineer (Spark, AWS Glue, Python) (Onboard ASAP)",VPC,Problem Solving,Apply learned knowledge to solve exercises and situations related to each topic.,Application of legal knowledge to specific situations,1eb4b1d112f87a82,,0.8745444392679071,0.8745444392679071
221,Chuyên Viên Tuyển Dụng Và Đào Tạo,AWS,Problem Solving,"Efficiently solve problems related to data representation, electronic computers, basic software, and Python programming.",Data interaction programming,42430699c92247f2,,0.8807038210884566,0.8807038210884566
221,Chuyên Viên Tuyển Dụng Và Đào Tạo,CISSP,Problem Solving,"Efficiently solve problems related to data representation, electronic computers, basic software, and Python programming.",Data interaction programming,42430699c92247f2,,0.8807038210884566,0.8807038210884566
221,Chuyên Viên Tuyển Dụng Và Đào Tạo,Machine Learning,Problem Solving,"Efficiently solve problems related to data representation, electronic computers, basic software, and Python programming.",Data interaction programming,42430699c92247f2,,0.8807038210884566,0.8807038210884566
221,Chuyên Viên Tuyển Dụng Và Đào Tạo,Python,Problem Solving,"Efficiently solve problems related to data representation, electronic computers, basic software, and Python programming.",Data interaction programming,42430699c92247f2,,0.8807038210884566,0.8807038210884566
221,Chuyên Viên Tuyển Dụng Và Đào Tạo,SQL,Problem Solving,"Efficiently solve problems related to data representation, electronic computers, basic software, and Python programming.",Data interaction programming,42430699c92247f2,,0.8807038210884566,0.8807038210884566
9,Chuyên Viên Nhân Sự Tổng Hợp,AWS,Problem Solving,"Efficiently solve problems related to data representation, electronic computers, basic software, and Python programming.",Data interaction programming,42430699c92247f2,,0.8807038210884566,0.8807038210884566
9,Chuyên Viên Nhân Sự Tổng Hợp,Lean,Problem Solving,"Efficiently solve problems related to data representation, electronic computers, basic software, and Python programming.",Data interaction programming,42430699c92247f2,,0.8807038210884566,0.8807038210884566
9,Chuyên Viên Nhân Sự Tổng Hợp,Python,Problem Solving,"Efficiently solve problems related to data representation, electronic computers, basic software, and Python programming.",Data interaction programming,42430699c92247f2,,0.8807038210884566,0.8807038210884566
9,Chuyên Viên Nhân Sự Tổng Hợp,SEO,Problem Solving,"Efficiently solve problems related to data representation, electronic computers, basic software, and Python programming.",Data interaction programming,42430699c92247f2,,0.8807038210884566,0.8807038210884566
9,Chuyên Viên Nhân Sự Tổng Hợp,SQL,Problem Solving,"Efficiently solve problems related to data representation, electronic computers, basic software, and Python programming.",Data interaction programming,42430699c92247f2,,0.8807038210884566,0.8807038210884566
90,"IT Comtor (PHP, Python, Laravel, WordPress, Japanese)",Docker,Problem Solving,"Efficiently solve problems related to data representation, electronic computers, basic software, and Python programming.",Data interaction programming,42430699c92247f2,,0.8807038210884566,0.8807038210884566
90,"IT Comtor (PHP, Python, Laravel, WordPress, Japanese)",Python,Problem Solving,"Efficiently solve problems related to data representation, electronic computers, basic software, and Python programming.",Data interaction programming,42430699c92247f2,,0.8807038210884566,0.8807038210884566
90,"IT Comtor (PHP, Python, Laravel, WordPress, Japanese)",WordPress,Problem Solving,"Efficiently solve problems related to data representation, electronic computers, basic software, and Python programming.",Data interaction programming,42430699c92247f2,,0.8807038210884566,0.8807038210884566
468,Sale Admin,Access,Self-Learning,Develop self-learning abilities,Self-Learning Development,5112c586f41d9cad,,0.8915423884602447,0.8915423884602447
468,Sale Admin,Data analysis,Self-Learning,Develop self-learning abilities,Self-Learning Development,5112c586f41d9cad,,0.8915423884602447,0.8915423884602447
468,Sale Admin,Interpreting,Self-Learning,Develop self-learning abilities,Self-Learning Development,5112c586f41d9cad,,0.8915423884602447,0.8915423884602447
468,Sale Admin,Reports,Self-Learning,Develop self-learning abilities,Self-Learning Development,5112c586f41d9cad,,0.8915423884602447,0.8915423884602447
468,Sale Admin,Access,Teamwork,Develop teamwork abilities,Dynamic Teamwork Skills,1e61f08407e12fd9,,0.892178004220507,0.892178004220507
468,Sale Admin,Data analysis,Teamwork,Develop teamwork abilities,Dynamic Teamwork Skills,1e61f08407e12fd9,,0.892178004220507,0.892178004220507
468,Sale Admin,Interpreting,Teamwork,Develop teamwork abilities,Dynamic Teamwork Skills,1e61f08407e12fd9,,0.892178004220507,0.892178004220507
468,Sale Admin,Reports,Teamwork,Develop teamwork abilities,Dynamic Teamwork Skills,1e61f08407e12fd9,,0.892178004220507,0.892178004220507
753,Middle/Senior UI/UX Designer,A/B Testing,Self-Learning Abilities,Develop the ability to learn independently and conduct research to complete assigned tasks.,Self-directed learning and research,8c3b58452ceea052,,0.900583425426182,0.900583425426182
753,Middle/Senior UI/UX Designer,AI Copilot Studio,Self-Learning Abilities,Develop the ability to learn independently and conduct research to complete assigned tasks.,Self-directed learning and research,8c3b58452ceea052,,0.900583425426182,0.900583425426182
753,Middle/Senior UI/UX Designer,Design Tokens,Self-Learning Abilities,Develop the ability to learn independently and conduct research to complete assigned tasks.,Self-directed learning and research,8c3b58452ceea052,,0.900583425426182,0.900583425426182
753,Middle/Senior UI/UX Designer,Heuristic Evaluation,Self-Learning Abilities,Develop the ability to learn independently and conduct research to complete assigned tasks.,Self-directed learning and research,8c3b58452ceea052,,0.900583425426182,0.900583425426182
67,Kỹ Sư Lập Trình Hệ Thống,CAN,Effective Communication,Communicate effectively in class discussions and presentations.,Understanding how to communicate effectively in sales,b8ffc250ea7a3e99,,0.9008257829338617,0.9008257829338617
67,Kỹ Sư Lập Trình Hệ Thống,Ethernet,Effective Communication,Communicate effectively in class discussions and presentations.,Understanding how to communicate effectively in sales,b8ffc250ea7a3e99,,0.9008257829338617,0.9008257829338617
67,Kỹ Sư Lập Trình Hệ Thống,FPGA,Effective Communication,Communicate effectively in class discussions and presentations.,Understanding how to communicate effectively in sales,b8ffc250ea7a3e99,,0.9008257829338617,0.9008257829338617
67,Kỹ Sư Lập Trình Hệ Thống,IPCore,Effective Communication,Communicate effectively in class discussions and presentations.,Understanding how to communicate effectively in sales,b8ffc250ea7a3e99,,0.9008257829338617,0.9008257829338617
67,Kỹ Sư Lập Trình Hệ Thống,Java,Effective Communication,Communicate effectively in class discussions and presentations.,Understanding how to communicate effectively in sales,b8ffc250ea7a3e99,,0.9008257829338617,0.9008257829338617
67,Kỹ Sư Lập Trình Hệ Thống,multithreading,Effective Communication,Communicate effectively in class discussions and presentations.,Understanding how to communicate effectively in sales,b8ffc250ea7a3e99,,0.9008257829338617,0.9008257829338617
67,Kỹ Sư Lập Trình Hệ Thống,parallel processing,Effective Communication,Communicate effectively in class discussions and presentations.,Understanding how to communicate effectively in sales,b8ffc250ea7a3e99,,0.9008257829338617,0.9008257829338617
90,"IT Comtor (PHP, Python, Laravel, WordPress, Japanese)",Docker,Group Work,Collaborate effectively to complete group tasks within specified timeframes.,Dynamic Group Work Environment,3411561ef101882c,0.6744326512943345,0.9077686958001008,0.9077686958001008
221,Chuyên Viên Tuyển Dụng Và Đào Tạo,AWS,Group Work,Collaborate effectively to complete group tasks within specified timeframes.,Dynamic Group Work Environment,3411561ef101882c,,0.9077686958001008,0.9077686958001008
221,Chuyên Viên Tuyển Dụng Và Đào Tạo,CISSP,Group Work,Collaborate effectively to complete group tasks within specified timeframes.,Dynamic Group Work Environment,3411561ef101882c,,0.9077686958001008,0.9077686958001008
221,Chuyên Viên Tuyển Dụng Và Đào Tạo,Machine Learning,Group Work,Collaborate effectively to complete group tasks within specified timeframes.,Dynamic Group Work Environment,3411561ef101882c,,0.9077686958001008,0.9077686958001008
221,Chuyên Viên Tuyển Dụng Và Đào Tạo,Python,Group Work,Collaborate effectively to complete group tasks within specified timeframes.,Dynamic Group Work Environment,3411561ef101882c,,0.9077686958001008,0.9077686958001008
221,Chuyên Viên Tuyển Dụng Và Đào Tạo,SQL,Group Work,Collaborate effectively to complete group tasks within specified timeframes.,Dynamic Group Work Environment,3411561ef101882c,,0.9077686958001008,0.9077686958001008
9,Chuyên Viên Nhân Sự Tổng Hợp,AWS,Group Work,Collaborate effectively to complete group tasks within specified timeframes.,Dynamic Group Work Environment,3411561ef101882c,,0.9077686958001008,0.9077686958001008
9,Chuyên Viên Nhân Sự Tổng Hợp,Lean,Group Work,Collaborate effectively to complete group tasks within specified timeframes.,Dynamic Group Work Environment,3411561ef101882c,,0.9077686958001008,0.9077686958001008
9,Chuyên Viên Nhân Sự Tổng Hợp,Python,Group Work,Collaborate effectively to complete group tasks within specified timeframes.,Dynamic Group Work Environment,3411561ef101882c,,0.9077686958001008,0.9077686958001008
9,Chuyên Viên Nhân Sự Tổng Hợp,SEO,Group Work,Collaborate effectively to complete group tasks within specified timeframes.,Dynamic Group Work Environment,3411561ef101882c,,0.9077686958001008,0.9077686958001008
9,Chuyên Viên Nhân Sự Tổng Hợp,SQL,Group Work,Collaborate effectively to complete group tasks within specified timeframes.,Dynamic Group Work Environment,3411561ef101882c,,0.9077686958001008,0.9077686958001008
90,"IT Comtor (PHP, Python, Laravel, WordPress, Japanese)",Python,Group Work,Collaborate effectively to complete group tasks within specified timeframes.,Dynamic Group Work Environment,3411561ef101882c,,0.9077686958001008,0.9077686958001008
90,"IT Comtor (PHP, Python, Laravel, WordPress, Japanese)",WordPress,Group Work,Collaborate effectively to complete group tasks within specified timeframes.,Dynamic Group Work Environment,3411561ef101882c,,0.9077686958001008,0.9077686958001008
468,Sale Admin,Data analysis,Collaborative Problem Solving,Work collaboratively to solve problems related to data analysis.,"Handling data, analyzing, and solving problems",bda1f3876b649c8a,0.1172416688882285,0.9105168202879359,0.9105168202879359
142,Nhân Viên Nuôi Tài Khoản Facebook Ads,Data Analysis for Facebook Ad Campaigns,Collaborative Problem Solving,Work collaboratively to solve problems related to data analysis.,"Handling data, analyzing, and solving problems",bda1f3876b649c8a,0.1052404070272653,0.9105168202879359,0.9105168202879359
468,Sale Admin,Access,Collaborative Problem Solving,Work collaboratively to solve problems related to data analysis.,"Handling data, analyzing, and solving problems",bda1f3876b649c8a,,0.9105168202879359,0.9105168202879359
468,Sale Admin,Interpreting,Collaborative Problem Solving,Work collaboratively to solve problems related to data analysis.,"Handling data, analyzing, and solving problems",bda1f3876b649c8a,,0.9105168202879359,0.9105168202879359
468,Sale Admin,Reports,Collaborative Problem Solving,Work collaboratively to solve problems related to data analysis.,"Handling data, analyzing, and solving problems",bda1f3876b649c8a,,0.9105168202879359,0.9105168202879359
12,"Data Engineer (Spark, AWS Glue) (Onboard ASAP)",Docker,Information Retrieval,"Find, collect, synthesize, and present security issues in databases and applications.",Data retrieval and analysis,c414780885b05676,,0.9115883293498356,0.9115883293498356
12,"Data Engineer (Spark, AWS Glue) (Onboard ASAP)",ECS/EKS,Information Retrieval,"Find, collect, synthesize, and present security issues in databases and applications.",Data retrieval and analysis,c414780885b05676,,0.9115883293498356,0.9115883293498356
12,"Data Engineer (Spark, AWS Glue) (Onboard ASAP)",containerization,Information Retrieval,"Find, collect, synthesize, and present security issues in databases and applications.",Data retrieval and analysis,c414780885b05676,,0.9115883293498356,0.9115883293498356
221,Chuyên Viên Tuyển Dụng Và Đào Tạo,AWS,Data Analysis,"Perform data analysis using Python libraries like Pandas, Numpy, and Matplotlib.",Text data analysis,6e5393579ed046aa,,0.9142822272797866,0.9142822272797866
221,Chuyên Viên Tuyển Dụng Và Đào Tạo,CISSP,Data Analysis,"Perform data analysis using Python libraries like Pandas, Numpy, and Matplotlib.",Text data analysis,6e5393579ed046aa,,0.9142822272797866,0.9142822272797866
221,Chuyên Viên Tuyển Dụng Và Đào Tạo,Machine Learning,Data Analysis,"Perform data analysis using Python libraries like Pandas, Numpy, and Matplotlib.",Text data analysis,6e5393579ed046aa,,0.9142822272797866,0.9142822272797866
221,Chuyên Viên Tuyển Dụng Và Đào Tạo,Python,Data Analysis,"Perform data analysis using Python libraries like Pandas, Numpy, and Matplotlib.",Text data analysis,6e5393579ed046aa,,0.9142822272797866,0.9142822272797866
221,Chuyên Viên Tuyển Dụng Và Đào Tạo,SQL,Data Analysis,"Perform data analysis using Python libraries like Pandas, Numpy, and Matplotlib.",Text data analysis,6e5393579ed046aa,,0.9142822272797866,0.9142822272797866
9,Chuyên Viên Nhân Sự Tổng Hợp,AWS,Data Analysis,"Perform data analysis using Python libraries like Pandas, Numpy, and Matplotlib.",Text data analysis,6e5393579ed046aa,,0.9142822272797866,0.9142822272797866
9,Chuyên Viên Nhân Sự Tổng Hợp,Lean,Data Analysis,"Perform data analysis using Python libraries like Pandas, Numpy, and Matplotlib.",Text data analysis,6e5393579ed046aa,,0.9142822272797866,0.9142822272797866
9,Chuyên Viên Nhân Sự Tổng Hợp,Python,Data Analysis,"Perform data analysis using Python libraries like Pandas, Numpy, and Matplotlib.",Text data analysis,6e5393579ed046aa,,0.9142822272797866,0.9142822272797866
9,Chuyên Viên Nhân Sự Tổng Hợp,SEO,Data Analysis,"Perform data analysis using Python libraries like Pandas, Numpy, and Matplotlib.",Text data analysis,6e5393579ed046aa,,0.9142822272797866,0.9142822272797866
9,Chuyên Viên Nhân Sự Tổng Hợp,SQL,Data Analysis,"Perform data analysis using Python libraries like Pandas, Numpy, and Matplotlib.",Text data analysis,6e5393579ed046aa,,0.9142822272797866,0.9142822272797866
90,"IT Comtor (PHP, Python, Laravel, WordPress, Japanese)",Docker,Data Analysis,"Perform data analysis using Python libraries like Pandas, Numpy, and Matplotlib.",Text data analysis,6e5393579ed046aa,,0.9142822272797866,0.9142822272797866
90,"IT Comtor (PHP, Python, Laravel, WordPress, Japanese)",Python,Data Analysis,"Perform data analysis using Python libraries like Pandas, Numpy, and Matplotlib.",Text data analysis,6e5393579ed046aa,,0.9142822272797866,0.9142822272797866
90,"IT Comtor (PHP, Python, Laravel, WordPress, Japanese)",WordPress,Data Analysis,"Perform data analysis using Python libraries like Pandas, Numpy, and Matplotlib.",Text data analysis,6e5393579ed046aa,,0.9142822272797866,0.9142822272797866
468,Sale Admin,Access,Self-Learning,Enhance self-learning abilities to independently study statistical methods.,Self-study and independent learning,83adeaf0e8c05d87,,0.9171211987506901,0.9171211987506901
468,Sale Admin,Data analysis,Self-Learning,Enhance self-learning abilities to independently study statistical methods.,Self-study and independent learning,83adeaf0e8c05d87,,0.9171211987506901,0.9171211987506901
468,Sale Admin,Interpreting,Self-Learning,Enhance self-learning abilities to independently study statistical methods.,Self-study and independent learning,83adeaf0e8c05d87,,0.9171211987506901,0.9171211987506901
468,Sale Admin,Reports,Self-Learning,Enhance self-learning abilities to independently study statistical methods.,Self-study and independent learning,83adeaf0e8c05d87,,0.9171211987506901,0.9171211987506901
468,Sale Admin,Data analysis,Statistical Software Proficiency,Demonstrate proficiency with statistical software,Software Proficiency,083f632133954ab7,0.07278540018441937,0.9197980934175822,0.9197980934175822
468,Sale Admin,Access,Statistical Software Proficiency,Demonstrate proficiency with statistical software,Software Proficiency,083f632133954ab7,,0.9197980934175822,0.9197980934175822
468,Sale Admin,Interpreting,Statistical Software Proficiency,Demonstrate proficiency with statistical software,Software Proficiency,083f632133954ab7,,0.9197980934175822,0.9197980934175822
468,Sale Admin,Reports,Statistical Software Proficiency,Demonstrate proficiency with statistical software,Software Proficiency,083f632133954ab7,,0.9197980934175822,0.9197980934175822
87,Process Quality Assurance (PQA),FMEA,System Terminology Understanding,"Understand key terms related to information systems, management information systems, system development, system analysis, physical design, logical design, system development lifecycle.",System Terminology Understanding,b300489eb2b5c5f5,,0.9214503796726615,0.9214503796726615
87,Process Quality Assurance (PQA),project-management-tools-JIRA,System Terminology Understanding,"Understand key terms related to information systems, management information systems, system development, system analysis, physical design, logical design, system development lifecycle.",System Terminology Understanding,b300489eb2b5c5f5,,0.9214503796726615,0.9214503796726615
221,Chuyên Viên Tuyển Dụng Và Đào Tạo,AWS,Presentation Skills,Effectively present problems and solutions,Presentation Skills Application,2a351dc567bd78d9,,0.9222162758851818,0.9222162758851818
221,Chuyên Viên Tuyển Dụng Và Đào Tạo,CISSP,Presentation Skills,Effectively present problems and solutions,Presentation Skills Application,2a351dc567bd78d9,,0.9222162758851818,0.9222162758851818
221,Chuyên Viên Tuyển Dụng Và Đào Tạo,Machine Learning,Presentation Skills,Effectively present problems and solutions,Presentation Skills Application,2a351dc567bd78d9,,0.9222162758851818,0.9222162758851818
221,Chuyên Viên Tuyển Dụng Và Đào Tạo,Python,Presentation Skills,Effectively present problems and solutions,Presentation Skills Application,2a351dc567bd78d9,,0.9222162758851818,0.9222162758851818
221,Chuyên Viên Tuyển Dụng Và Đào Tạo,SQL,Presentation Skills,Effectively present problems and solutions,Presentation Skills Application,2a351dc567bd78d9,,0.9222162758851818,0.9222162758851818
79,"Phụ Trách Kinh Doanh, Bảo Hiểm Phi Nhân Thọ",Partner Relationship Management,Independent work,Work independently on tasks related to customer relationship management.,Applying customer relationship management techniques,c931a72b4dd89a7f,0.2438433967759939,0.9266944685950498,0.9266944685950498
79,"Phụ Trách Kinh Doanh, Bảo Hiểm Phi Nhân Thọ",Non-life Insurance Products,Independent work,Work independently on tasks related to customer relationship management.,Applying customer relationship management techniques,c931a72b4dd89a7f,,0.9266944685950498,0.9266944685950498
79,"Phụ Trách Kinh Doanh, Bảo Hiểm Phi Nhân Thọ",Sales Agent Training,Independent work,Work independently on tasks related to customer relationship management.,Applying customer relationship management techniques,c931a72b4dd89a7f,,0.9266944685950498,0.9266944685950498
12,"Data Engineer (Spark, AWS Glue) (Onboard ASAP)",Docker,Identity Management,Manage identities within cloud computing environments.,Identity Management,ad4b0d58e0291133,,0.9311172667899519,0.9311172667899519
12,"Data Engineer (Spark, AWS Glue) (Onboard ASAP)",ECS/EKS,Identity Management,Manage identities within cloud computing environments.,Identity Management,ad4b0d58e0291133,,0.9311172667899519,0.9311172667899519
12,"Data Engineer (Spark, AWS Glue) (Onboard ASAP)",containerization,Identity Management,Manage identities within cloud computing environments.,Identity Management,ad4b0d58e0291133,,0.9311172667899519,0.9311172667899519
219,Chuyên Viên Quảng Cáo (Google Ads; Facebook Ads; Tik Tok Ads),AI,Collaborative Problem Solving,Collaborate effectively in teams to solve problems related to AI applications.,Identify basic problems in AI,5d9de9c43fd6503d,0.9473688903910749,0.9355963699582805,0.9355963699582805
219,Chuyên Viên Quảng Cáo (Google Ads; Facebook Ads; Tik Tok Ads),Zalo Ads,Collaborative Problem Solving,Collaborate effectively in teams to solve problems related to AI applications.,Identify basic problems in AI,5d9de9c43fd6503d,,0.9355963699582805,0.9355963699582805
219,Chuyên Viên Quảng Cáo (Google Ads; Facebook Ads; Tik Tok Ads),chatbots,Collaborative Problem Solving,Collaborate effectively in teams to solve problems related to AI applications.,Identify basic problems in AI,5d9de9c43fd6503d,,0.9355963699582805,0.9355963699582805
208,"Back End Developer (Java, MySQL, Spring)",GOC,Group Organization,Organize and coordinate group work to solve class problems.,Group activity organization,1da91663b28a27fa,0.6916944830961395,0.935811332571024,0.935811332571024
12,"Data Engineer (Spark, AWS Glue) (Onboard ASAP)",containerization,Group Organization,Organize and coordinate group work to solve class problems.,Group activity organization,1da91663b28a27fa,0.6825747235088243,0.935811332571024,0.935811332571024
66,"Data Engineer (Spark, AWS Glue, Python) (Onboard ASAP)",IAM,Group Organization,Organize and coordinate group work to solve class problems.,Group activity organization,1da91663b28a27fa,0.6789334778176218,0.935811332571024,0.935811332571024
0,Data Engineer (DBA),Azure,Group Organization,Organize and coordinate group work to solve class problems.,Group activity organization,1da91663b28a27fa,,0.935811332571024,0.935811332571024
0,Data Engineer (DBA),BigQuery,Group Organization,Organize and coordinate group work to solve class problems.,Group activity organization,1da91663b28a27fa,,0.935811332571024,0.935811332571024
0,Data Engineer (DBA),Redshift,Group Organization,Organize and coordinate group work to solve class problems.,Group activity organization,1da91663b28a27fa,,0.935811332571024,0.935811332571024
103,Data Engineer (DBA),Azure,Group Organization,Organize and coordinate group work to solve class problems.,Group activity organization,1da91663b28a27fa,,0.935811332571024,0.935811332571024
103,Data Engineer (DBA),Change management,Group Organization,Organize and coordinate group work to solve class problems.,Group activity organization,1da91663b28a27fa,,0.935811332571024,0.935811332571024
103,Data Engineer (DBA),GCP,Group Organization,Organize and coordinate group work to solve class problems.,Group activity organization,1da91663b28a27fa,,0.935811332571024,0.935811332571024
103,Data Engineer (DBA),MariaDB,Group Organization,Organize and coordinate group work to solve class problems.,Group activity organization,1da91663b28a27fa,,0.935811332571024,0.935811332571024
103,Data Engineer (DBA),Oracle,Group Organization,Organize and coordinate group work to solve class problems.,Group activity organization,1da91663b28a27fa,,0.935811332571024,0.935811332571024
103,Data Engineer (DBA),Performance tuning,Group Organization,Organize and coordinate group work to solve class problems.,Group activity organization,1da91663b28a27fa,,0.935811332571024,0.935811332571024
12,"Data Engineer (Spark, AWS Glue) (Onboard ASAP)",Docker,Group Organization,Organize and coordinate group work to solve class problems.,Group activity organization,1da91663b28a27fa,,0.935811332571024,0.935811332571024
12,"Data Engineer (Spark, AWS Glue) (Onboard ASAP)",ECS/EKS,Group Organization,Organize and coordinate group work to solve class problems.,Group activity organization,1da91663b28a27fa,,0.935811332571024,0.935811332571024
208,"Back End Developer (Java, MySQL, Spring)",AWS,Group Organization,Organize and coordinate group work to solve class problems.,Group activity organization,1da91663b28a27fa,,0.935811332571024,0.935811332571024
208,"Back End Developer (Java, MySQL, Spring)",GCP,Group Organization,Organize and coordinate group work to solve class problems.,Group activity organization,1da91663b28a27fa,,0.935811332571024,0.935811332571024
208,"Back End Developer (Java, MySQL, Spring)",Kubernetes,Group Organization,Organize and coordinate group work to solve class problems.,Group activity organization,1da91663b28a27fa,,0.935811332571024,0.935811332571024
221,Chuyên Viên Tuyển Dụng Và Đào Tạo,AWS,Group Organization,Organize and coordinate group work to solve class problems.,Group activity organization,1da91663b28a27fa,,0.935811332571024,0.935811332571024
221,Chuyên Viên Tuyển Dụng Và Đào Tạo,CISSP,Group Organization,Organize and coordinate group work to solve class problems.,Group activity organization,1da91663b28a27fa,,0.935811332571024,0.935811332571024
221,Chuyên Viên Tuyển Dụng Và Đào Tạo,Machine Learning,Group Organization,Organize and coordinate group work to solve class problems.,Group activity organization,1da91663b28a27fa,,0.935811332571024,0.935811332571024
221,Chuyên Viên Tuyển Dụng Và Đào Tạo,Python,Group Organization,Organize and coordinate group work to solve class problems.,Group activity organization,1da91663b28a27fa,,0.935811332571024,0.935811332571024
221,Chuyên Viên Tuyển Dụng Và Đào Tạo,SQL,Group Organization,Organize and coordinate group work to solve class problems.,Group activity organization,1da91663b28a27fa,,0.935811332571024,0.935811332571024
55,"Back End Developer (Java, MySQL, Spring)",AWS,Group Organization,Organize and coordinate group work to solve class problems.,Group activity organization,1da91663b28a27fa,,0.935811332571024,0.935811332571024
55,"Back End Developer (Java, MySQL, Spring)",GCP,Group Organization,Organize and coordinate group work to solve class problems.,Group activity organization,1da91663b28a27fa,,0.935811332571024,0.935811332571024
55,"Back End Developer (Java, MySQL, Spring)",GO,Group Organization,Organize and coordinate group work to solve class problems.,Group activity organization,1da91663b28a27fa,,0.935811332571024,0.935811332571024
55,"Back End Developer (Java, MySQL, Spring)",Kubernetes,Group Organization,Organize and coordinate group work to solve class problems.,Group activity organization,1da91663b28a27fa,,0.935811332571024,0.935811332571024
55,"Back End Developer (Java, MySQL, Spring)",MongoDB,Group Organization,Organize and coordinate group work to solve class problems.,Group activity organization,1da91663b28a27fa,,0.935811332571024,0.935811332571024
66,"Data Engineer (Spark, AWS Glue, Python) (Onboard ASAP)",AWS Glue,Group Organization,Organize and coordinate group work to solve class problems.,Group activity organization,1da91663b28a27fa,,0.935811332571024,0.935811332571024
66,"Data Engineer (Spark, AWS Glue, Python) (Onboard ASAP)",EC2,Group Organization,Organize and coordinate group work to solve class problems.,Group activity organization,1da91663b28a27fa,,0.935811332571024,0.935811332571024
66,"Data Engineer (Spark, AWS Glue, Python) (Onboard ASAP)",ECS/EKS,Group Organization,Organize and coordinate group work to solve class problems.,Group activity organization,1da91663b28a27fa,,0.935811332571024,0.935811332571024
66,"Data Engineer (Spark, AWS Glue, Python) (Onboard ASAP)",VPC,Group Organization,Organize and coordinate group work to solve class problems.,Group activity organization,1da91663b28a27fa,,0.935811332571024,0.935811332571024
155,"Nhân Viên Tư Vấn Tuyển Sinh/ Telesale/ Sale Giáo Dục (NỮ, 23 - 31 Tuổi), Thu Nhập 18 - 30 Triệu++ Tại Hồ Chí Minh",E-learning product knowledge,Writing Skills,Ability to construct simple sentences and combine them using basic linking devices to form short descriptive paragraphs or letters.,Simple Writing,f2285c554b699c78,,0.9373009730166905,0.9373009730166905
155,"Nhân Viên Tư Vấn Tuyển Sinh/ Telesale/ Sale Giáo Dục (NỮ, 23 - 31 Tuổi), Thu Nhập 18 - 30 Triệu++ Tại Hồ Chí Minh",English proficiency (IELTS 5.5 or equivalent),Writing Skills,Ability to construct simple sentences and combine them using basic linking devices to form short descriptive paragraphs or letters.,Simple Writing,f2285c554b699c78,,0.9373009730166905,0.9373009730166905
221,Chuyên Viên Tuyển Dụng Và Đào Tạo,AWS,Collaborative Work,Work effectively in teams,Working effectively in diverse teams,6c48f94ad962da12,,0.9376771314856127,0.9376771314856127
221,Chuyên Viên Tuyển Dụng Và Đào Tạo,CISSP,Collaborative Work,Work effectively in teams,Working effectively in diverse teams,6c48f94ad962da12,,0.9376771314856127,0.9376771314856127
221,Chuyên Viên Tuyển Dụng Và Đào Tạo,Machine Learning,Collaborative Work,Work effectively in teams,Working effectively in diverse teams,6c48f94ad962da12,,0.9376771314856127,0.9376771314856127
221,Chuyên Viên Tuyển Dụng Và Đào Tạo,Python,Collaborative Work,Work effectively in teams,Working effectively in diverse teams,6c48f94ad962da12,,0.9376771314856127,0.9376771314856127
221,Chuyên Viên Tuyển Dụng Và Đào Tạo,SQL,Collaborative Work,Work effectively in teams,Working effectively in diverse teams,6c48f94ad962da12,,0.9376771314856127,0.9376771314856127
753,Middle/Senior UI/UX Designer,A/B Testing,Project Management Skills,"Apply knowledge, methods, techniques, and tools appropriately to develop and evaluate software in specific projects.",Using software to manage projects,00c4a70843ae0138,,0.9380296414385465,0.9380296414385465
753,Middle/Senior UI/UX Designer,AI Copilot Studio,Project Management Skills,"Apply knowledge, methods, techniques, and tools appropriately to develop and evaluate software in specific projects.",Using software to manage projects,00c4a70843ae0138,,0.9380296414385465,0.9380296414385465
753,Middle/Senior UI/UX Designer,Design Tokens,Project Management Skills,"Apply knowledge, methods, techniques, and tools appropriately to develop and evaluate software in specific projects.",Using software to manage projects,00c4a70843ae0138,,0.9380296414385465,0.9380296414385465
753,Middle/Senior UI/UX Designer,Heuristic Evaluation,Project Management Skills,"Apply knowledge, methods, techniques, and tools appropriately to develop and evaluate software in specific projects.",Using software to manage projects,00c4a70843ae0138,,0.9380296414385465,0.9380296414385465
221,Chuyên Viên Tuyển Dụng Và Đào Tạo,AWS,Independent Work Skills,Demonstrate ability to work independently and in teams.,Working independently and in teams to solve requirements in study and assigned work,9f51ccd7e4cd9081,,0.94199783501584,0.94199783501584
221,Chuyên Viên Tuyển Dụng Và Đào Tạo,CISSP,Independent Work Skills,Demonstrate ability to work independently and in teams.,Working independently and in teams to solve requirements in study and assigned work,9f51ccd7e4cd9081,,0.94199783501584,0.94199783501584
221,Chuyên Viên Tuyển Dụng Và Đào Tạo,Machine Learning,Independent Work Skills,Demonstrate ability to work independently and in teams.,Working independently and in teams to solve requirements in study and assigned work,9f51ccd7e4cd9081,,0.94199783501584,0.94199783501584
221,Chuyên Viên Tuyển Dụng Và Đào Tạo,Python,Independent Work Skills,Demonstrate ability to work independently and in teams.,Working independently and in teams to solve requirements in study and assigned work,9f51ccd7e4cd9081,,0.94199783501584,0.94199783501584
221,Chuyên Viên Tuyển Dụng Và Đào Tạo,SQL,Independent Work Skills,Demonstrate ability to work independently and in teams.,Working independently and in teams to solve requirements in study and assigned work,9f51ccd7e4cd9081,,0.94199783501584,0.94199783501584
753,Middle/Senior UI/UX Designer,A/B Testing,Software Testing,"Understand and apply software testing methodologies, including white-box and black-box testing.",Software Testing,a19c6dd054f93a53,0.3,0.9421374214302125,0.9421374214302125
753,Middle/Senior UI/UX Designer,AI Copilot Studio,Software Testing,"Understand and apply software testing methodologies, including white-box and black-box testing.",Software Testing,a19c6dd054f93a53,,0.9421374214302125,0.9421374214302125
753,Middle/Senior UI/UX Designer,Design Tokens,Software Testing,"Understand and apply software testing methodologies, including white-box and black-box testing.",Software Testing,a19c6dd054f93a53,,0.9421374214302125,0.9421374214302125
753,Middle/Senior UI/UX Designer,Heuristic Evaluation,Software Testing,"Understand and apply software testing methodologies, including white-box and black-box testing.",Software Testing,a19c6dd054f93a53,,0.9421374214302125,0.9421374214302125
9,Chuyên Viên Nhân Sự Tổng Hợp,SQL,Transaction Management,Manage transactions in SQL Server.,SQL Server,79c41baebfebd6a5,0.3,0.9428076803760561,0.9428076803760561
226,Nhân Viên Kho Cửa Hàng - Làm Part Time Tại Quận 1,database management,Transaction Management,Manage transactions in SQL Server.,SQL Server,79c41baebfebd6a5,0.1030479858042815,0.9428076803760561,0.9428076803760561
9,Chuyên Viên Nhân Sự Tổng Hợp,AWS,Transaction Management,Manage transactions in SQL Server.,SQL Server,79c41baebfebd6a5,,0.9428076803760561,0.9428076803760561
9,Chuyên Viên Nhân Sự Tổng Hợp,Lean,Transaction Management,Manage transactions in SQL Server.,SQL Server,79c41baebfebd6a5,,0.9428076803760561,0.9428076803760561
9,Chuyên Viên Nhân Sự Tổng Hợp,Python,Transaction Management,Manage transactions in SQL Server.,SQL Server,79c41baebfebd6a5,,0.9428076803760561,0.9428076803760561
9,Chuyên Viên Nhân Sự Tổng Hợp,SEO,Transaction Management,Manage transactions in SQL Server.,SQL Server,79c41baebfebd6a5,,0.9428076803760561,0.9428076803760561
468,Sale Admin,Access,Critical Thinking,Develop critical thinking abilities,Critical thinking skills,5a36ab57258c2dab,,0.945298098300683,0.945298098300683
468,Sale Admin,Data analysis,Critical Thinking,Develop critical thinking abilities,Critical thinking skills,5a36ab57258c2dab,,0.945298098300683,0.945298098300683
468,Sale Admin,Interpreting,Critical Thinking,Develop critical thinking abilities,Critical thinking skills,5a36ab57258c2dab,,0.945298098300683,0.945298098300683
468,Sale Admin,Reports,Critical Thinking,Develop critical thinking abilities,Critical thinking skills,5a36ab57258c2dab,,0.945298098300683,0.945298098300683
87,Process Quality Assurance (PQA),FMEA,Self-study Skills,"Skills to self-study and read materials about analyzing, designing, developing, operating, and maintaining information systems.",Self-study and knowledge accumulation skills,23b7dfdab21574d7,,0.9453451017263765,0.9453451017263765
87,Process Quality Assurance (PQA),project-management-tools-JIRA,Self-study Skills,"Skills to self-study and read materials about analyzing, designing, developing, operating, and maintaining information systems.",Self-study and knowledge accumulation skills,23b7dfdab21574d7,,0.9453451017263765,0.9453451017263765
0,Data Engineer (DBA),Azure,Group work,Work collaboratively in groups,Group work,73051fd1339f88d8,,0.9496891955402333,0.9496891955402333
0,Data Engineer (DBA),BigQuery,Group work,Work collaboratively in groups,Group work,73051fd1339f88d8,,0.9496891955402333,0.9496891955402333
0,Data Engineer (DBA),Redshift,Group work,Work collaboratively in groups,Group work,73051fd1339f88d8,,0.9496891955402333,0.9496891955402333
12,"Data Engineer (Spark, AWS Glue) (Onboard ASAP)",Docker,Group work,Work collaboratively in groups,Group work,73051fd1339f88d8,,0.9496891955402333,0.9496891955402333
12,"Data Engineer (Spark, AWS Glue) (Onboard ASAP)",ECS/EKS,Group work,Work collaboratively in groups,Group work,73051fd1339f88d8,,0.9496891955402333,0.9496891955402333
12,"Data Engineer (Spark, AWS Glue) (Onboard ASAP)",containerization,Group work,Work collaboratively in groups,Group work,73051fd1339f88d8,,0.9496891955402333,0.9496891955402333
208,"Back End Developer (Java, MySQL, Spring)",AWS,Group work,Work collaboratively in groups,Group work,73051fd1339f88d8,,0.9496891955402333,0.9496891955402333
208,"Back End Developer (Java, MySQL, Spring)",GCP,Group work,Work collaboratively in groups,Group work,73051fd1339f88d8,,0.9496891955402333,0.9496891955402333
208,"Back End Developer (Java, MySQL, Spring)",GOC,Group work,Work collaboratively in groups,Group work,73051fd1339f88d8,,0.9496891955402333,0.9496891955402333
208,"Back End Developer (Java, MySQL, Spring)",Kubernetes,Group work,Work collaboratively in groups,Group work,73051fd1339f88d8,,0.9496891955402333,0.9496891955402333
221,Chuyên Viên Tuyển Dụng Và Đào Tạo,Machine Learning,Self-directed Learning,Independently complete assignments and projects assigned by instructors.,Self-directed learning,f2430421e4b50a24,0.0981488861139873,0.9513920412889397,0.9513920412889397
221,Chuyên Viên Tuyển Dụng Và Đào Tạo,AWS,Self-directed Learning,Independently complete assignments and projects assigned by instructors.,Self-directed learning,f2430421e4b50a24,,0.9513920412889397,0.9513920412889397
221,Chuyên Viên Tuyển Dụng Và Đào Tạo,CISSP,Self-directed Learning,Independently complete assignments and projects assigned by instructors.,Self-directed learning,f2430421e4b50a24,,0.9513920412889397,0.9513920412889397
221,Chuyên Viên Tuyển Dụng Và Đào Tạo,Python,Self-directed Learning,Independently complete assignments and projects assigned by instructors.,Self-directed learning,f2430421e4b50a24,,0.9513920412889397,0.9513920412889397
221,Chuyên Viên Tuyển Dụng Và Đào Tạo,SQL,Self-directed Learning,Independently complete assignments and projects assigned by instructors.,Self-directed learning,f2430421e4b50a24,,0.9513920412889397,0.9513920412889397
9,Chuyên Viên Nhân Sự Tổng Hợp,AWS,Self-directed Learning,Independently complete assignments and projects assigned by instructors.,Self-directed learning,f2430421e4b50a24,,0.9513920412889397,0.9513920412889397
9,Chuyên Viên Nhân Sự Tổng Hợp,Lean,Self-directed Learning,Independently complete assignments and projects assigned by instructors.,Self-directed learning,f2430421e4b50a24,,0.9513920412889397,0.9513920412889397
9,Chuyên Viên Nhân Sự Tổng Hợp,Python,Self-directed Learning,Independently complete assignments and projects assigned by instructors.,Self-directed learning,f2430421e4b50a24,,0.9513920412889397,0.9513920412889397
9,Chuyên Viên Nhân Sự Tổng Hợp,SEO,Self-directed Learning,Independently complete assignments and projects assigned by instructors.,Self-directed learning,f2430421e4b50a24,,0.9513920412889397,0.9513920412889397
9,Chuyên Viên Nhân Sự Tổng Hợp,SQL,Self-directed Learning,Independently complete assignments and projects assigned by instructors.,Self-directed learning,f2430421e4b50a24,,0.9513920412889397,0.9513920412889397
90,"IT Comtor (PHP, Python, Laravel, WordPress, Japanese)",Docker,Self-directed Learning,Independently complete assignments and projects assigned by instructors.,Self-directed learning,f2430421e4b50a24,,0.9513920412889397,0.9513920412889397
90,"IT Comtor (PHP, Python, Laravel, WordPress, Japanese)",Python,Self-directed Learning,Independently complete assignments and projects assigned by instructors.,Self-directed learning,f2430421e4b50a24,,0.9513920412889397,0.9513920412889397
90,"IT Comtor (PHP, Python, Laravel, WordPress, Japanese)",WordPress,Self-directed Learning,Independently complete assignments and projects assigned by instructors.,Self-directed learning,f2430421e4b50a24,,0.9513920412889397,0.9513920412889397
221,Chuyên Viên Tuyển Dụng Và Đào Tạo,Machine Learning,Self-Directed Learning,Demonstrate ability to learn independently and manage time effectively.,Self-directed learning and research,8c3b58452ceea052,0.07997486503135466,0.9534088368069937,0.9534088368069937
221,Chuyên Viên Tuyển Dụng Và Đào Tạo,AWS,Self-Directed Learning,Demonstrate ability to learn independently and manage time effectively.,Self-directed learning and research,8c3b58452ceea052,,0.9534088368069937,0.9534088368069937
221,Chuyên Viên Tuyển Dụng Và Đào Tạo,CISSP,Self-Directed Learning,Demonstrate ability to learn independently and manage time effectively.,Self-directed learning and research,8c3b58452ceea052,,0.9534088368069937,0.9534088368069937
221,Chuyên Viên Tuyển Dụng Và Đào Tạo,Python,Self-Directed Learning,Demonstrate ability to learn independently and manage time effectively.,Self-directed learning and research,8c3b58452ceea052,,0.9534088368069937,0.9534088368069937
221,Chuyên Viên Tuyển Dụng Và Đào Tạo,SQL,Self-Directed Learning,Demonstrate ability to learn independently and manage time effectively.,Self-directed learning and research,8c3b58452ceea052,,0.9534088368069937,0.9534088368069937
9,Chuyên Viên Nhân Sự Tổng Hợp,AWS,Self-Directed Learning,Demonstrate ability to learn independently and manage time effectively.,Self-directed learning and research,8c3b58452ceea052,,0.9534088368069937,0.9534088368069937
9,Chuyên Viên Nhân Sự Tổng Hợp,Lean,Self-Directed Learning,Demonstrate ability to learn independently and manage time effectively.,Self-directed learning and research,8c3b58452ceea052,,0.9534088368069937,0.9534088368069937
9,Chuyên Viên Nhân Sự Tổng Hợp,Python,Self-Directed Learning,Demonstrate ability to learn independently and manage time effectively.,Self-directed learning and research,8c3b58452ceea052,,0.9534088368069937,0.9534088368069937
9,Chuyên Viên Nhân Sự Tổng Hợp,SEO,Self-Directed Learning,Demonstrate ability to learn independently and manage time effectively.,Self-directed learning and research,8c3b58452ceea052,,0.9534088368069937,0.9534088368069937
9,Chuyên Viên Nhân Sự Tổng Hợp,SQL,Self-Directed Learning,Demonstrate ability to learn independently and manage time effectively.,Self-directed learning and research,8c3b58452ceea052,,0.9534088368069937,0.9534088368069937
90,"IT Comtor (PHP, Python, Laravel, WordPress, Japanese)",Docker,Self-Directed Learning,Demonstrate ability to learn independently and manage time effectively.,Self-directed learning and research,8c3b58452ceea052,,0.9534088368069937,0.9534088368069937
90,"IT Comtor (PHP, Python, Laravel, WordPress, Japanese)",Python,Self-Directed Learning,Demonstrate ability to learn independently and manage time effectively.,Self-directed learning and research,8c3b58452ceea052,,0.9534088368069937,0.9534088368069937
90,"IT Comtor (PHP, Python, Laravel, WordPress, Japanese)",WordPress,Self-Directed Learning,Demonstrate ability to learn independently and manage time effectively.,Self-directed learning and research,8c3b58452ceea052,,0.9534088368069937,0.9534088368069937
468,Sale Admin,Data analysis,Data Visualization Techniques,Systematize foundational knowledge about data visualization techniques for qualitative and quantitative data.,Data Visualization,0ce35f7d00d80024,0.1773578204668797,0.9560919468092175,0.9560919468092175
142,Nhân Viên Nuôi Tài Khoản Facebook Ads,Data Analysis for Facebook Ad Campaigns,Data Visualization Techniques,Systematize foundational knowledge about data visualization techniques for qualitative and quantitative data.,Data Visualization,0ce35f7d00d80024,0.159202861852789,0.9560919468092175,0.9560919468092175
468,Sale Admin,Access,Data Visualization Techniques,Systematize foundational knowledge about data visualization techniques for qualitative and quantitative data.,Data Visualization,0ce35f7d00d80024,,0.9560919468092175,0.9560919468092175
468,Sale Admin,Interpreting,Data Visualization Techniques,Systematize foundational knowledge about data visualization techniques for qualitative and quantitative data.,Data Visualization,0ce35f7d00d80024,,0.9560919468092175,0.9560919468092175
468,Sale Admin,Reports,Data Visualization Techniques,Systematize foundational knowledge about data visualization techniques for qualitative and quantitative data.,Data Visualization,0ce35f7d00d80024,,0.9560919468092175,0.9560919468092175
221,Chuyên Viên Tuyển Dụng Và Đào Tạo,Machine Learning,Independent Learning,Ability to independently learn and understand materials,Developing independent learning ability,d2081d3240c40a0d,0.08813473391725418,0.956392463094923,0.956392463094923
221,Chuyên Viên Tuyển Dụng Và Đào Tạo,AWS,Independent Learning,Ability to independently learn and understand materials,Developing independent learning ability,d2081d3240c40a0d,,0.956392463094923,0.956392463094923
221,Chuyên Viên Tuyển Dụng Và Đào Tạo,CISSP,Independent Learning,Ability to independently learn and understand materials,Developing independent learning ability,d2081d3240c40a0d,,0.956392463094923,0.956392463094923
221,Chuyên Viên Tuyển Dụng Và Đào Tạo,Python,Independent Learning,Ability to independently learn and understand materials,Developing independent learning ability,d2081d3240c40a0d,,0.956392463094923,0.956392463094923
221,Chuyên Viên Tuyển Dụng Và Đào Tạo,SQL,Independent Learning,Ability to independently learn and understand materials,Developing independent learning ability,d2081d3240c40a0d,,0.956392463094923,0.956392463094923
67,Kỹ Sư Lập Trình Hệ Thống,CAN,Self-directed Learning,Demonstrate ability to learn independently and manage group work.,Self-learning ability,5d241ab0b35c2b0f,,0.958441805018081,0.958441805018081
67,Kỹ Sư Lập Trình Hệ Thống,Ethernet,Self-directed Learning,Demonstrate ability to learn independently and manage group work.,Self-learning ability,5d241ab0b35c2b0f,,0.958441805018081,0.958441805018081
67,Kỹ Sư Lập Trình Hệ Thống,FPGA,Self-directed Learning,Demonstrate ability to learn independently and manage group work.,Self-learning ability,5d241ab0b35c2b0f,,0.958441805018081,0.958441805018081
67,Kỹ Sư Lập Trình Hệ Thống,IPCore,Self-directed Learning,Demonstrate ability to learn independently and manage group work.,Self-learning ability,5d241ab0b35c2b0f,,0.958441805018081,0.958441805018081
67,Kỹ Sư Lập Trình Hệ Thống,Java,Self-directed Learning,Demonstrate ability to learn independently and manage group work.,Self-learning ability,5d241ab0b35c2b0f,,0.958441805018081,0.958441805018081
67,Kỹ Sư Lập Trình Hệ Thống,multithreading,Self-directed Learning,Demonstrate ability to learn independently and manage group work.,Self-learning ability,5d241ab0b35c2b0f,,0.958441805018081,0.958441805018081
67,Kỹ Sư Lập Trình Hệ Thống,parallel processing,Self-directed Learning,Demonstrate ability to learn independently and manage group work.,Self-learning ability,5d241ab0b35c2b0f,,0.958441805018081,0.958441805018081
9,Chuyên Viên Nhân Sự Tổng Hợp,AWS,Problem-solving skills,Develop problem-solving skills,Legal problem-solving skills,9d45a9aece3a2c4d,,0.9592568599206748,0.9592568599206748
9,Chuyên Viên Nhân Sự Tổng Hợp,Lean,Problem-solving skills,Develop problem-solving skills,Legal problem-solving skills,9d45a9aece3a2c4d,,0.9592568599206748,0.9592568599206748
9,Chuyên Viên Nhân Sự Tổng Hợp,Python,Problem-solving skills,Develop problem-solving skills,Legal problem-solving skills,9d45a9aece3a2c4d,,0.9592568599206748,0.9592568599206748
9,Chuyên Viên Nhân Sự Tổng Hợp,SEO,Problem-solving skills,Develop problem-solving skills,Legal problem-solving skills,9d45a9aece3a2c4d,,0.9592568599206748,0.9592568599206748
9,Chuyên Viên Nhân Sự Tổng Hợp,SQL,Problem-solving skills,Develop problem-solving skills,Legal problem-solving skills,9d45a9aece3a2c4d,,0.9592568599206748,0.9592568599206748
219,Chuyên Viên Quảng Cáo (Google Ads; Facebook Ads; Tik Tok Ads),AI,Independent study and group work,Demonstrate ability to work independently and collaboratively in groups,Independent study and group work,7129baa8c4ac7016,,0.9596681610523761,0.9596681610523761
219,Chuyên Viên Quảng Cáo (Google Ads; Facebook Ads; Tik Tok Ads),Zalo Ads,Independent study and group work,Demonstrate ability to work independently and collaboratively in groups,Independent study and group work,7129baa8c4ac7016,,0.9596681610523761,0.9596681610523761
219,Chuyên Viên Quảng Cáo (Google Ads; Facebook Ads; Tik Tok Ads),chatbots,Independent study and group work,Demonstrate ability to work independently and collaboratively in groups,Independent study and group work,7129baa8c4ac7016,,0.9596681610523761,0.9596681610523761
435,Thiết Kế UI/UX (App Mobile),AI,Independent study and group work,Demonstrate ability to work independently and collaboratively in groups,Independent study and group work,7129baa8c4ac7016,,0.9596681610523761,0.9596681610523761
435,Thiết Kế UI/UX (App Mobile),Material Design,Independent study and group work,Demonstrate ability to work independently and collaboratively in groups,Independent study and group work,7129baa8c4ac7016,,0.9596681610523761,0.9596681610523761
12,"Data Engineer (Spark, AWS Glue) (Onboard ASAP)",Docker,Collaboration and Responsibility,"Demonstrate organizational discipline, cooperation, and personal responsibility.",Organizational discipline and responsibility,2ef44e3596634842,,0.9601634064169657,0.9601634064169657
12,"Data Engineer (Spark, AWS Glue) (Onboard ASAP)",ECS/EKS,Collaboration and Responsibility,"Demonstrate organizational discipline, cooperation, and personal responsibility.",Organizational discipline and responsibility,2ef44e3596634842,,0.9601634064169657,0.9601634064169657
12,"Data Engineer (Spark, AWS Glue) (Onboard ASAP)",containerization,Collaboration and Responsibility,"Demonstrate organizational discipline, cooperation, and personal responsibility.",Organizational discipline and responsibility,2ef44e3596634842,,0.9601634064169657,0.9601634064169657
226,Nhân Viên Kho Cửa Hàng - Làm Part Time Tại Quận 1,database management,Model Analysis,"Approach different database models and have analytical, advisory, and supportive skills for digital transformation processes.",Model Analysis,cfc9912f07051542,0.05512511098084103,0.9611381231863023,0.9611381231863023
55,"Back End Developer (Java, MySQL, Spring)",AWS,Model Analysis,"Approach different database models and have analytical, advisory, and supportive skills for digital transformation processes.",Model Analysis,cfc9912f07051542,,0.9611381231863023,0.9611381231863023
55,"Back End Developer (Java, MySQL, Spring)",GCP,Model Analysis,"Approach different database models and have analytical, advisory, and supportive skills for digital transformation processes.",Model Analysis,cfc9912f07051542,,0.9611381231863023,0.9611381231863023
55,"Back End Developer (Java, MySQL, Spring)",GO,Model Analysis,"Approach different database models and have analytical, advisory, and supportive skills for digital transformation processes.",Model Analysis,cfc9912f07051542,,0.9611381231863023,0.9611381231863023
55,"Back End Developer (Java, MySQL, Spring)",Kubernetes,Model Analysis,"Approach different database models and have analytical, advisory, and supportive skills for digital transformation processes.",Model Analysis,cfc9912f07051542,,0.9611381231863023,0.9611381231863023
55,"Back End Developer (Java, MySQL, Spring)",MongoDB,Model Analysis,"Approach different database models and have analytical, advisory, and supportive skills for digital transformation processes.",Model Analysis,cfc9912f07051542,,0.9611381231863023,0.9611381231863023
9,Chuyên Viên Nhân Sự Tổng Hợp,AWS,Model Analysis,"Approach different database models and have analytical, advisory, and supportive skills for digital transformation processes.",Model Analysis,cfc9912f07051542,,0.9611381231863023,0.9611381231863023
9,Chuyên Viên Nhân Sự Tổng Hợp,Lean,Model Analysis,"Approach different database models and have analytical, advisory, and supportive skills for digital transformation processes.",Model Analysis,cfc9912f07051542,,0.9611381231863023,0.9611381231863023
9,Chuyên Viên Nhân Sự Tổng Hợp,Python,Model Analysis,"Approach different database models and have analytical, advisory, and supportive skills for digital transformation processes.",Model Analysis,cfc9912f07051542,,0.9611381231863023,0.9611381231863023
9,Chuyên Viên Nhân Sự Tổng Hợp,SEO,Model Analysis,"Approach different database models and have analytical, advisory, and supportive skills for digital transformation processes.",Model Analysis,cfc9912f07051542,,0.9611381231863023,0.9611381231863023
9,Chuyên Viên Nhân Sự Tổng Hợp,SQL,Model Analysis,"Approach different database models and have analytical, advisory, and supportive skills for digital transformation processes.",Model Analysis,cfc9912f07051542,,0.9611381231863023,0.9611381231863023
219,Chuyên Viên Quảng Cáo (Google Ads; Facebook Ads; Tik Tok Ads),AI,Artificial Intelligence Overview,"Understand basic concepts, achievements, application areas, and future trends of AI.",Artificial Intelligence Overview,338c268cf390197e,0.09508528688605318,0.9616494338879817,0.9616494338879817
219,Chuyên Viên Quảng Cáo (Google Ads; Facebook Ads; Tik Tok Ads),Zalo Ads,Artificial Intelligence Overview,"Understand basic concepts, achievements, application areas, and future trends of AI.",Artificial Intelligence Overview,338c268cf390197e,,0.9616494338879817,0.9616494338879817
219,Chuyên Viên Quảng Cáo (Google Ads; Facebook Ads; Tik Tok Ads),chatbots,Artificial Intelligence Overview,"Understand basic concepts, achievements, application areas, and future trends of AI.",Artificial Intelligence Overview,338c268cf390197e,,0.9616494338879817,0.9616494338879817
226,Nhân Viên Kho Cửa Hàng - Làm Part Time Tại Quận 1,database management,Database Model Understanding,"Understand different database models and have analytical, advisory, and supportive skills for digital transformation processes.",Database Model Understanding,eb348dd1755b7668,0.2061042303800233,0.9620344564018681,0.9620344564018681
55,"Back End Developer (Java, MySQL, Spring)",AWS,Database Model Understanding,"Understand different database models and have analytical, advisory, and supportive skills for digital transformation processes.",Database Model Understanding,eb348dd1755b7668,,0.9620344564018681,0.9620344564018681
55,"Back End Developer (Java, MySQL, Spring)",GCP,Database Model Understanding,"Understand different database models and have analytical, advisory, and supportive skills for digital transformation processes.",Database Model Understanding,eb348dd1755b7668,,0.9620344564018681,0.9620344564018681
55,"Back End Developer (Java, MySQL, Spring)",GO,Database Model Understanding,"Understand different database models and have analytical, advisory, and supportive skills for digital transformation processes.",Database Model Understanding,eb348dd1755b7668,,0.9620344564018681,0.9620344564018681
55,"Back End Developer (Java, MySQL, Spring)",Kubernetes,Database Model Understanding,"Understand different database models and have analytical, advisory, and supportive skills for digital transformation processes.",Database Model Understanding,eb348dd1755b7668,,0.9620344564018681,0.9620344564018681
55,"Back End Developer (Java, MySQL, Spring)",MongoDB,Database Model Understanding,"Understand different database models and have analytical, advisory, and supportive skills for digital transformation processes.",Database Model Understanding,eb348dd1755b7668,,0.9620344564018681,0.9620344564018681
9,Chuyên Viên Nhân Sự Tổng Hợp,AWS,Database Model Understanding,"Understand different database models and have analytical, advisory, and supportive skills for digital transformation processes.",Database Model Understanding,eb348dd1755b7668,,0.9620344564018681,0.9620344564018681
9,Chuyên Viên Nhân Sự Tổng Hợp,Lean,Database Model Understanding,"Understand different database models and have analytical, advisory, and supportive skills for digital transformation processes.",Database Model Understanding,eb348dd1755b7668,,0.9620344564018681,0.9620344564018681
9,Chuyên Viên Nhân Sự Tổng Hợp,Python,Database Model Understanding,"Understand different database models and have analytical, advisory, and supportive skills for digital transformation processes.",Database Model Understanding,eb348dd1755b7668,,0.9620344564018681,0.9620344564018681
9,Chuyên Viên Nhân Sự Tổng Hợp,SEO,Database Model Understanding,"Understand different database models and have analytical, advisory, and supportive skills for digital transformation processes.",Database Model Understanding,eb348dd1755b7668,,0.9620344564018681,0.9620344564018681
9,Chuyên Viên Nhân Sự Tổng Hợp,SQL,Database Model Understanding,"Understand different database models and have analytical, advisory, and supportive skills for digital transformation processes.",Database Model Understanding,eb348dd1755b7668,,0.9620344564018681,0.9620344564018681
12,"Data Engineer (Spark, AWS Glue) (Onboard ASAP)",Docker,Self-directed Learning,Develop the ability to learn independently and take responsibility for personal and group work.,Working independently and taking personal responsibility,315c9b1660ee9c0e,,0.9620475141950049,0.9620475141950049
12,"Data Engineer (Spark, AWS Glue) (Onboard ASAP)",ECS/EKS,Self-directed Learning,Develop the ability to learn independently and take responsibility for personal and group work.,Working independently and taking personal responsibility,315c9b1660ee9c0e,,0.9620475141950049,0.9620475141950049
12,"Data Engineer (Spark, AWS Glue) (Onboard ASAP)",containerization,Self-directed Learning,Develop the ability to learn independently and take responsibility for personal and group work.,Working independently and taking personal responsibility,315c9b1660ee9c0e,,0.9620475141950049,0.9620475141950049
221,Chuyên Viên Tuyển Dụng Và Đào Tạo,AWS,Object-Oriented Programming,Implement object-oriented programming concepts in Python.,Object-Oriented Programming,31cdb63a1bef37c1,,0.962272156621468,0.962272156621468
221,Chuyên Viên Tuyển Dụng Và Đào Tạo,CISSP,Object-Oriented Programming,Implement object-oriented programming concepts in Python.,Object-Oriented Programming,31cdb63a1bef37c1,,0.962272156621468,0.962272156621468
221,Chuyên Viên Tuyển Dụng Và Đào Tạo,Machine Learning,Object-Oriented Programming,Implement object-oriented programming concepts in Python.,Object-Oriented Programming,31cdb63a1bef37c1,,0.962272156621468,0.962272156621468
221,Chuyên Viên Tuyển Dụng Và Đào Tạo,Python,Object-Oriented Programming,Implement object-oriented programming concepts in Python.,Object-Oriented Programming,31cdb63a1bef37c1,,0.962272156621468,0.962272156621468
221,Chuyên Viên Tuyển Dụng Và Đào Tạo,SQL,Object-Oriented Programming,Implement object-oriented programming concepts in Python.,Object-Oriented Programming,31cdb63a1bef37c1,,0.962272156621468,0.962272156621468
9,Chuyên Viên Nhân Sự Tổng Hợp,AWS,Object-Oriented Programming,Implement object-oriented programming concepts in Python.,Object-Oriented Programming,31cdb63a1bef37c1,,0.962272156621468,0.962272156621468
9,Chuyên Viên Nhân Sự Tổng Hợp,Lean,Object-Oriented Programming,Implement object-oriented programming concepts in Python.,Object-Oriented Programming,31cdb63a1bef37c1,,0.962272156621468,0.962272156621468
9,Chuyên Viên Nhân Sự Tổng Hợp,Python,Object-Oriented Programming,Implement object-oriented programming concepts in Python.,Object-Oriented Programming,31cdb63a1bef37c1,,0.962272156621468,0.962272156621468
9,Chuyên Viên Nhân Sự Tổng Hợp,SEO,Object-Oriented Programming,Implement object-oriented programming concepts in Python.,Object-Oriented Programming,31cdb63a1bef37c1,,0.962272156621468,0.962272156621468
9,Chuyên Viên Nhân Sự Tổng Hợp,SQL,Object-Oriented Programming,Implement object-oriented programming concepts in Python.,Object-Oriented Programming,31cdb63a1bef37c1,,0.962272156621468,0.962272156621468
90,"IT Comtor (PHP, Python, Laravel, WordPress, Japanese)",Docker,Object-Oriented Programming,Implement object-oriented programming concepts in Python.,Object-Oriented Programming,31cdb63a1bef37c1,,0.962272156621468,0.962272156621468
90,"IT Comtor (PHP, Python, Laravel, WordPress, Japanese)",Python,Object-Oriented Programming,Implement object-oriented programming concepts in Python.,Object-Oriented Programming,31cdb63a1bef37c1,,0.962272156621468,0.962272156621468
90,"IT Comtor (PHP, Python, Laravel, WordPress, Japanese)",WordPress,Object-Oriented Programming,Implement object-oriented programming concepts in Python.,Object-Oriented Programming,31cdb63a1bef37c1,,0.962272156621468,0.962272156621468
142,Nhân Viên Nuôi Tài Khoản Facebook Ads,Data Analysis for Facebook Ad Campaigns,Statistical Software Proficiency,Demonstrate proficiency in using statistical software such as R.,Statistical Software Proficiency,042082e84a565356,0.1017011096272089,0.9654609994760444,0.9654609994760444
468,Sale Admin,Data analysis,Statistical Software Proficiency,Demonstrate proficiency in using statistical software such as R.,Statistical Software Proficiency,042082e84a565356,0.08684246441975438,0.9654609994760444,0.9654609994760444
468,Sale Admin,Access,Statistical Software Proficiency,Demonstrate proficiency in using statistical software such as R.,Statistical Software Proficiency,042082e84a565356,,0.9654609994760444,0.9654609994760444
468,Sale Admin,Interpreting,Statistical Software Proficiency,Demonstrate proficiency in using statistical software such as R.,Statistical Software Proficiency,042082e84a565356,,0.9654609994760444,0.9654609994760444
468,Sale Admin,Reports,Statistical Software Proficiency,Demonstrate proficiency in using statistical software such as R.,Statistical Software Proficiency,042082e84a565356,,0.9654609994760444,0.9654609994760444
226,Nhân Viên Kho Cửa Hàng - Làm Part Time Tại Quận 1,database management,Self-directed Learning,Demonstrate ability to learn independently and seek out additional resources.,Self-learning ability,5d241ab0b35c2b0f,,0.9656281678039855,0.9656281678039855
9,Chuyên Viên Nhân Sự Tổng Hợp,AWS,Self-directed Learning,Demonstrate ability to learn independently and seek out additional resources.,Self-learning ability,5d241ab0b35c2b0f,,0.9656281678039855,0.9656281678039855
9,Chuyên Viên Nhân Sự Tổng Hợp,Lean,Self-directed Learning,Demonstrate ability to learn independently and seek out additional resources.,Self-learning ability,5d241ab0b35c2b0f,,0.9656281678039855,0.9656281678039855
9,Chuyên Viên Nhân Sự Tổng Hợp,Python,Self-directed Learning,Demonstrate ability to learn independently and seek out additional resources.,Self-learning ability,5d241ab0b35c2b0f,,0.9656281678039855,0.9656281678039855
9,Chuyên Viên Nhân Sự Tổng Hợp,SEO,Self-directed Learning,Demonstrate ability to learn independently and seek out additional resources.,Self-learning ability,5d241ab0b35c2b0f,,0.9656281678039855,0.9656281678039855
9,Chuyên Viên Nhân Sự Tổng Hợp,SQL,Self-directed Learning,Demonstrate ability to learn independently and seek out additional resources.,Self-learning ability,5d241ab0b35c2b0f,,0.9656281678039855,0.9656281678039855
221,Chuyên Viên Tuyển Dụng Và Đào Tạo,AWS,Data Types,Understand and apply various data types in Python.,Data Types Identification,5b239e35bda78f09,,0.9659129560938897,0.9659129560938897
221,Chuyên Viên Tuyển Dụng Và Đào Tạo,CISSP,Data Types,Understand and apply various data types in Python.,Data Types Identification,5b239e35bda78f09,,0.9659129560938897,0.9659129560938897
221,Chuyên Viên Tuyển Dụng Và Đào Tạo,Machine Learning,Data Types,Understand and apply various data types in Python.,Data Types Identification,5b239e35bda78f09,,0.9659129560938897,0.9659129560938897
221,Chuyên Viên Tuyển Dụng Và Đào Tạo,Python,Data Types,Understand and apply various data types in Python.,Data Types Identification,5b239e35bda78f09,,0.9659129560938897,0.9659129560938897
221,Chuyên Viên Tuyển Dụng Và Đào Tạo,SQL,Data Types,Understand and apply various data types in Python.,Data Types Identification,5b239e35bda78f09,,0.9659129560938897,0.9659129560938897
9,Chuyên Viên Nhân Sự Tổng Hợp,AWS,Data Types,Understand and apply various data types in Python.,Data Types Identification,5b239e35bda78f09,,0.9659129560938897,0.9659129560938897
9,Chuyên Viên Nhân Sự Tổng Hợp,Lean,Data Types,Understand and apply various data types in Python.,Data Types Identification,5b239e35bda78f09,,0.9659129560938897,0.9659129560938897
9,Chuyên Viên Nhân Sự Tổng Hợp,Python,Data Types,Understand and apply various data types in Python.,Data Types Identification,5b239e35bda78f09,,0.9659129560938897,0.9659129560938897
9,Chuyên Viên Nhân Sự Tổng Hợp,SEO,Data Types,Understand and apply various data types in Python.,Data Types Identification,5b239e35bda78f09,,0.9659129560938897,0.9659129560938897
9,Chuyên Viên Nhân Sự Tổng Hợp,SQL,Data Types,Understand and apply various data types in Python.,Data Types Identification,5b239e35bda78f09,,0.9659129560938897,0.9659129560938897
90,"IT Comtor (PHP, Python, Laravel, WordPress, Japanese)",Docker,Data Types,Understand and apply various data types in Python.,Data Types Identification,5b239e35bda78f09,,0.9659129560938897,0.9659129560938897
90,"IT Comtor (PHP, Python, Laravel, WordPress, Japanese)",Python,Data Types,Understand and apply various data types in Python.,Data Types Identification,5b239e35bda78f09,,0.9659129560938897,0.9659129560938897
90,"IT Comtor (PHP, Python, Laravel, WordPress, Japanese)",WordPress,Data Types,Understand and apply various data types in Python.,Data Types Identification,5b239e35bda78f09,,0.9659129560938897,0.9659129560938897
12,"Data Engineer (Spark, AWS Glue) (Onboard ASAP)",Docker,Critical Thinking,Analyze and evaluate cloud security solutions.,Cloud Security Architecture,448e8a55f0c63487,,0.9659567058453244,0.9659567058453244
12,"Data Engineer (Spark, AWS Glue) (Onboard ASAP)",ECS/EKS,Critical Thinking,Analyze and evaluate cloud security solutions.,Cloud Security Architecture,448e8a55f0c63487,,0.9659567058453244,0.9659567058453244
12,"Data Engineer (Spark, AWS Glue) (Onboard ASAP)",containerization,Critical Thinking,Analyze and evaluate cloud security solutions.,Cloud Security Architecture,448e8a55f0c63487,,0.9659567058453244,0.9659567058453244
0,Data Engineer (DBA),Azure,Research and analysis,Ability to summarize and present research findings,Research and analysis,06b2de49f296bd3e,,0.9661055289584686,0.9661055289584686
0,Data Engineer (DBA),BigQuery,Research and analysis,Ability to summarize and present research findings,Research and analysis,06b2de49f296bd3e,,0.9661055289584686,0.9661055289584686
0,Data Engineer (DBA),Redshift,Research and analysis,Ability to summarize and present research findings,Research and analysis,06b2de49f296bd3e,,0.9661055289584686,0.9661055289584686
12,"Data Engineer (Spark, AWS Glue) (Onboard ASAP)",Docker,Research and analysis,Ability to summarize and present research findings,Research and analysis,06b2de49f296bd3e,,0.9661055289584686,0.9661055289584686
12,"Data Engineer (Spark, AWS Glue) (Onboard ASAP)",ECS/EKS,Research and analysis,Ability to summarize and present research findings,Research and analysis,06b2de49f296bd3e,,0.9661055289584686,0.9661055289584686
12,"Data Engineer (Spark, AWS Glue) (Onboard ASAP)",containerization,Research and analysis,Ability to summarize and present research findings,Research and analysis,06b2de49f296bd3e,,0.9661055289584686,0.9661055289584686
208,"Back End Developer (Java, MySQL, Spring)",AWS,Research and analysis,Ability to summarize and present research findings,Research and analysis,06b2de49f296bd3e,,0.9661055289584686,0.9661055289584686
208,"Back End Developer (Java, MySQL, Spring)",GCP,Research and analysis,Ability to summarize and present research findings,Research and analysis,06b2de49f296bd3e,,0.9661055289584686,0.9661055289584686
208,"Back End Developer (Java, MySQL, Spring)",GOC,Research and analysis,Ability to summarize and present research findings,Research and analysis,06b2de49f296bd3e,,0.9661055289584686,0.9661055289584686
208,"Back End Developer (Java, MySQL, Spring)",Kubernetes,Research and analysis,Ability to summarize and present research findings,Research and analysis,06b2de49f296bd3e,,0.9661055289584686,0.9661055289584686
753,Middle/Senior UI/UX Designer,A/B Testing,Effective Communication Skills,"Develop effective communication skills, including writing reports and giving presentations.",Effective written communication skills,2e36b1c5a5926cad,,0.9693908877383173,0.9693908877383173
753,Middle/Senior UI/UX Designer,AI Copilot Studio,Effective Communication Skills,"Develop effective communication skills, including writing reports and giving presentations.",Effective written communication skills,2e36b1c5a5926cad,,0.9693908877383173,0.9693908877383173
753,Middle/Senior UI/UX Designer,Design Tokens,Effective Communication Skills,"Develop effective communication skills, including writing reports and giving presentations.",Effective written communication skills,2e36b1c5a5926cad,,0.9693908877383173,0.9693908877383173
753,Middle/Senior UI/UX Designer,Heuristic Evaluation,Effective Communication Skills,"Develop effective communication skills, including writing reports and giving presentations.",Effective written communication skills,2e36b1c5a5926cad,,0.9693908877383173,0.9693908877383173
9,Chuyên Viên Nhân Sự Tổng Hợp,AWS,Communication skills,Develop effective communication skills,Effective Communication Skills Practice,d1b592efae8de34f,,0.969390920588795,0.969390920588795
9,Chuyên Viên Nhân Sự Tổng Hợp,Lean,Communication skills,Develop effective communication skills,Effective Communication Skills Practice,d1b592efae8de34f,,0.969390920588795,0.969390920588795
9,Chuyên Viên Nhân Sự Tổng Hợp,Python,Communication skills,Develop effective communication skills,Effective Communication Skills Practice,d1b592efae8de34f,,0.969390920588795,0.969390920588795
9,Chuyên Viên Nhân Sự Tổng Hợp,SEO,Communication skills,Develop effective communication skills,Effective Communication Skills Practice,d1b592efae8de34f,,0.969390920588795,0.969390920588795
9,Chuyên Viên Nhân Sự Tổng Hợp,SQL,Communication skills,Develop effective communication skills,Effective Communication Skills Practice,d1b592efae8de34f,,0.969390920588795,0.969390920588795
221,Chuyên Viên Tuyển Dụng Và Đào Tạo,Machine Learning,Research Skills,"Develop skills in researching, analyzing, synthesizing, solving, and evaluating machine learning problems.",Machine Learning Techniques,fc76c565abf59081,1.0,0.9694071332195651,0.9694071332195651
221,Chuyên Viên Tuyển Dụng Và Đào Tạo,AWS,Research Skills,"Develop skills in researching, analyzing, synthesizing, solving, and evaluating machine learning problems.",Machine Learning Techniques,fc76c565abf59081,,0.9694071332195651,0.9694071332195651
221,Chuyên Viên Tuyển Dụng Và Đào Tạo,CISSP,Research Skills,"Develop skills in researching, analyzing, synthesizing, solving, and evaluating machine learning problems.",Machine Learning Techniques,fc76c565abf59081,,0.9694071332195651,0.9694071332195651
221,Chuyên Viên Tuyển Dụng Và Đào Tạo,Python,Research Skills,"Develop skills in researching, analyzing, synthesizing, solving, and evaluating machine learning problems.",Machine Learning Techniques,fc76c565abf59081,,0.9694071332195651,0.9694071332195651
221,Chuyên Viên Tuyển Dụng Và Đào Tạo,SQL,Research Skills,"Develop skills in researching, analyzing, synthesizing, solving, and evaluating machine learning problems.",Machine Learning Techniques,fc76c565abf59081,,0.9694071332195651,0.9694071332195651
226,Nhân Viên Kho Cửa Hàng - Làm Part Time Tại Quận 1,database management,Database Management System Proficiency,"Proficiently use one of the following database management systems: MS SQL Server, Access, MySQL.",Database Management System Proficiency,d6ef1394dbe285cd,0.269390931154789,0.9717049900156588,0.9717049900156588
9,Chuyên Viên Nhân Sự Tổng Hợp,SQL,Database Management System Proficiency,"Proficiently use one of the following database management systems: MS SQL Server, Access, MySQL.",Database Management System Proficiency,d6ef1394dbe285cd,0.06791646772617617,0.9717049900156588,0.9717049900156588
55,"Back End Developer (Java, MySQL, Spring)",AWS,Database Management System Proficiency,"Proficiently use one of the following database management systems: MS SQL Server, Access, MySQL.",Database Management System Proficiency,d6ef1394dbe285cd,,0.9717049900156588,0.9717049900156588
55,"Back End Developer (Java, MySQL, Spring)",GCP,Database Management System Proficiency,"Proficiently use one of the following database management systems: MS SQL Server, Access, MySQL.",Database Management System Proficiency,d6ef1394dbe285cd,,0.9717049900156588,0.9717049900156588
55,"Back End Developer (Java, MySQL, Spring)",GO,Database Management System Proficiency,"Proficiently use one of the following database management systems: MS SQL Server, Access, MySQL.",Database Management System Proficiency,d6ef1394dbe285cd,,0.9717049900156588,0.9717049900156588
55,"Back End Developer (Java, MySQL, Spring)",Kubernetes,Database Management System Proficiency,"Proficiently use one of the following database management systems: MS SQL Server, Access, MySQL.",Database Management System Proficiency,d6ef1394dbe285cd,,0.9717049900156588,0.9717049900156588
55,"Back End Developer (Java, MySQL, Spring)",MongoDB,Database Management System Proficiency,"Proficiently use one of the following database management systems: MS SQL Server, Access, MySQL.",Database Management System Proficiency,d6ef1394dbe285cd,,0.9717049900156588,0.9717049900156588
9,Chuyên Viên Nhân Sự Tổng Hợp,AWS,Database Management System Proficiency,"Proficiently use one of the following database management systems: MS SQL Server, Access, MySQL.",Database Management System Proficiency,d6ef1394dbe285cd,,0.9717049900156588,0.9717049900156588
9,Chuyên Viên Nhân Sự Tổng Hợp,Lean,Database Management System Proficiency,"Proficiently use one of the following database management systems: MS SQL Server, Access, MySQL.",Database Management System Proficiency,d6ef1394dbe285cd,,0.9717049900156588,0.9717049900156588
9,Chuyên Viên Nhân Sự Tổng Hợp,Python,Database Management System Proficiency,"Proficiently use one of the following database management systems: MS SQL Server, Access, MySQL.",Database Management System Proficiency,d6ef1394dbe285cd,,0.9717049900156588,0.9717049900156588
9,Chuyên Viên Nhân Sự Tổng Hợp,SEO,Database Management System Proficiency,"Proficiently use one of the following database management systems: MS SQL Server, Access, MySQL.",Database Management System Proficiency,d6ef1394dbe285cd,,0.9717049900156588,0.9717049900156588
753,Middle/Senior UI/UX Designer,A/B Testing,Ethical Responsibility,Understand the responsibilities and maintain professional ethics in software testing tasks.,Professional ethics and social responsibility,ee0a9df91bed7446,,0.9722247966222721,0.9722247966222721
753,Middle/Senior UI/UX Designer,AI Copilot Studio,Ethical Responsibility,Understand the responsibilities and maintain professional ethics in software testing tasks.,Professional ethics and social responsibility,ee0a9df91bed7446,,0.9722247966222721,0.9722247966222721
753,Middle/Senior UI/UX Designer,Design Tokens,Ethical Responsibility,Understand the responsibilities and maintain professional ethics in software testing tasks.,Professional ethics and social responsibility,ee0a9df91bed7446,,0.9722247966222721,0.9722247966222721
753,Middle/Senior UI/UX Designer,Heuristic Evaluation,Ethical Responsibility,Understand the responsibilities and maintain professional ethics in software testing tasks.,Professional ethics and social responsibility,ee0a9df91bed7446,,0.9722247966222721,0.9722247966222721
155,"Nhân Viên Tư Vấn Tuyển Sinh/ Telesale/ Sale Giáo Dục (NỮ, 23 - 31 Tuổi), Thu Nhập 18 - 30 Triệu++ Tại Hồ Chí Minh",E-learning product knowledge,Independent Work and Self-Learning,"Demonstrate the ability to work independently, conduct self-study, show personal responsibility, and work in teams; express and defend personal opinions based on objective scientific approaches; demonstrate social responsibility when making judgments and evaluations.",Independent Work and Self-Learning,0ab463017d7e2ec3,0.1102292625225385,0.9749786936030167,0.9749786936030167
155,"Nhân Viên Tư Vấn Tuyển Sinh/ Telesale/ Sale Giáo Dục (NỮ, 23 - 31 Tuổi), Thu Nhập 18 - 30 Triệu++ Tại Hồ Chí Minh",English proficiency (IELTS 5.5 or equivalent),Independent Work and Self-Learning,"Demonstrate the ability to work independently, conduct self-study, show personal responsibility, and work in teams; express and defend personal opinions based on objective scientific approaches; demonstrate social responsibility when making judgments and evaluations.",Independent Work and Self-Learning,0ab463017d7e2ec3,,0.9749786936030167,0.9749786936030167
221,Chuyên Viên Tuyển Dụng Và Đào Tạo,AWS,Collaboration,Collaborate effectively with peers on group projects.,Collaborate with team members,0a0f671c3883b77f,,0.974997093676021,0.974997093676021
221,Chuyên Viên Tuyển Dụng Và Đào Tạo,CISSP,Collaboration,Collaborate effectively with peers on group projects.,Collaborate with team members,0a0f671c3883b77f,,0.974997093676021,0.974997093676021
221,Chuyên Viên Tuyển Dụng Và Đào Tạo,Machine Learning,Collaboration,Collaborate effectively with peers on group projects.,Collaborate with team members,0a0f671c3883b77f,,0.974997093676021,0.974997093676021
221,Chuyên Viên Tuyển Dụng Và Đào Tạo,Python,Collaboration,Collaborate effectively with peers on group projects.,Collaborate with team members,0a0f671c3883b77f,,0.974997093676021,0.974997093676021
221,Chuyên Viên Tuyển Dụng Và Đào Tạo,SQL,Collaboration,Collaborate effectively with peers on group projects.,Collaborate with team members,0a0f671c3883b77f,,0.974997093676021,0.974997093676021
9,Chuyên Viên Nhân Sự Tổng Hợp,AWS,Collaboration,Collaborate effectively with peers on group projects.,Collaborate with team members,0a0f671c3883b77f,,0.974997093676021,0.974997093676021
9,Chuyên Viên Nhân Sự Tổng Hợp,Lean,Collaboration,Collaborate effectively with peers on group projects.,Collaborate with team members,0a0f671c3883b77f,,0.974997093676021,0.974997093676021
9,Chuyên Viên Nhân Sự Tổng Hợp,Python,Collaboration,Collaborate effectively with peers on group projects.,Collaborate with team members,0a0f671c3883b77f,,0.974997093676021,0.974997093676021
9,Chuyên Viên Nhân Sự Tổng Hợp,SEO,Collaboration,Collaborate effectively with peers on group projects.,Collaborate with team members,0a0f671c3883b77f,,0.974997093676021,0.974997093676021
9,Chuyên Viên Nhân Sự Tổng Hợp,SQL,Collaboration,Collaborate effectively with peers on group projects.,Collaborate with team members,0a0f671c3883b77f,,0.974997093676021,0.974997093676021
90,"IT Comtor (PHP, Python, Laravel, WordPress, Japanese)",Docker,Collaboration,Collaborate effectively with peers on group projects.,Collaborate with team members,0a0f671c3883b77f,,0.974997093676021,0.974997093676021
90,"IT Comtor (PHP, Python, Laravel, WordPress, Japanese)",Python,Collaboration,Collaborate effectively with peers on group projects.,Collaborate with team members,0a0f671c3883b77f,,0.974997093676021,0.974997093676021
90,"IT Comtor (PHP, Python, Laravel, WordPress, Japanese)",WordPress,Collaboration,Collaborate effectively with peers on group projects.,Collaborate with team members,0a0f671c3883b77f,,0.974997093676021,0.974997093676021
0,Data Engineer (DBA),Azure,Ethical responsibility,Understand ethical responsibilities in implementing new technologies,Ethical Responsibility,38d0f568fa5476a7,,0.9770707081973777,0.9770707081973777
0,Data Engineer (DBA),BigQuery,Ethical responsibility,Understand ethical responsibilities in implementing new technologies,Ethical Responsibility,38d0f568fa5476a7,,0.9770707081973777,0.9770707081973777
0,Data Engineer (DBA),Redshift,Ethical responsibility,Understand ethical responsibilities in implementing new technologies,Ethical Responsibility,38d0f568fa5476a7,,0.9770707081973777,0.9770707081973777
12,"Data Engineer (Spark, AWS Glue) (Onboard ASAP)",Docker,Ethical responsibility,Understand ethical responsibilities in implementing new technologies,Ethical Responsibility,38d0f568fa5476a7,,0.9770707081973777,0.9770707081973777
12,"Data Engineer (Spark, AWS Glue) (Onboard ASAP)",ECS/EKS,Ethical responsibility,Understand ethical responsibilities in implementing new technologies,Ethical Responsibility,38d0f568fa5476a7,,0.9770707081973777,0.9770707081973777
12,"Data Engineer (Spark, AWS Glue) (Onboard ASAP)",containerization,Ethical responsibility,Understand ethical responsibilities in implementing new technologies,Ethical Responsibility,38d0f568fa5476a7,,0.9770707081973777,0.9770707081973777
208,"Back End Developer (Java, MySQL, Spring)",AWS,Ethical responsibility,Understand ethical responsibilities in implementing new technologies,Ethical Responsibility,38d0f568fa5476a7,,0.9770707081973777,0.9770707081973777
208,"Back End Developer (Java, MySQL, Spring)",GCP,Ethical responsibility,Understand ethical responsibilities in implementing new technologies,Ethical Responsibility,38d0f568fa5476a7,,0.9770707081973777,0.9770707081973777
208,"Back End Developer (Java, MySQL, Spring)",GOC,Ethical responsibility,Understand ethical responsibilities in implementing new technologies,Ethical Responsibility,38d0f568fa5476a7,,0.9770707081973777,0.9770707081973777
208,"Back End Developer (Java, MySQL, Spring)",Kubernetes,Ethical responsibility,Understand ethical responsibilities in implementing new technologies,Ethical Responsibility,38d0f568fa5476a7,,0.9770707081973777,0.9770707081973777
226,Nhân Viên Kho Cửa Hàng - Làm Part Time Tại Quận 1,database management,Database Concepts,"Understand basic concepts of databases, data models, and database management systems.",Database Concepts,be2dcb53ae5ec42e,0.2325244434294504,0.9775762448224918,0.9775762448224918
55,"Back End Developer (Java, MySQL, Spring)",AWS,Database Concepts,"Understand basic concepts of databases, data models, and database management systems.",Database Concepts,be2dcb53ae5ec42e,,0.9775762448224918,0.9775762448224918
55,"Back End Developer (Java, MySQL, Spring)",GCP,Database Concepts,"Understand basic concepts of databases, data models, and database management systems.",Database Concepts,be2dcb53ae5ec42e,,0.9775762448224918,0.9775762448224918
55,"Back End Developer (Java, MySQL, Spring)",GO,Database Concepts,"Understand basic concepts of databases, data models, and database management systems.",Database Concepts,be2dcb53ae5ec42e,,0.9775762448224918,0.9775762448224918
55,"Back End Developer (Java, MySQL, Spring)",Kubernetes,Database Concepts,"Understand basic concepts of databases, data models, and database management systems.",Database Concepts,be2dcb53ae5ec42e,,0.9775762448224918,0.9775762448224918
55,"Back End Developer (Java, MySQL, Spring)",MongoDB,Database Concepts,"Understand basic concepts of databases, data models, and database management systems.",Database Concepts,be2dcb53ae5ec42e,,0.9775762448224918,0.9775762448224918
9,Chuyên Viên Nhân Sự Tổng Hợp,AWS,Database Concepts,"Understand basic concepts of databases, data models, and database management systems.",Database Concepts,be2dcb53ae5ec42e,,0.9775762448224918,0.9775762448224918
9,Chuyên Viên Nhân Sự Tổng Hợp,Lean,Database Concepts,"Understand basic concepts of databases, data models, and database management systems.",Database Concepts,be2dcb53ae5ec42e,,0.9775762448224918,0.9775762448224918
9,Chuyên Viên Nhân Sự Tổng Hợp,Python,Database Concepts,"Understand basic concepts of databases, data models, and database management systems.",Database Concepts,be2dcb53ae5ec42e,,0.9775762448224918,0.9775762448224918
9,Chuyên Viên Nhân Sự Tổng Hợp,SEO,Database Concepts,"Understand basic concepts of databases, data models, and database management systems.",Database Concepts,be2dcb53ae5ec42e,,0.9775762448224918,0.9775762448224918
9,Chuyên Viên Nhân Sự Tổng Hợp,SQL,Database Concepts,"Understand basic concepts of databases, data models, and database management systems.",Database Concepts,be2dcb53ae5ec42e,,0.9775762448224918,0.9775762448224918
221,Chuyên Viên Tuyển Dụng Và Đào Tạo,SQL,SQL Database Management,Create and manage simple databases with SQL Server,SQL Database Management,0903a2efa00ef879,0.965912961276763,0.9777945837470926,0.9777945837470926
221,Chuyên Viên Tuyển Dụng Và Đào Tạo,AWS,SQL Database Management,Create and manage simple databases with SQL Server,SQL Database Management,0903a2efa00ef879,,0.9777945837470926,0.9777945837470926
221,Chuyên Viên Tuyển Dụng Và Đào Tạo,CISSP,SQL Database Management,Create and manage simple databases with SQL Server,SQL Database Management,0903a2efa00ef879,,0.9777945837470926,0.9777945837470926
221,Chuyên Viên Tuyển Dụng Và Đào Tạo,Machine Learning,SQL Database Management,Create and manage simple databases with SQL Server,SQL Database Management,0903a2efa00ef879,,0.9777945837470926,0.9777945837470926
221,Chuyên Viên Tuyển Dụng Và Đào Tạo,Python,SQL Database Management,Create and manage simple databases with SQL Server,SQL Database Management,0903a2efa00ef879,,0.9777945837470926,0.9777945837470926
468,Sale Admin,Access,Collaborative Problem Solving,Improve ability to solve problems collaboratively within a team.,Collaborative Problem Solving,c80fb44070ce0cd3,,0.9780461930612938,0.9780461930612938
468,Sale Admin,Data analysis,Collaborative Problem Solving,Improve ability to solve problems collaboratively within a team.,Collaborative Problem Solving,c80fb44070ce0cd3,,0.9780461930612938,0.9780461930612938
468,Sale Admin,Interpreting,Collaborative Problem Solving,Improve ability to solve problems collaboratively within a team.,Collaborative Problem Solving,c80fb44070ce0cd3,,0.9780461930612938,0.9780461930612938
468,Sale Admin,Reports,Collaborative Problem Solving,Improve ability to solve problems collaboratively within a team.,Collaborative Problem Solving,c80fb44070ce0cd3,,0.9780461930612938,0.9780461930612938
9,Chuyên Viên Nhân Sự Tổng Hợp,SQL,SQL Usage,Understand and use MS SQL Server database management system.,SQL Server,79c41baebfebd6a5,0.3,0.9782467900346234,0.9782467900346234
226,Nhân Viên Kho Cửa Hàng - Làm Part Time Tại Quận 1,database management,SQL Usage,Understand and use MS SQL Server database management system.,SQL Server,79c41baebfebd6a5,0.1030479858042815,0.9782467900346234,0.9782467900346234
55,"Back End Developer (Java, MySQL, Spring)",AWS,SQL Usage,Understand and use MS SQL Server database management system.,SQL Server,79c41baebfebd6a5,,0.9782467900346234,0.9782467900346234
55,"Back End Developer (Java, MySQL, Spring)",GCP,SQL Usage,Understand and use MS SQL Server database management system.,SQL Server,79c41baebfebd6a5,,0.9782467900346234,0.9782467900346234
55,"Back End Developer (Java, MySQL, Spring)",GO,SQL Usage,Understand and use MS SQL Server database management system.,SQL Server,79c41baebfebd6a5,,0.9782467900346234,0.9782467900346234
55,"Back End Developer (Java, MySQL, Spring)",Kubernetes,SQL Usage,Understand and use MS SQL Server database management system.,SQL Server,79c41baebfebd6a5,,0.9782467900346234,0.9782467900346234
55,"Back End Developer (Java, MySQL, Spring)",MongoDB,SQL Usage,Understand and use MS SQL Server database management system.,SQL Server,79c41baebfebd6a5,,0.9782467900346234,0.9782467900346234
9,Chuyên Viên Nhân Sự Tổng Hợp,AWS,SQL Usage,Understand and use MS SQL Server database management system.,SQL Server,79c41baebfebd6a5,,0.9782467900346234,0.9782467900346234
9,Chuyên Viên Nhân Sự Tổng Hợp,Lean,SQL Usage,Understand and use MS SQL Server database management system.,SQL Server,79c41baebfebd6a5,,0.9782467900346234,0.9782467900346234
9,Chuyên Viên Nhân Sự Tổng Hợp,Python,SQL Usage,Understand and use MS SQL Server database management system.,SQL Server,79c41baebfebd6a5,,0.9782467900346234,0.9782467900346234
9,Chuyên Viên Nhân Sự Tổng Hợp,SEO,SQL Usage,Understand and use MS SQL Server database management system.,SQL Server,79c41baebfebd6a5,,0.9782467900346234,0.9782467900346234
87,Process Quality Assurance (PQA),FMEA,Real-world Problem Analysis,Analyze real-world problems at enterprises to decide or advise leaders on which management information systems to apply in the enterprise that are most suitable and optimal.,Real-world Problem Analysis,988259ca6db134ba,,0.9795014155250761,0.9795014155250761
87,Process Quality Assurance (PQA),project-management-tools-JIRA,Real-world Problem Analysis,Analyze real-world problems at enterprises to decide or advise leaders on which management information systems to apply in the enterprise that are most suitable and optimal.,Real-world Problem Analysis,988259ca6db134ba,,0.9795014155250761,0.9795014155250761
155,"Nhân Viên Tư Vấn Tuyển Sinh/ Telesale/ Sale Giáo Dục (NỮ, 23 - 31 Tuổi), Thu Nhập 18 - 30 Triệu++ Tại Hồ Chí Minh",E-learning product knowledge,Reading Comprehension,Ability to read and understand main ideas from texts of 100-200 words on familiar topics in business and daily life.,Read and summarize texts on similar topics,d4440972da88fa1a,,0.9795576148513814,0.9795576148513814
155,"Nhân Viên Tư Vấn Tuyển Sinh/ Telesale/ Sale Giáo Dục (NỮ, 23 - 31 Tuổi), Thu Nhập 18 - 30 Triệu++ Tại Hồ Chí Minh",English proficiency (IELTS 5.5 or equivalent),Reading Comprehension,Ability to read and understand main ideas from texts of 100-200 words on familiar topics in business and daily life.,Read and summarize texts on similar topics,d4440972da88fa1a,,0.9795576148513814,0.9795576148513814
221,Chuyên Viên Tuyển Dụng Và Đào Tạo,AWS,Problem Solving,Develop problem-solving skills through Python programming.,Problem Solving Skills,cd83bede16dfceb3,,0.9799131642417667,0.9799131642417667
221,Chuyên Viên Tuyển Dụng Và Đào Tạo,CISSP,Problem Solving,Develop problem-solving skills through Python programming.,Problem Solving Skills,cd83bede16dfceb3,,0.9799131642417667,0.9799131642417667
221,Chuyên Viên Tuyển Dụng Và Đào Tạo,Machine Learning,Problem Solving,Develop problem-solving skills through Python programming.,Problem Solving Skills,cd83bede16dfceb3,,0.9799131642417667,0.9799131642417667
221,Chuyên Viên Tuyển Dụng Và Đào Tạo,Python,Problem Solving,Develop problem-solving skills through Python programming.,Problem Solving Skills,cd83bede16dfceb3,,0.9799131642417667,0.9799131642417667
221,Chuyên Viên Tuyển Dụng Và Đào Tạo,SQL,Problem Solving,Develop problem-solving skills through Python programming.,Problem Solving Skills,cd83bede16dfceb3,,0.9799131642417667,0.9799131642417667
9,Chuyên Viên Nhân Sự Tổng Hợp,AWS,Problem Solving,Develop problem-solving skills through Python programming.,Problem Solving Skills,cd83bede16dfceb3,,0.9799131642417667,0.9799131642417667
9,Chuyên Viên Nhân Sự Tổng Hợp,Lean,Problem Solving,Develop problem-solving skills through Python programming.,Problem Solving Skills,cd83bede16dfceb3,,0.9799131642417667,0.9799131642417667
9,Chuyên Viên Nhân Sự Tổng Hợp,Python,Problem Solving,Develop problem-solving skills through Python programming.,Problem Solving Skills,cd83bede16dfceb3,,0.9799131642417667,0.9799131642417667
9,Chuyên Viên Nhân Sự Tổng Hợp,SEO,Problem Solving,Develop problem-solving skills through Python programming.,Problem Solving Skills,cd83bede16dfceb3,,0.9799131642417667,0.9799131642417667
9,Chuyên Viên Nhân Sự Tổng Hợp,SQL,Problem Solving,Develop problem-solving skills through Python programming.,Problem Solving Skills,cd83bede16dfceb3,,0.9799131642417667,0.9799131642417667
90,"IT Comtor (PHP, Python, Laravel, WordPress, Japanese)",Docker,Problem Solving,Develop problem-solving skills through Python programming.,Problem Solving Skills,cd83bede16dfceb3,,0.9799131642417667,0.9799131642417667
90,"IT Comtor (PHP, Python, Laravel, WordPress, Japanese)",Python,Problem Solving,Develop problem-solving skills through Python programming.,Problem Solving Skills,cd83bede16dfceb3,,0.9799131642417667,0.9799131642417667
90,"IT Comtor (PHP, Python, Laravel, WordPress, Japanese)",WordPress,Problem Solving,Develop problem-solving skills through Python programming.,Problem Solving Skills,cd83bede16dfceb3,,0.9799131642417667,0.9799131642417667
226,Nhân Viên Kho Cửa Hàng - Làm Part Time Tại Quận 1,database management,Group Organization,Have organizational skills for group activities.,Group organization,6da8605998155dcd,,0.9802368316456997,0.9802368316456997
55,"Back End Developer (Java, MySQL, Spring)",AWS,Group Organization,Have organizational skills for group activities.,Group organization,6da8605998155dcd,,0.9802368316456997,0.9802368316456997
55,"Back End Developer (Java, MySQL, Spring)",GCP,Group Organization,Have organizational skills for group activities.,Group organization,6da8605998155dcd,,0.9802368316456997,0.9802368316456997
55,"Back End Developer (Java, MySQL, Spring)",GO,Group Organization,Have organizational skills for group activities.,Group organization,6da8605998155dcd,,0.9802368316456997,0.9802368316456997
55,"Back End Developer (Java, MySQL, Spring)",Kubernetes,Group Organization,Have organizational skills for group activities.,Group organization,6da8605998155dcd,,0.9802368316456997,0.9802368316456997
55,"Back End Developer (Java, MySQL, Spring)",MongoDB,Group Organization,Have organizational skills for group activities.,Group organization,6da8605998155dcd,,0.9802368316456997,0.9802368316456997
9,Chuyên Viên Nhân Sự Tổng Hợp,AWS,Group Organization,Have organizational skills for group activities.,Group organization,6da8605998155dcd,,0.9802368316456997,0.9802368316456997
9,Chuyên Viên Nhân Sự Tổng Hợp,Lean,Group Organization,Have organizational skills for group activities.,Group organization,6da8605998155dcd,,0.9802368316456997,0.9802368316456997
9,Chuyên Viên Nhân Sự Tổng Hợp,Python,Group Organization,Have organizational skills for group activities.,Group organization,6da8605998155dcd,,0.9802368316456997,0.9802368316456997
9,Chuyên Viên Nhân Sự Tổng Hợp,SEO,Group Organization,Have organizational skills for group activities.,Group organization,6da8605998155dcd,,0.9802368316456997,0.9802368316456997
9,Chuyên Viên Nhân Sự Tổng Hợp,SQL,Group Organization,Have organizational skills for group activities.,Group organization,6da8605998155dcd,,0.9802368316456997,0.9802368316456997
468,Sale Admin,Data analysis,Correspondence Analysis,Apply Correspondence Analysis to real-world datasets.,Correspondence Analysis,4661ad42e11b8f94,0.1226421667899357,0.9810657788182162,0.9810657788182162
142,Nhân Viên Nuôi Tài Khoản Facebook Ads,Data Analysis for Facebook Ad Campaigns,Correspondence Analysis,Apply Correspondence Analysis to real-world datasets.,Correspondence Analysis,4661ad42e11b8f94,0.1100880913251355,0.9810657788182162,0.9810657788182162
468,Sale Admin,Access,Correspondence Analysis,Apply Correspondence Analysis to real-world datasets.,Correspondence Analysis,4661ad42e11b8f94,,0.9810657788182162,0.9810657788182162
468,Sale Admin,Interpreting,Correspondence Analysis,Apply Correspondence Analysis to real-world datasets.,Correspondence Analysis,4661ad42e11b8f94,,0.9810657788182162,0.9810657788182162
468,Sale Admin,Reports,Correspondence Analysis,Apply Correspondence Analysis to real-world datasets.,Correspondence Analysis,4661ad42e11b8f94,,0.9810657788182162,0.9810657788182162
12,"Data Engineer (Spark, AWS Glue) (Onboard ASAP)",Docker,Security Tool Usage,Use tools to enhance the security of software systems and databases.,Security Tool Usage,b2c6eb19044a7afb,,0.9813717677299543,0.9813717677299543
12,"Data Engineer (Spark, AWS Glue) (Onboard ASAP)",ECS/EKS,Security Tool Usage,Use tools to enhance the security of software systems and databases.,Security Tool Usage,b2c6eb19044a7afb,,0.9813717677299543,0.9813717677299543
12,"Data Engineer (Spark, AWS Glue) (Onboard ASAP)",containerization,Security Tool Usage,Use tools to enhance the security of software systems and databases.,Security Tool Usage,b2c6eb19044a7afb,,0.9813717677299543,0.9813717677299543
67,Kỹ Sư Lập Trình Hệ Thống,multithreading,Apply basic programming techniques,"Use control structures, functions, object-oriented programming, input/output, multithreading, and general programming concepts.",Apply basic programming techniques,b83fa23e4bc91bc9,0.3,0.9823877982734188,0.9823877982734188
67,Kỹ Sư Lập Trình Hệ Thống,CAN,Apply basic programming techniques,"Use control structures, functions, object-oriented programming, input/output, multithreading, and general programming concepts.",Apply basic programming techniques,b83fa23e4bc91bc9,,0.9823877982734188,0.9823877982734188
67,Kỹ Sư Lập Trình Hệ Thống,Ethernet,Apply basic programming techniques,"Use control structures, functions, object-oriented programming, input/output, multithreading, and general programming concepts.",Apply basic programming techniques,b83fa23e4bc91bc9,,0.9823877982734188,0.9823877982734188
67,Kỹ Sư Lập Trình Hệ Thống,FPGA,Apply basic programming techniques,"Use control structures, functions, object-oriented programming, input/output, multithreading, and general programming concepts.",Apply basic programming techniques,b83fa23e4bc91bc9,,0.9823877982734188,0.9823877982734188
67,Kỹ Sư Lập Trình Hệ Thống,IPCore,Apply basic programming techniques,"Use control structures, functions, object-oriented programming, input/output, multithreading, and general programming concepts.",Apply basic programming techniques,b83fa23e4bc91bc9,,0.9823877982734188,0.9823877982734188
67,Kỹ Sư Lập Trình Hệ Thống,Java,Apply basic programming techniques,"Use control structures, functions, object-oriented programming, input/output, multithreading, and general programming concepts.",Apply basic programming techniques,b83fa23e4bc91bc9,,0.9823877982734188,0.9823877982734188
67,Kỹ Sư Lập Trình Hệ Thống,parallel processing,Apply basic programming techniques,"Use control structures, functions, object-oriented programming, input/output, multithreading, and general programming concepts.",Apply basic programming techniques,b83fa23e4bc91bc9,,0.9823877982734188,0.9823877982734188
221,Chuyên Viên Tuyển Dụng Và Đào Tạo,Machine Learning,Machine Learning Overview,Understand the basics and advanced concepts of machine learning.,Machine Learning Overview,cb7f5da7fcb816f3,0.9793387505933635,0.9824921077187148,0.9824921077187148
221,Chuyên Viên Tuyển Dụng Và Đào Tạo,AWS,Machine Learning Overview,Understand the basics and advanced concepts of machine learning.,Machine Learning Overview,cb7f5da7fcb816f3,,0.9824921077187148,0.9824921077187148
221,Chuyên Viên Tuyển Dụng Và Đào Tạo,CISSP,Machine Learning Overview,Understand the basics and advanced concepts of machine learning.,Machine Learning Overview,cb7f5da7fcb816f3,,0.9824921077187148,0.9824921077187148
221,Chuyên Viên Tuyển Dụng Và Đào Tạo,Python,Machine Learning Overview,Understand the basics and advanced concepts of machine learning.,Machine Learning Overview,cb7f5da7fcb816f3,,0.9824921077187148,0.9824921077187148
221,Chuyên Viên Tuyển Dụng Và Đào Tạo,SQL,Machine Learning Overview,Understand the basics and advanced concepts of machine learning.,Machine Learning Overview,cb7f5da7fcb816f3,,0.9824921077187148,0.9824921077187148
103,Data Engineer (DBA),Azure,Statistical modeling,Ability to apply statistical models for data analysis.,Statistical Modeling,5ec6026cc87d9008,,0.9825838795932658,0.9825838795932658
103,Data Engineer (DBA),Change management,Statistical modeling,Ability to apply statistical models for data analysis.,Statistical Modeling,5ec6026cc87d9008,,0.9825838795932658,0.9825838795932658
103,Data Engineer (DBA),GCP,Statistical modeling,Ability to apply statistical models for data analysis.,Statistical Modeling,5ec6026cc87d9008,,0.9825838795932658,0.9825838795932658
103,Data Engineer (DBA),MariaDB,Statistical modeling,Ability to apply statistical models for data analysis.,Statistical Modeling,5ec6026cc87d9008,,0.9825838795932658,0.9825838795932658
103,Data Engineer (DBA),Oracle,Statistical modeling,Ability to apply statistical models for data analysis.,Statistical Modeling,5ec6026cc87d9008,,0.9825838795932658,0.9825838795932658
103,Data Engineer (DBA),Performance tuning,Statistical modeling,Ability to apply statistical models for data analysis.,Statistical Modeling,5ec6026cc87d9008,,0.9825838795932658,0.9825838795932658
142,Nhân Viên Nuôi Tài Khoản Facebook Ads,Data Analysis for Facebook Ad Campaigns,Statistical modeling,Ability to apply statistical models for data analysis.,Statistical Modeling,5ec6026cc87d9008,,0.9825838795932658,0.9825838795932658
468,Sale Admin,Data analysis,Data Visualization,Explain results from statistical analysis models.,Data Visualization,0ce35f7d00d80024,0.1773578204668797,0.983420719823505,0.983420719823505
468,Sale Admin,Access,Data Visualization,Explain results from statistical analysis models.,Data Visualization,0ce35f7d00d80024,,0.983420719823505,0.983420719823505
468,Sale Admin,Interpreting,Data Visualization,Explain results from statistical analysis models.,Data Visualization,0ce35f7d00d80024,,0.983420719823505,0.983420719823505
468,Sale Admin,Reports,Data Visualization,Explain results from statistical analysis models.,Data Visualization,0ce35f7d00d80024,,0.983420719823505,0.983420719823505
221,Chuyên Viên Tuyển Dụng Và Đào Tạo,AWS,Data Preprocessing,Apply various data preprocessing techniques,Data Preprocessing Techniques,4e71d2190749d87d,,0.983588198483897,0.983588198483897
221,Chuyên Viên Tuyển Dụng Và Đào Tạo,CISSP,Data Preprocessing,Apply various data preprocessing techniques,Data Preprocessing Techniques,4e71d2190749d87d,,0.983588198483897,0.983588198483897
221,Chuyên Viên Tuyển Dụng Và Đào Tạo,Machine Learning,Data Preprocessing,Apply various data preprocessing techniques,Data Preprocessing Techniques,4e71d2190749d87d,,0.983588198483897,0.983588198483897
221,Chuyên Viên Tuyển Dụng Và Đào Tạo,Python,Data Preprocessing,Apply various data preprocessing techniques,Data Preprocessing Techniques,4e71d2190749d87d,,0.983588198483897,0.983588198483897
221,Chuyên Viên Tuyển Dụng Và Đào Tạo,SQL,Data Preprocessing,Apply various data preprocessing techniques,Data Preprocessing Techniques,4e71d2190749d87d,,0.983588198483897,0.983588198483897
226,Nhân Viên Kho Cửa Hàng - Làm Part Time Tại Quận 1,database management,Collaborative Problem Solving,Collaborate effectively with peers to solve problems.,Collaborate with team members,0a0f671c3883b77f,,0.9845273385756024,0.9845273385756024
9,Chuyên Viên Nhân Sự Tổng Hợp,AWS,Collaborative Problem Solving,Collaborate effectively with peers to solve problems.,Collaborate with team members,0a0f671c3883b77f,,0.9845273385756024,0.9845273385756024
9,Chuyên Viên Nhân Sự Tổng Hợp,Lean,Collaborative Problem Solving,Collaborate effectively with peers to solve problems.,Collaborate with team members,0a0f671c3883b77f,,0.9845273385756024,0.9845273385756024
9,Chuyên Viên Nhân Sự Tổng Hợp,Python,Collaborative Problem Solving,Collaborate effectively with peers to solve problems.,Collaborate with team members,0a0f671c3883b77f,,0.9845273385756024,0.9845273385756024
9,Chuyên Viên Nhân Sự Tổng Hợp,SEO,Collaborative Problem Solving,Collaborate effectively with peers to solve problems.,Collaborate with team members,0a0f671c3883b77f,,0.9845273385756024,0.9845273385756024
9,Chuyên Viên Nhân Sự Tổng Hợp,SQL,Collaborative Problem Solving,Collaborate effectively with peers to solve problems.,Collaborate with team members,0a0f671c3883b77f,,0.9845273385756024,0.9845273385756024
219,Chuyên Viên Quảng Cáo (Google Ads; Facebook Ads; Tik Tok Ads),AI,Self-Directed Learning,Demonstrate ability to learn independently and manage personal responsibilities.,Self-learning ability,5d241ab0b35c2b0f,,0.9856195772163592,0.9856195772163592
219,Chuyên Viên Quảng Cáo (Google Ads; Facebook Ads; Tik Tok Ads),Zalo Ads,Self-Directed Learning,Demonstrate ability to learn independently and manage personal responsibilities.,Self-learning ability,5d241ab0b35c2b0f,,0.9856195772163592,0.9856195772163592
219,Chuyên Viên Quảng Cáo (Google Ads; Facebook Ads; Tik Tok Ads),chatbots,Self-Directed Learning,Demonstrate ability to learn independently and manage personal responsibilities.,Self-learning ability,5d241ab0b35c2b0f,,0.9856195772163592,0.9856195772163592
221,Chuyên Viên Tuyển Dụng Và Đào Tạo,AWS,Regression Analysis,Perform regression analysis including logistic regression,Logistic Regression Application,c31cfe691b057583,,0.9856753178287481,0.9856753178287481
221,Chuyên Viên Tuyển Dụng Và Đào Tạo,CISSP,Regression Analysis,Perform regression analysis including logistic regression,Logistic Regression Application,c31cfe691b057583,,0.9856753178287481,0.9856753178287481
221,Chuyên Viên Tuyển Dụng Và Đào Tạo,Machine Learning,Regression Analysis,Perform regression analysis including logistic regression,Logistic Regression Application,c31cfe691b057583,,0.9856753178287481,0.9856753178287481
221,Chuyên Viên Tuyển Dụng Và Đào Tạo,Python,Regression Analysis,Perform regression analysis including logistic regression,Logistic Regression Application,c31cfe691b057583,,0.9856753178287481,0.9856753178287481
221,Chuyên Viên Tuyển Dụng Và Đào Tạo,SQL,Regression Analysis,Perform regression analysis including logistic regression,Logistic Regression Application,c31cfe691b057583,,0.9856753178287481,0.9856753178287481
0,Data Engineer (DBA),Azure,Research Skills,"Possess research skills to find, collect, synthesize, and analyze problems specific to the field.",Research Skills,88395b80dbd22403,,0.9863725226388376,0.9863725226388376
0,Data Engineer (DBA),BigQuery,Research Skills,"Possess research skills to find, collect, synthesize, and analyze problems specific to the field.",Research Skills,88395b80dbd22403,,0.9863725226388376,0.9863725226388376
0,Data Engineer (DBA),Redshift,Research Skills,"Possess research skills to find, collect, synthesize, and analyze problems specific to the field.",Research Skills,88395b80dbd22403,,0.9863725226388376,0.9863725226388376
103,Data Engineer (DBA),Azure,Research Skills,"Possess research skills to find, collect, synthesize, and analyze problems specific to the field.",Research Skills,88395b80dbd22403,,0.9863725226388376,0.9863725226388376
103,Data Engineer (DBA),Change management,Research Skills,"Possess research skills to find, collect, synthesize, and analyze problems specific to the field.",Research Skills,88395b80dbd22403,,0.9863725226388376,0.9863725226388376
103,Data Engineer (DBA),GCP,Research Skills,"Possess research skills to find, collect, synthesize, and analyze problems specific to the field.",Research Skills,88395b80dbd22403,,0.9863725226388376,0.9863725226388376
103,Data Engineer (DBA),MariaDB,Research Skills,"Possess research skills to find, collect, synthesize, and analyze problems specific to the field.",Research Skills,88395b80dbd22403,,0.9863725226388376,0.9863725226388376
103,Data Engineer (DBA),Oracle,Research Skills,"Possess research skills to find, collect, synthesize, and analyze problems specific to the field.",Research Skills,88395b80dbd22403,,0.9863725226388376,0.9863725226388376
103,Data Engineer (DBA),Performance tuning,Research Skills,"Possess research skills to find, collect, synthesize, and analyze problems specific to the field.",Research Skills,88395b80dbd22403,,0.9863725226388376,0.9863725226388376
12,"Data Engineer (Spark, AWS Glue) (Onboard ASAP)",Docker,Research Skills,"Possess research skills to find, collect, synthesize, and analyze problems specific to the field.",Research Skills,88395b80dbd22403,,0.9863725226388376,0.9863725226388376
12,"Data Engineer (Spark, AWS Glue) (Onboard ASAP)",ECS/EKS,Research Skills,"Possess research skills to find, collect, synthesize, and analyze problems specific to the field.",Research Skills,88395b80dbd22403,,0.9863725226388376,0.9863725226388376
12,"Data Engineer (Spark, AWS Glue) (Onboard ASAP)",containerization,Research Skills,"Possess research skills to find, collect, synthesize, and analyze problems specific to the field.",Research Skills,88395b80dbd22403,,0.9863725226388376,0.9863725226388376
208,"Back End Developer (Java, MySQL, Spring)",AWS,Research Skills,"Possess research skills to find, collect, synthesize, and analyze problems specific to the field.",Research Skills,88395b80dbd22403,,0.9863725226388376,0.9863725226388376
208,"Back End Developer (Java, MySQL, Spring)",GCP,Research Skills,"Possess research skills to find, collect, synthesize, and analyze problems specific to the field.",Research Skills,88395b80dbd22403,,0.9863725226388376,0.9863725226388376
208,"Back End Developer (Java, MySQL, Spring)",GOC,Research Skills,"Possess research skills to find, collect, synthesize, and analyze problems specific to the field.",Research Skills,88395b80dbd22403,,0.9863725226388376,0.9863725226388376
208,"Back End Developer (Java, MySQL, Spring)",Kubernetes,Research Skills,"Possess research skills to find, collect, synthesize, and analyze problems specific to the field.",Research Skills,88395b80dbd22403,,0.9863725226388376,0.9863725226388376
221,Chuyên Viên Tuyển Dụng Và Đào Tạo,AWS,Research Skills,"Possess research skills to find, collect, synthesize, and analyze problems specific to the field.",Research Skills,88395b80dbd22403,,0.9863725226388376,0.9863725226388376
221,Chuyên Viên Tuyển Dụng Và Đào Tạo,CISSP,Research Skills,"Possess research skills to find, collect, synthesize, and analyze problems specific to the field.",Research Skills,88395b80dbd22403,,0.9863725226388376,0.9863725226388376
221,Chuyên Viên Tuyển Dụng Và Đào Tạo,Machine Learning,Research Skills,"Possess research skills to find, collect, synthesize, and analyze problems specific to the field.",Research Skills,88395b80dbd22403,,0.9863725226388376,0.9863725226388376
221,Chuyên Viên Tuyển Dụng Và Đào Tạo,Python,Research Skills,"Possess research skills to find, collect, synthesize, and analyze problems specific to the field.",Research Skills,88395b80dbd22403,,0.9863725226388376,0.9863725226388376
221,Chuyên Viên Tuyển Dụng Và Đào Tạo,SQL,Research Skills,"Possess research skills to find, collect, synthesize, and analyze problems specific to the field.",Research Skills,88395b80dbd22403,,0.9863725226388376,0.9863725226388376
55,"Back End Developer (Java, MySQL, Spring)",AWS,Research Skills,"Possess research skills to find, collect, synthesize, and analyze problems specific to the field.",Research Skills,88395b80dbd22403,,0.9863725226388376,0.9863725226388376
55,"Back End Developer (Java, MySQL, Spring)",GCP,Research Skills,"Possess research skills to find, collect, synthesize, and analyze problems specific to the field.",Research Skills,88395b80dbd22403,,0.9863725226388376,0.9863725226388376
55,"Back End Developer (Java, MySQL, Spring)",GO,Research Skills,"Possess research skills to find, collect, synthesize, and analyze problems specific to the field.",Research Skills,88395b80dbd22403,,0.9863725226388376,0.9863725226388376
55,"Back End Developer (Java, MySQL, Spring)",Kubernetes,Research Skills,"Possess research skills to find, collect, synthesize, and analyze problems specific to the field.",Research Skills,88395b80dbd22403,,0.9863725226388376,0.9863725226388376
55,"Back End Developer (Java, MySQL, Spring)",MongoDB,Research Skills,"Possess research skills to find, collect, synthesize, and analyze problems specific to the field.",Research Skills,88395b80dbd22403,,0.9863725226388376,0.9863725226388376
66,"Data Engineer (Spark, AWS Glue, Python) (Onboard ASAP)",AWS Glue,Research Skills,"Possess research skills to find, collect, synthesize, and analyze problems specific to the field.",Research Skills,88395b80dbd22403,,0.9863725226388376,0.9863725226388376
66,"Data Engineer (Spark, AWS Glue, Python) (Onboard ASAP)",EC2,Research Skills,"Possess research skills to find, collect, synthesize, and analyze problems specific to the field.",Research Skills,88395b80dbd22403,,0.9863725226388376,0.9863725226388376
66,"Data Engineer (Spark, AWS Glue, Python) (Onboard ASAP)",ECS/EKS,Research Skills,"Possess research skills to find, collect, synthesize, and analyze problems specific to the field.",Research Skills,88395b80dbd22403,,0.9863725226388376,0.9863725226388376
66,"Data Engineer (Spark, AWS Glue, Python) (Onboard ASAP)",IAM,Research Skills,"Possess research skills to find, collect, synthesize, and analyze problems specific to the field.",Research Skills,88395b80dbd22403,,0.9863725226388376,0.9863725226388376
66,"Data Engineer (Spark, AWS Glue, Python) (Onboard ASAP)",VPC,Research Skills,"Possess research skills to find, collect, synthesize, and analyze problems specific to the field.",Research Skills,88395b80dbd22403,,0.9863725226388376,0.9863725226388376
79,"Phụ Trách Kinh Doanh, Bảo Hiểm Phi Nhân Thọ",Non-life Insurance Products,Teamwork,Collaborate effectively with team members in managing customer relationships.,Collaborate with team members,0a0f671c3883b77f,,0.9864928998916,0.9864928998916
79,"Phụ Trách Kinh Doanh, Bảo Hiểm Phi Nhân Thọ",Partner Relationship Management,Teamwork,Collaborate effectively with team members in managing customer relationships.,Collaborate with team members,0a0f671c3883b77f,,0.9864928998916,0.9864928998916
79,"Phụ Trách Kinh Doanh, Bảo Hiểm Phi Nhân Thọ",Sales Agent Training,Teamwork,Collaborate effectively with team members in managing customer relationships.,Collaborate with team members,0a0f671c3883b77f,,0.9864928998916,0.9864928998916
67,Kỹ Sư Lập Trình Hệ Thống,CAN,Problem Solving Skills,Develop problem-solving skills specific to computer architecture.,Problem Solving Skills,cd83bede16dfceb3,,0.9865619047817438,0.9865619047817438
67,Kỹ Sư Lập Trình Hệ Thống,Ethernet,Problem Solving Skills,Develop problem-solving skills specific to computer architecture.,Problem Solving Skills,cd83bede16dfceb3,,0.9865619047817438,0.9865619047817438
67,Kỹ Sư Lập Trình Hệ Thống,FPGA,Problem Solving Skills,Develop problem-solving skills specific to computer architecture.,Problem Solving Skills,cd83bede16dfceb3,,0.9865619047817438,0.9865619047817438
67,Kỹ Sư Lập Trình Hệ Thống,IPCore,Problem Solving Skills,Develop problem-solving skills specific to computer architecture.,Problem Solving Skills,cd83bede16dfceb3,,0.9865619047817438,0.9865619047817438
67,Kỹ Sư Lập Trình Hệ Thống,Java,Problem Solving Skills,Develop problem-solving skills specific to computer architecture.,Problem Solving Skills,cd83bede16dfceb3,,0.9865619047817438,0.9865619047817438
67,Kỹ Sư Lập Trình Hệ Thống,multithreading,Problem Solving Skills,Develop problem-solving skills specific to computer architecture.,Problem Solving Skills,cd83bede16dfceb3,,0.9865619047817438,0.9865619047817438
67,Kỹ Sư Lập Trình Hệ Thống,parallel processing,Problem Solving Skills,Develop problem-solving skills specific to computer architecture.,Problem Solving Skills,cd83bede16dfceb3,,0.9865619047817438,0.9865619047817438
12,"Data Engineer (Spark, AWS Glue) (Onboard ASAP)",Docker,Project Planning and Coordination,"Plan, coordinate, manage resources, assess and improve the efficiency of activities.","Planning, coordinating, managing resources, evaluating and improving efficiency of activities",0613c62ab37de139,,0.987386779195849,0.987386779195849
12,"Data Engineer (Spark, AWS Glue) (Onboard ASAP)",ECS/EKS,Project Planning and Coordination,"Plan, coordinate, manage resources, assess and improve the efficiency of activities.","Planning, coordinating, managing resources, evaluating and improving efficiency of activities",0613c62ab37de139,,0.987386779195849,0.987386779195849
12,"Data Engineer (Spark, AWS Glue) (Onboard ASAP)",containerization,Project Planning and Coordination,"Plan, coordinate, manage resources, assess and improve the efficiency of activities.","Planning, coordinating, managing resources, evaluating and improving efficiency of activities",0613c62ab37de139,,0.987386779195849,0.987386779195849
240,Principal AI Architect (English - Onboard after Tet),.Net,Self-Learning Ability,"Develop the ability to learn independently, organize, and manage work in groups, synthesize issues, and persuade others.",Self-learning ability,5d241ab0b35c2b0f,,0.9877745061693715,0.9877745061693715
240,Principal AI Architect (English - Onboard after Tet),computer vision,Self-Learning Ability,"Develop the ability to learn independently, organize, and manage work in groups, synthesize issues, and persuade others.",Self-learning ability,5d241ab0b35c2b0f,,0.9877745061693715,0.9877745061693715
240,Principal AI Architect (English - Onboard after Tet),data pipelines,Self-Learning Ability,"Develop the ability to learn independently, organize, and manage work in groups, synthesize issues, and persuade others.",Self-learning ability,5d241ab0b35c2b0f,,0.9877745061693715,0.9877745061693715
240,Principal AI Architect (English - Onboard after Tet),modern data engineering stacks,Self-Learning Ability,"Develop the ability to learn independently, organize, and manage work in groups, synthesize issues, and persuade others.",Self-learning ability,5d241ab0b35c2b0f,,0.9877745061693715,0.9877745061693715
155,"Nhân Viên Tư Vấn Tuyển Sinh/ Telesale/ Sale Giáo Dục (NỮ, 23 - 31 Tuổi), Thu Nhập 18 - 30 Triệu++ Tại Hồ Chí Minh",E-learning product knowledge,Critical Thinking,"Develop critical thinking, technology-based information search, synthesis, and analysis skills to solve problems related to different topics.",Applying Critical Thinking to Solve Practical Problems,f1912dde62fc5adf,,0.9878519608435923,0.9878519608435923
155,"Nhân Viên Tư Vấn Tuyển Sinh/ Telesale/ Sale Giáo Dục (NỮ, 23 - 31 Tuổi), Thu Nhập 18 - 30 Triệu++ Tại Hồ Chí Minh",English proficiency (IELTS 5.5 or equivalent),Critical Thinking,"Develop critical thinking, technology-based information search, synthesis, and analysis skills to solve problems related to different topics.",Applying Critical Thinking to Solve Practical Problems,f1912dde62fc5adf,,0.9878519608435923,0.9878519608435923
219,Chuyên Viên Quảng Cáo (Google Ads; Facebook Ads; Tik Tok Ads),AI,Self-directed learning,Show initiative in self-directed learning and responsibility for assigned tasks,Self-directed learning,f2430421e4b50a24,,0.9885606990440987,0.9885606990440987
219,Chuyên Viên Quảng Cáo (Google Ads; Facebook Ads; Tik Tok Ads),Zalo Ads,Self-directed learning,Show initiative in self-directed learning and responsibility for assigned tasks,Self-directed learning,f2430421e4b50a24,,0.9885606990440987,0.9885606990440987
219,Chuyên Viên Quảng Cáo (Google Ads; Facebook Ads; Tik Tok Ads),chatbots,Self-directed learning,Show initiative in self-directed learning and responsibility for assigned tasks,Self-directed learning,f2430421e4b50a24,,0.9885606990440987,0.9885606990440987
435,Thiết Kế UI/UX (App Mobile),AI,Self-directed learning,Show initiative in self-directed learning and responsibility for assigned tasks,Self-directed learning,f2430421e4b50a24,,0.9885606990440987,0.9885606990440987
435,Thiết Kế UI/UX (App Mobile),Material Design,Self-directed learning,Show initiative in self-directed learning and responsibility for assigned tasks,Self-directed learning,f2430421e4b50a24,,0.9885606990440987,0.9885606990440987
12,"Data Engineer (Spark, AWS Glue) (Onboard ASAP)",Docker,Problem-solving,Practically solve and configure security mechanisms for real-world problems.,Problem-solving,fc7b1f52a6a33554,,0.9886004472306563,0.9886004472306563
12,"Data Engineer (Spark, AWS Glue) (Onboard ASAP)",ECS/EKS,Problem-solving,Practically solve and configure security mechanisms for real-world problems.,Problem-solving,fc7b1f52a6a33554,,0.9886004472306563,0.9886004472306563
12,"Data Engineer (Spark, AWS Glue) (Onboard ASAP)",containerization,Problem-solving,Practically solve and configure security mechanisms for real-world problems.,Problem-solving,fc7b1f52a6a33554,,0.9886004472306563,0.9886004472306563
226,Nhân Viên Kho Cửa Hàng - Làm Part Time Tại Quận 1,database management,Time Management,Manage time effectively to complete tasks within deadlines.,Time Management,691f9e21106363b3,0.1059321630425084,0.9888585034662682,0.9888585034662682
9,Chuyên Viên Nhân Sự Tổng Hợp,AWS,Time Management,Manage time effectively to complete tasks within deadlines.,Time Management,691f9e21106363b3,,0.9888585034662682,0.9888585034662682
9,Chuyên Viên Nhân Sự Tổng Hợp,Lean,Time Management,Manage time effectively to complete tasks within deadlines.,Time Management,691f9e21106363b3,,0.9888585034662682,0.9888585034662682
9,Chuyên Viên Nhân Sự Tổng Hợp,Python,Time Management,Manage time effectively to complete tasks within deadlines.,Time Management,691f9e21106363b3,,0.9888585034662682,0.9888585034662682
9,Chuyên Viên Nhân Sự Tổng Hợp,SEO,Time Management,Manage time effectively to complete tasks within deadlines.,Time Management,691f9e21106363b3,,0.9888585034662682,0.9888585034662682
9,Chuyên Viên Nhân Sự Tổng Hợp,SQL,Time Management,Manage time effectively to complete tasks within deadlines.,Time Management,691f9e21106363b3,,0.9888585034662682,0.9888585034662682
87,Process Quality Assurance (PQA),FMEA,Independent Work Skills,"Ability to work independently or actively, effectively participate in group activities. Ability to organize group activities.",Working independently or actively participating in group activities,cb30603c4782dc9b,,0.9891022248066098,0.9891022248066098
87,Process Quality Assurance (PQA),project-management-tools-JIRA,Independent Work Skills,"Ability to work independently or actively, effectively participate in group activities. Ability to organize group activities.",Working independently or actively participating in group activities,cb30603c4782dc9b,,0.9891022248066098,0.9891022248066098
87,Process Quality Assurance (PQA),FMEA,Self-Learning Ability,Develop ability to learn independently and solve problems.,Self-learning ability,5d241ab0b35c2b0f,,0.9896022011434995,0.9896022011434995
87,Process Quality Assurance (PQA),project-management-tools-JIRA,Self-Learning Ability,Develop ability to learn independently and solve problems.,Self-learning ability,5d241ab0b35c2b0f,,0.9896022011434995,0.9896022011434995
221,Chuyên Viên Tuyển Dụng Và Đào Tạo,Machine Learning,Self-directed Learning,Show capability for self-directed learning and responsibility.,Self-directed learning,f2430421e4b50a24,0.0981488861139873,0.9899599204732663,0.9899599204732663
221,Chuyên Viên Tuyển Dụng Và Đào Tạo,AWS,Self-directed Learning,Show capability for self-directed learning and responsibility.,Self-directed learning,f2430421e4b50a24,,0.9899599204732663,0.9899599204732663
221,Chuyên Viên Tuyển Dụng Và Đào Tạo,CISSP,Self-directed Learning,Show capability for self-directed learning and responsibility.,Self-directed learning,f2430421e4b50a24,,0.9899599204732663,0.9899599204732663
221,Chuyên Viên Tuyển Dụng Và Đào Tạo,Python,Self-directed Learning,Show capability for self-directed learning and responsibility.,Self-directed learning,f2430421e4b50a24,,0.9899599204732663,0.9899599204732663
221,Chuyên Viên Tuyển Dụng Và Đào Tạo,SQL,Self-directed Learning,Show capability for self-directed learning and responsibility.,Self-directed learning,f2430421e4b50a24,,0.9899599204732663,0.9899599204732663
87,Process Quality Assurance (PQA),project-management-tools-JIRA,Project Manager Functions,Differentiate functions and responsibilities of a project manager.,Project Manager Functions,6837df95a5d43172,0.1214055268700559,0.9899962332778247,0.9899962332778247
87,Process Quality Assurance (PQA),FMEA,Project Manager Functions,Differentiate functions and responsibilities of a project manager.,Project Manager Functions,6837df95a5d43172,,0.9899962332778247,0.9899962332778247
103,Data Engineer (DBA),Azure,Presentation skills,Ability to present research findings effectively.,Presenting research findings,07a1a9c65d0c3932,,0.9907352060938059,0.9907352060938059
103,Data Engineer (DBA),Change management,Presentation skills,Ability to present research findings effectively.,Presenting research findings,07a1a9c65d0c3932,,0.9907352060938059,0.9907352060938059
103,Data Engineer (DBA),GCP,Presentation skills,Ability to present research findings effectively.,Presenting research findings,07a1a9c65d0c3932,,0.9907352060938059,0.9907352060938059
103,Data Engineer (DBA),MariaDB,Presentation skills,Ability to present research findings effectively.,Presenting research findings,07a1a9c65d0c3932,,0.9907352060938059,0.9907352060938059
103,Data Engineer (DBA),Oracle,Presentation skills,Ability to present research findings effectively.,Presenting research findings,07a1a9c65d0c3932,,0.9907352060938059,0.9907352060938059
103,Data Engineer (DBA),Performance tuning,Presentation skills,Ability to present research findings effectively.,Presenting research findings,07a1a9c65d0c3932,,0.9907352060938059,0.9907352060938059
142,Nhân Viên Nuôi Tài Khoản Facebook Ads,Data Analysis for Facebook Ad Campaigns,Presentation skills,Ability to present research findings effectively.,Presenting research findings,07a1a9c65d0c3932,,0.9907352060938059,0.9907352060938059
240,Principal AI Architect (English - Onboard after Tet),data pipelines,Supervised Learning Models,Apply supervised learning models to build data models for analyzing the impact of one variable on another or predicting a target variable.,Supervised Learning Models,5fe4abae6ce18820,0.05061050059646395,0.9913057167327735,0.9913057167327735
240,Principal AI Architect (English - Onboard after Tet),modern data engineering stacks,Supervised Learning Models,Apply supervised learning models to build data models for analyzing the impact of one variable on another or predicting a target variable.,Supervised Learning Models,5fe4abae6ce18820,0.02518070061997478,0.9913057167327735,0.9913057167327735
240,Principal AI Architect (English - Onboard after Tet),.Net,Supervised Learning Models,Apply supervised learning models to build data models for analyzing the impact of one variable on another or predicting a target variable.,Supervised Learning Models,5fe4abae6ce18820,,0.9913057167327735,0.9913057167327735
240,Principal AI Architect (English - Onboard after Tet),computer vision,Supervised Learning Models,Apply supervised learning models to build data models for analyzing the impact of one variable on another or predicting a target variable.,Supervised Learning Models,5fe4abae6ce18820,,0.9913057167327735,0.9913057167327735
155,"Nhân Viên Tư Vấn Tuyển Sinh/ Telesale/ Sale Giáo Dục (NỮ, 23 - 31 Tuổi), Thu Nhập 18 - 30 Triệu++ Tại Hồ Chí Minh",English proficiency (IELTS 5.5 or equivalent),Vocabulary Acquisition,"Acquire vocabulary, grammar structures, and dialogue models related to various topics at the B1 level.",Vocabulary Acquisition,a108dd5a95cf73e8,0.03223203281519393,0.9915185085848817,0.9915185085848817
155,"Nhân Viên Tư Vấn Tuyển Sinh/ Telesale/ Sale Giáo Dục (NỮ, 23 - 31 Tuổi), Thu Nhập 18 - 30 Triệu++ Tại Hồ Chí Minh",E-learning product knowledge,Vocabulary Acquisition,"Acquire vocabulary, grammar structures, and dialogue models related to various topics at the B1 level.",Vocabulary Acquisition,a108dd5a95cf73e8,,0.9915185085848817,0.9915185085848817
753,Middle/Senior UI/UX Designer,A/B Testing,Information Gathering and Analysis,"Collect, synthesize, analyze, and present information effectively to solve problems related to software testing.",Information Gathering and Analysis,bf97a250074eab2b,0.04582324995851386,0.9916162591324083,0.9916162591324083
753,Middle/Senior UI/UX Designer,AI Copilot Studio,Information Gathering and Analysis,"Collect, synthesize, analyze, and present information effectively to solve problems related to software testing.",Information Gathering and Analysis,bf97a250074eab2b,,0.9916162591324083,0.9916162591324083
753,Middle/Senior UI/UX Designer,Design Tokens,Information Gathering and Analysis,"Collect, synthesize, analyze, and present information effectively to solve problems related to software testing.",Information Gathering and Analysis,bf97a250074eab2b,,0.9916162591324083,0.9916162591324083
753,Middle/Senior UI/UX Designer,Heuristic Evaluation,Information Gathering and Analysis,"Collect, synthesize, analyze, and present information effectively to solve problems related to software testing.",Information Gathering and Analysis,bf97a250074eab2b,,0.9916162591324083,0.9916162591324083
221,Chuyên Viên Tuyển Dụng Và Đào Tạo,AWS,Ethical Responsibility,Understand and adhere to ethical responsibilities in programming.,Ethical Responsibility,38d0f568fa5476a7,,0.9920995161487682,0.9920995161487682
221,Chuyên Viên Tuyển Dụng Và Đào Tạo,CISSP,Ethical Responsibility,Understand and adhere to ethical responsibilities in programming.,Ethical Responsibility,38d0f568fa5476a7,,0.9920995161487682,0.9920995161487682
221,Chuyên Viên Tuyển Dụng Và Đào Tạo,Machine Learning,Ethical Responsibility,Understand and adhere to ethical responsibilities in programming.,Ethical Responsibility,38d0f568fa5476a7,,0.9920995161487682,0.9920995161487682
221,Chuyên Viên Tuyển Dụng Và Đào Tạo,Python,Ethical Responsibility,Understand and adhere to ethical responsibilities in programming.,Ethical Responsibility,38d0f568fa5476a7,,0.9920995161487682,0.9920995161487682
221,Chuyên Viên Tuyển Dụng Và Đào Tạo,SQL,Ethical Responsibility,Understand and adhere to ethical responsibilities in programming.,Ethical Responsibility,38d0f568fa5476a7,,0.9920995161487682,0.9920995161487682
9,Chuyên Viên Nhân Sự Tổng Hợp,AWS,Ethical Responsibility,Understand and adhere to ethical responsibilities in programming.,Ethical Responsibility,38d0f568fa5476a7,,0.9920995161487682,0.9920995161487682
9,Chuyên Viên Nhân Sự Tổng Hợp,Lean,Ethical Responsibility,Understand and adhere to ethical responsibilities in programming.,Ethical Responsibility,38d0f568fa5476a7,,0.9920995161487682,0.9920995161487682
9,Chuyên Viên Nhân Sự Tổng Hợp,Python,Ethical Responsibility,Understand and adhere to ethical responsibilities in programming.,Ethical Responsibility,38d0f568fa5476a7,,0.9920995161487682,0.9920995161487682
9,Chuyên Viên Nhân Sự Tổng Hợp,SEO,Ethical Responsibility,Understand and adhere to ethical responsibilities in programming.,Ethical Responsibility,38d0f568fa5476a7,,0.9920995161487682,0.9920995161487682
9,Chuyên Viên Nhân Sự Tổng Hợp,SQL,Ethical Responsibility,Understand and adhere to ethical responsibilities in programming.,Ethical Responsibility,38d0f568fa5476a7,,0.9920995161487682,0.9920995161487682
90,"IT Comtor (PHP, Python, Laravel, WordPress, Japanese)",Docker,Ethical Responsibility,Understand and adhere to ethical responsibilities in programming.,Ethical Responsibility,38d0f568fa5476a7,,0.9920995161487682,0.9920995161487682
90,"IT Comtor (PHP, Python, Laravel, WordPress, Japanese)",Python,Ethical Responsibility,Understand and adhere to ethical responsibilities in programming.,Ethical Responsibility,38d0f568fa5476a7,,0.9920995161487682,0.9920995161487682
90,"IT Comtor (PHP, Python, Laravel, WordPress, Japanese)",WordPress,Ethical Responsibility,Understand and adhere to ethical responsibilities in programming.,Ethical Responsibility,38d0f568fa5476a7,,0.9920995161487682,0.9920995161487682
87,Process Quality Assurance (PQA),project-management-tools-JIRA,Project Management Concepts,Understand and distinguish basic concepts of IT projects.,Project Management Concepts,44276935aa3ffcbc,0.1963042145990494,0.9924058990739086,0.9924058990739086
87,Process Quality Assurance (PQA),FMEA,Project Management Concepts,Understand and distinguish basic concepts of IT projects.,Project Management Concepts,44276935aa3ffcbc,,0.9924058990739086,0.9924058990739086
753,Middle/Senior UI/UX Designer,A/B Testing,Effective Communication Skills,"Communicate effectively through writing reports, giving presentations, and collaborating online.",Writing reports,c496a2bb6f6b0475,,0.9927188082296787,0.9927188082296787
753,Middle/Senior UI/UX Designer,AI Copilot Studio,Effective Communication Skills,"Communicate effectively through writing reports, giving presentations, and collaborating online.",Writing reports,c496a2bb6f6b0475,,0.9927188082296787,0.9927188082296787
753,Middle/Senior UI/UX Designer,Design Tokens,Effective Communication Skills,"Communicate effectively through writing reports, giving presentations, and collaborating online.",Writing reports,c496a2bb6f6b0475,,0.9927188082296787,0.9927188082296787
753,Middle/Senior UI/UX Designer,Heuristic Evaluation,Effective Communication Skills,"Communicate effectively through writing reports, giving presentations, and collaborating online.",Writing reports,c496a2bb6f6b0475,,0.9927188082296787,0.9927188082296787
67,Kỹ Sư Lập Trình Hệ Thống,CAN,Team Collaboration,Collaborate effectively in teams to solve problems within deadlines.,Collaborate with team members,0a0f671c3883b77f,,0.9933458564489215,0.9933458564489215
67,Kỹ Sư Lập Trình Hệ Thống,Ethernet,Team Collaboration,Collaborate effectively in teams to solve problems within deadlines.,Collaborate with team members,0a0f671c3883b77f,,0.9933458564489215,0.9933458564489215
67,Kỹ Sư Lập Trình Hệ Thống,FPGA,Team Collaboration,Collaborate effectively in teams to solve problems within deadlines.,Collaborate with team members,0a0f671c3883b77f,,0.9933458564489215,0.9933458564489215
67,Kỹ Sư Lập Trình Hệ Thống,IPCore,Team Collaboration,Collaborate effectively in teams to solve problems within deadlines.,Collaborate with team members,0a0f671c3883b77f,,0.9933458564489215,0.9933458564489215
67,Kỹ Sư Lập Trình Hệ Thống,Java,Team Collaboration,Collaborate effectively in teams to solve problems within deadlines.,Collaborate with team members,0a0f671c3883b77f,,0.9933458564489215,0.9933458564489215
67,Kỹ Sư Lập Trình Hệ Thống,multithreading,Team Collaboration,Collaborate effectively in teams to solve problems within deadlines.,Collaborate with team members,0a0f671c3883b77f,,0.9933458564489215,0.9933458564489215
67,Kỹ Sư Lập Trình Hệ Thống,parallel processing,Team Collaboration,Collaborate effectively in teams to solve problems within deadlines.,Collaborate with team members,0a0f671c3883b77f,,0.9933458564489215,0.9933458564489215
155,"Nhân Viên Tư Vấn Tuyển Sinh/ Telesale/ Sale Giáo Dục (NỮ, 23 - 31 Tuổi), Thu Nhập 18 - 30 Triệu++ Tại Hồ Chí Minh",E-learning product knowledge,Listening Comprehension,Ability to understand main ideas and take notes on key details from monologues and dialogues up to 4-5 minutes long in business communication settings and daily life.,"Combine main idea recognition, note-taking methods, and abbreviations to effectively take notes and logically present information",6ca078c5855aa19f,,0.9936071968935468,0.9936071968935468
155,"Nhân Viên Tư Vấn Tuyển Sinh/ Telesale/ Sale Giáo Dục (NỮ, 23 - 31 Tuổi), Thu Nhập 18 - 30 Triệu++ Tại Hồ Chí Minh",English proficiency (IELTS 5.5 or equivalent),Listening Comprehension,Ability to understand main ideas and take notes on key details from monologues and dialogues up to 4-5 minutes long in business communication settings and daily life.,"Combine main idea recognition, note-taking methods, and abbreviations to effectively take notes and logically present information",6ca078c5855aa19f,,0.9936071968935468,0.9936071968935468
226,Nhân Viên Kho Cửa Hàng - Làm Part Time Tại Quận 1,database management,Teamwork,Work effectively in teams to achieve common goals.,Working effectively in diverse teams,6c48f94ad962da12,,0.993871927371714,0.993871927371714
9,Chuyên Viên Nhân Sự Tổng Hợp,AWS,Teamwork,Work effectively in teams to achieve common goals.,Working effectively in diverse teams,6c48f94ad962da12,,0.993871927371714,0.993871927371714
9,Chuyên Viên Nhân Sự Tổng Hợp,Lean,Teamwork,Work effectively in teams to achieve common goals.,Working effectively in diverse teams,6c48f94ad962da12,,0.993871927371714,0.993871927371714
9,Chuyên Viên Nhân Sự Tổng Hợp,Python,Teamwork,Work effectively in teams to achieve common goals.,Working effectively in diverse teams,6c48f94ad962da12,,0.993871927371714,0.993871927371714
9,Chuyên Viên Nhân Sự Tổng Hợp,SEO,Teamwork,Work effectively in teams to achieve common goals.,Working effectively in diverse teams,6c48f94ad962da12,,0.993871927371714,0.993871927371714
9,Chuyên Viên Nhân Sự Tổng Hợp,SQL,Teamwork,Work effectively in teams to achieve common goals.,Working effectively in diverse teams,6c48f94ad962da12,,0.993871927371714,0.993871927371714
219,Chuyên Viên Quảng Cáo (Google Ads; Facebook Ads; Tik Tok Ads),AI,Machine Learning Methods,"Analyze and apply supervised, unsupervised, semi-supervised, reinforcement learning, and deep learning methods.",Machine Learning Methods,43b9e3dfd24f6ebb,,0.9944946975322437,0.9944946975322437
219,Chuyên Viên Quảng Cáo (Google Ads; Facebook Ads; Tik Tok Ads),Zalo Ads,Machine Learning Methods,"Analyze and apply supervised, unsupervised, semi-supervised, reinforcement learning, and deep learning methods.",Machine Learning Methods,43b9e3dfd24f6ebb,,0.9944946975322437,0.9944946975322437
219,Chuyên Viên Quảng Cáo (Google Ads; Facebook Ads; Tik Tok Ads),chatbots,Machine Learning Methods,"Analyze and apply supervised, unsupervised, semi-supervised, reinforcement learning, and deep learning methods.",Machine Learning Methods,43b9e3dfd24f6ebb,,0.9944946975322437,0.9944946975322437
240,Principal AI Architect (English - Onboard after Tet),.Net,Classroom Discipline Awareness,"Awareness of classroom discipline, adherence to class rules, cooperative spirit, and personal responsibility for activities.",Classroom Discipline Awareness,9654301f48e6c7c1,,0.9955996511503773,0.9955996511503773
240,Principal AI Architect (English - Onboard after Tet),computer vision,Classroom Discipline Awareness,"Awareness of classroom discipline, adherence to class rules, cooperative spirit, and personal responsibility for activities.",Classroom Discipline Awareness,9654301f48e6c7c1,,0.9955996511503773,0.9955996511503773
240,Principal AI Architect (English - Onboard after Tet),data pipelines,Classroom Discipline Awareness,"Awareness of classroom discipline, adherence to class rules, cooperative spirit, and personal responsibility for activities.",Classroom Discipline Awareness,9654301f48e6c7c1,,0.9955996511503773,0.9955996511503773
240,Principal AI Architect (English - Onboard after Tet),modern data engineering stacks,Classroom Discipline Awareness,"Awareness of classroom discipline, adherence to class rules, cooperative spirit, and personal responsibility for activities.",Classroom Discipline Awareness,9654301f48e6c7c1,,0.9955996511503773,0.9955996511503773
226,Nhân Viên Kho Cửa Hàng - Làm Part Time Tại Quận 1,database management,Group Activity Organization,Have organizational skills for group activities.,Group activity organization,1da91663b28a27fa,,0.9956049665927602,0.9956049665927602
55,"Back End Developer (Java, MySQL, Spring)",AWS,Group Activity Organization,Have organizational skills for group activities.,Group activity organization,1da91663b28a27fa,,0.9956049665927602,0.9956049665927602
55,"Back End Developer (Java, MySQL, Spring)",GCP,Group Activity Organization,Have organizational skills for group activities.,Group activity organization,1da91663b28a27fa,,0.9956049665927602,0.9956049665927602
55,"Back End Developer (Java, MySQL, Spring)",GO,Group Activity Organization,Have organizational skills for group activities.,Group activity organization,1da91663b28a27fa,,0.9956049665927602,0.9956049665927602
55,"Back End Developer (Java, MySQL, Spring)",Kubernetes,Group Activity Organization,Have organizational skills for group activities.,Group activity organization,1da91663b28a27fa,,0.9956049665927602,0.9956049665927602
55,"Back End Developer (Java, MySQL, Spring)",MongoDB,Group Activity Organization,Have organizational skills for group activities.,Group activity organization,1da91663b28a27fa,,0.9956049665927602,0.9956049665927602
9,Chuyên Viên Nhân Sự Tổng Hợp,AWS,Group Activity Organization,Have organizational skills for group activities.,Group activity organization,1da91663b28a27fa,,0.9956049665927602,0.9956049665927602
9,Chuyên Viên Nhân Sự Tổng Hợp,Lean,Group Activity Organization,Have organizational skills for group activities.,Group activity organization,1da91663b28a27fa,,0.9956049665927602,0.9956049665927602
9,Chuyên Viên Nhân Sự Tổng Hợp,Python,Group Activity Organization,Have organizational skills for group activities.,Group activity organization,1da91663b28a27fa,,0.9956049665927602,0.9956049665927602
9,Chuyên Viên Nhân Sự Tổng Hợp,SEO,Group Activity Organization,Have organizational skills for group activities.,Group activity organization,1da91663b28a27fa,,0.9956049665927602,0.9956049665927602
9,Chuyên Viên Nhân Sự Tổng Hợp,SQL,Group Activity Organization,Have organizational skills for group activities.,Group activity organization,1da91663b28a27fa,,0.9956049665927602,0.9956049665927602
0,Data Engineer (DBA),Azure,Independent study,Self-study and complete assignments independently,Independent study,77f6c1ba3f2ec0d4,,0.9966665838254141,0.9966665838254141
0,Data Engineer (DBA),BigQuery,Independent study,Self-study and complete assignments independently,Independent study,77f6c1ba3f2ec0d4,,0.9966665838254141,0.9966665838254141
0,Data Engineer (DBA),Redshift,Independent study,Self-study and complete assignments independently,Independent study,77f6c1ba3f2ec0d4,,0.9966665838254141,0.9966665838254141
12,"Data Engineer (Spark, AWS Glue) (Onboard ASAP)",Docker,Independent study,Self-study and complete assignments independently,Independent study,77f6c1ba3f2ec0d4,,0.9966665838254141,0.9966665838254141
12,"Data Engineer (Spark, AWS Glue) (Onboard ASAP)",ECS/EKS,Independent study,Self-study and complete assignments independently,Independent study,77f6c1ba3f2ec0d4,,0.9966665838254141,0.9966665838254141
12,"Data Engineer (Spark, AWS Glue) (Onboard ASAP)",containerization,Independent study,Self-study and complete assignments independently,Independent study,77f6c1ba3f2ec0d4,,0.9966665838254141,0.9966665838254141
208,"Back End Developer (Java, MySQL, Spring)",AWS,Independent study,Self-study and complete assignments independently,Independent study,77f6c1ba3f2ec0d4,,0.9966665838254141,0.9966665838254141
208,"Back End Developer (Java, MySQL, Spring)",GCP,Independent study,Self-study and complete assignments independently,Independent study,77f6c1ba3f2ec0d4,,0.9966665838254141,0.9966665838254141
208,"Back End Developer (Java, MySQL, Spring)",GOC,Independent study,Self-study and complete assignments independently,Independent study,77f6c1ba3f2ec0d4,,0.9966665838254141,0.9966665838254141
208,"Back End Developer (Java, MySQL, Spring)",Kubernetes,Independent study,Self-study and complete assignments independently,Independent study,77f6c1ba3f2ec0d4,,0.9966665838254141,0.9966665838254141
468,Sale Admin,Access,Model Evaluation,Evaluate and explain models and results from statistical analysis models.,Statistical Economic Models Evaluation,9373ddfb08a74b3a,,0.9971057682150479,0.9971057682150479
468,Sale Admin,Data analysis,Model Evaluation,Evaluate and explain models and results from statistical analysis models.,Statistical Economic Models Evaluation,9373ddfb08a74b3a,,0.9971057682150479,0.9971057682150479
468,Sale Admin,Interpreting,Model Evaluation,Evaluate and explain models and results from statistical analysis models.,Statistical Economic Models Evaluation,9373ddfb08a74b3a,,0.9971057682150479,0.9971057682150479
468,Sale Admin,Reports,Model Evaluation,Evaluate and explain models and results from statistical analysis models.,Statistical Economic Models Evaluation,9373ddfb08a74b3a,,0.9971057682150479,0.9971057682150479
240,Principal AI Architect (English - Onboard after Tet),.Net,Personal Responsibility,"Develop personal responsibility, responsibility towards the group, and build discipline in study.",Personal Responsibility,8ff018b8b7077f75,,0.9985231292903589,0.9985231292903589
240,Principal AI Architect (English - Onboard after Tet),computer vision,Personal Responsibility,"Develop personal responsibility, responsibility towards the group, and build discipline in study.",Personal Responsibility,8ff018b8b7077f75,,0.9985231292903589,0.9985231292903589
240,Principal AI Architect (English - Onboard after Tet),data pipelines,Personal Responsibility,"Develop personal responsibility, responsibility towards the group, and build discipline in study.",Personal Responsibility,8ff018b8b7077f75,,0.9985231292903589,0.9985231292903589
240,Principal AI Architect (English - Onboard after Tet),modern data engineering stacks,Personal Responsibility,"Develop personal responsibility, responsibility towards the group, and build discipline in study.",Personal Responsibility,8ff018b8b7077f75,,0.9985231292903589,0.9985231292903589
103,Data Engineer (DBA),Azure,Self-directed learning,Ability to learn independently and take initiative in research.,Self-directed learning and research,8c3b58452ceea052,,0.9986677569003768,0.9986677569003768
103,Data Engineer (DBA),Change management,Self-directed learning,Ability to learn independently and take initiative in research.,Self-directed learning and research,8c3b58452ceea052,,0.9986677569003768,0.9986677569003768
103,Data Engineer (DBA),GCP,Self-directed learning,Ability to learn independently and take initiative in research.,Self-directed learning and research,8c3b58452ceea052,,0.9986677569003768,0.9986677569003768
103,Data Engineer (DBA),MariaDB,Self-directed learning,Ability to learn independently and take initiative in research.,Self-directed learning and research,8c3b58452ceea052,,0.9986677569003768,0.9986677569003768
103,Data Engineer (DBA),Oracle,Self-directed learning,Ability to learn independently and take initiative in research.,Self-directed learning and research,8c3b58452ceea052,,0.9986677569003768,0.9986677569003768
103,Data Engineer (DBA),Performance tuning,Self-directed learning,Ability to learn independently and take initiative in research.,Self-directed learning and research,8c3b58452ceea052,,0.9986677569003768,0.9986677569003768
142,Nhân Viên Nuôi Tài Khoản Facebook Ads,Data Analysis for Facebook Ad Campaigns,Self-directed learning,Ability to learn independently and take initiative in research.,Self-directed learning and research,8c3b58452ceea052,,0.9986677569003768,0.9986677569003768
240,Principal AI Architect (English - Onboard after Tet),data pipelines,Unsupervised Learning Models,"Apply unsupervised learning models to build data models for classification, clustering, and data mining.",Unsupervised Learning Models,77cc2e82ea5caca7,0.08970646774140588,0.9988571859145023,0.9988571859145023
240,Principal AI Architect (English - Onboard after Tet),modern data engineering stacks,Unsupervised Learning Models,"Apply unsupervised learning models to build data models for classification, clustering, and data mining.",Unsupervised Learning Models,77cc2e82ea5caca7,0.04463247115223335,0.9988571859145023,0.9988571859145023
240,Principal AI Architect (English - Onboard after Tet),.Net,Unsupervised Learning Models,"Apply unsupervised learning models to build data models for classification, clustering, and data mining.",Unsupervised Learning Models,77cc2e82ea5caca7,,0.9988571859145023,0.9988571859145023
240,Principal AI Architect (English - Onboard after Tet),computer vision,Unsupervised Learning Models,"Apply unsupervised learning models to build data models for classification, clustering, and data mining.",Unsupervised Learning Models,77cc2e82ea5caca7,,0.9988571859145023,0.9988571859145023
468,Sale Admin,Data analysis,Multiple Correspondence Analysis,Conduct Multiple Correspondence Analysis on complex datasets.,Multiple Correspondence Analysis,c4479e488198da4a,0.1087071376615644,0.9998510828960425,0.9998510828960425
142,Nhân Viên Nuôi Tài Khoản Facebook Ads,Data Analysis for Facebook Ad Campaigns,Multiple Correspondence Analysis,Conduct Multiple Correspondence Analysis on complex datasets.,Multiple Correspondence Analysis,c4479e488198da4a,0.09757949987200039,0.9998510828960425,0.9998510828960425
468,Sale Admin,Access,Multiple Correspondence Analysis,Conduct Multiple Correspondence Analysis on complex datasets.,Multiple Correspondence Analysis,c4479e488198da4a,,0.9998510828960425,0.9998510828960425
468,Sale Admin,Interpreting,Multiple Correspondence Analysis,Conduct Multiple Correspondence Analysis on complex datasets.,Multiple Correspondence Analysis,c4479e488198da4a,,0.9998510828960425,0.9998510828960425
468,Sale Admin,Reports,Multiple Correspondence Analysis,Conduct Multiple Correspondence Analysis on complex datasets.,Multiple Correspondence Analysis,c4479e488198da4a,,0.9998510828960425,0.9998510828960425
221,Chuyên Viên Tuyển Dụng Và Đào Tạo,Machine Learning,Machine Learning Techniques,Apply machine learning techniques for data analysis,Machine Learning Techniques,fc76c565abf59081,1.0,1.0,1.0
79,"Phụ Trách Kinh Doanh, Bảo Hiểm Phi Nhân Thọ",Non-life Insurance Products,Calculate premiums for some basic life insurance products,Apply formulas and assumptions to calculate premiums for some types of life insurance products.,Calculate premiums for some basic life insurance products,97a24dfbc218f2df,1.0,1.0,1.0
79,"Phụ Trách Kinh Doanh, Bảo Hiểm Phi Nhân Thọ",Non-life Insurance Products,Calculate premiums for some basic non-life insurance products,Apply formulas and assumptions to calculate premiums for some types of non-life insurance products.,Calculate premiums for some basic life insurance products,97a24dfbc218f2df,1.0,1.0,1.0
67,Kỹ Sư Lập Trình Hệ Thống,Java,Execute code segments,Complete assignments and solve problems related to Java programming.,Execute code segments,b2bc6356f1ce6286,0.9989166125605935,1.0,1.0
67,Kỹ Sư Lập Trình Hệ Thống,Java,Describe the operation of software on a computer,Understand how Java works and apply basic programming techniques.,Describe the operation of software on a computer,f680c529c103da4c,0.9931265022617874,1.0,1.0
219,Chuyên Viên Quảng Cáo (Google Ads; Facebook Ads; Tik Tok Ads),AI,Differentiate modern AI techniques,"Apply modern AI techniques such as machine learning, neural networks, fuzzy logic, genetic algorithms, and data mining",Differentiate modern AI techniques,f23d28761d76eb43,0.9699383671813149,1.0,1.0
435,Thiết Kế UI/UX (App Mobile),AI,Differentiate modern AI techniques,"Apply modern AI techniques such as machine learning, neural networks, fuzzy logic, genetic algorithms, and data mining",Differentiate modern AI techniques,f23d28761d76eb43,0.9699383671813149,1.0,1.0
9,Chuyên Viên Nhân Sự Tổng Hợp,SQL,SQL Programming,Write SQL scripts for data manipulation and retrieval.,SQL Programming,3117f8304b70d114,0.9698979877351108,1.0,1.0
219,Chuyên Viên Quảng Cáo (Google Ads; Facebook Ads; Tik Tok Ads),AI,Research and develop AI applications,Conduct research and develop practical AI applications,Research and develop AI applications,50779cd6819806ac,0.9625736458422338,1.0,1.0
219,Chuyên Viên Quảng Cáo (Google Ads; Facebook Ads; Tik Tok Ads),AI,Independent Research Skills,Conduct independent research on AI applications in business and management.,Research and develop AI applications,50779cd6819806ac,0.9625736458422338,1.0,1.0
435,Thiết Kế UI/UX (App Mobile),AI,Research and develop AI applications,Conduct research and develop practical AI applications,Research and develop AI applications,50779cd6819806ac,0.9625736458422338,1.0,1.0
9,Chuyên Viên Nhân Sự Tổng Hợp,SQL,SQL Syntax Application,"Apply theoretical models, relational algebra expressions, and SQL syntax to analyze, evaluate, and explain issues related to query optimization and data integrity.",SQL Syntax Application,d190fe4b306f94b0,0.9585543434113726,1.0,1.0
219,Chuyên Viên Quảng Cáo (Google Ads; Facebook Ads; Tik Tok Ads),AI,Identify basic problems in AI,Recognize various research areas in AI and their roles in human perception,Identify basic problems in AI,5d9de9c43fd6503d,0.9473688903910749,1.0,1.0
435,Thiết Kế UI/UX (App Mobile),AI,Identify basic problems in AI,Recognize various research areas in AI and their roles in human perception,Identify basic problems in AI,5d9de9c43fd6503d,0.9473688903910749,1.0,1.0
219,Chuyên Viên Quảng Cáo (Google Ads; Facebook Ads; Tik Tok Ads),AI,Model Building for AI Applications,Develop models and applications of AI in business and management.,Model Building for AI Applications,302e3da4908ab96e,0.9265796703508973,1.0,1.0
142,Nhân Viên Nuôi Tài Khoản Facebook Ads,Data Analysis for Facebook Ad Campaigns,Text data analysis,Ability to analyze text data using statistical methods.,Text data analysis,6e5393579ed046aa,0.9058429736541077,1.0,1.0
221,Chuyên Viên Tuyển Dụng Và Đào Tạo,Machine Learning,Evaluation Techniques for Machine Learning Models,Ability to evaluate the performance of machine learning models using various techniques.,Evaluation Techniques for Machine Learning Models,10076f12050dc46f,0.900207446025095,1.0,1.0
226,Nhân Viên Kho Cửa Hàng - Làm Part Time Tại Quận 1,database management,Database Backup and Recovery,Perform backup and recovery operations on databases.,Database Backup and Recovery,75c12111651f2778,0.8831591350088084,1.0,1.0
219,Chuyên Viên Quảng Cáo (Google Ads; Facebook Ads; Tik Tok Ads),AI,"Combine searching, modeling, and solving techniques","Integrate searching, modeling, and solving techniques to address AI problems","Combine searching, modeling, and solving techniques",81a37ade205f3554,0.7900884574937134,1.0,1.0
435,Thiết Kế UI/UX (App Mobile),AI,"Combine searching, modeling, and solving techniques","Integrate searching, modeling, and solving techniques to address AI problems","Combine searching, modeling, and solving techniques",81a37ade205f3554,0.7900884574937134,1.0,1.0
221,Chuyên Viên Tuyển Dụng Và Đào Tạo,Machine Learning,Neural Networks and Deep Learning,Understanding and application of neural networks and deep learning techniques.,Neural Networks and Deep Learning,7fe2c9301e7afdf1,0.7713057177223751,1.0,1.0
79,"Phụ Trách Kinh Doanh, Bảo Hiểm Phi Nhân Thọ",Partner Relationship Management,Strategic decisions in CRM,Make strategic decisions related to customer relationship management.,Strategic decisions in CRM,2af41337e1ff7abc,0.7644029033781857,1.0,1.0
221,Chuyên Viên Tuyển Dụng Và Đào Tạo,Python,Functions,Design and implement functions in Python.,Functions,ef7d009c7e812da1,0.7555910017326469,1.0,1.0
9,Chuyên Viên Nhân Sự Tổng Hợp,Python,Functions,Design and implement functions in Python.,Functions,ef7d009c7e812da1,0.7555910017326469,1.0,1.0
90,"IT Comtor (PHP, Python, Laravel, WordPress, Japanese)",Python,Functions,Design and implement functions in Python.,Functions,ef7d009c7e812da1,0.7555910017326469,1.0,1.0
221,Chuyên Viên Tuyển Dụng Và Đào Tạo,Python,Visual Studio Code,Use Visual Studio Code for Python development.,Visual Studio Code,19034ff2846dd635,0.74231669844036,1.0,1.0
9,Chuyên Viên Nhân Sự Tổng Hợp,Python,Visual Studio Code,Use Visual Studio Code for Python development.,Visual Studio Code,19034ff2846dd635,0.74231669844036,1.0,1.0
90,"IT Comtor (PHP, Python, Laravel, WordPress, Japanese)",Python,Visual Studio Code,Use Visual Studio Code for Python development.,Visual Studio Code,19034ff2846dd635,0.74231669844036,1.0,1.0
221,Chuyên Viên Tuyển Dụng Và Đào Tạo,Python,Modules,Use modules and packages in Python.,Modules,fbc6c1d4c3b6db8f,0.7395387493459745,1.0,1.0
9,Chuyên Viên Nhân Sự Tổng Hợp,Python,Modules,Use modules and packages in Python.,Modules,fbc6c1d4c3b6db8f,0.7395387493459745,1.0,1.0
90,"IT Comtor (PHP, Python, Laravel, WordPress, Japanese)",Python,Modules,Use modules and packages in Python.,Modules,fbc6c1d4c3b6db8f,0.7395387493459745,1.0,1.0
9,Chuyên Viên Nhân Sự Tổng Hợp,SQL,Query Optimization,"Apply theories, models, relational algebra expressions, and SQL syntax to analyze, evaluate, and explain query optimization and data integrity issues.",Query Optimization,9aae78751eb7d681,0.7352933734001422,1.0,1.0
79,"Phụ Trách Kinh Doanh, Bảo Hiểm Phi Nhân Thọ",Partner Relationship Management,Understanding the nature of customer relationships,Understand the fundamental aspects of customer relationships and their management.,Understanding the nature of customer relationships,8a4b0d5cb714fa14,0.7243711410656039,1.0,1.0
67,Kỹ Sư Lập Trình Hệ Thống,FPGA,Multi-core CPU Architecture,Understand and analyze multi-core CPU architectures.,Multi-core CPU Architecture,9afe80fb827352cb,0.7,1.0,1.0
103,Data Engineer (DBA),Performance tuning,Managing large datasets,Ability to manage large datasets effectively.,Managing large datasets,983b5e0fb845ddb8,0.6969265902023325,1.0,1.0
79,"Phụ Trách Kinh Doanh, Bảo Hiểm Phi Nhân Thọ",Partner Relationship Management,Building CRM strategies,Develop comprehensive strategies for managing customer relationships.,Building CRM strategies,16125868162c9e57,0.6966289773478282,1.0,1.0
219,Chuyên Viên Quảng Cáo (Google Ads; Facebook Ads; Tik Tok Ads),chatbots,Research and develop AI applications,Conduct research and develop practical AI applications,Research and develop AI applications,50779cd6819806ac,0.6953910390590847,1.0,1.0
219,Chuyên Viên Quảng Cáo (Google Ads; Facebook Ads; Tik Tok Ads),chatbots,Independent Research Skills,Conduct independent research on AI applications in business and management.,Research and develop AI applications,50779cd6819806ac,0.6953910390590847,1.0,1.0
67,Kỹ Sư Lập Trình Hệ Thống,multithreading,Multi-core CPU Architecture,Understand and analyze multi-core CPU architectures.,Multi-core CPU Architecture,9afe80fb827352cb,0.6941966742814903,1.0,1.0
12,"Data Engineer (Spark, AWS Glue) (Onboard ASAP)",ECS/EKS,Access Control Management,Manage access control for cloud-based services.,Access Control Management,0c6656da365a367f,0.6930745832089549,1.0,1.0
0,Data Engineer (DBA),Redshift,Data processing methods,Understand advanced data processing methods,Data processing methods,5107a7dc18aa2e76,0.6919271177789961,1.0,1.0
221,Chuyên Viên Tuyển Dụng Và Đào Tạo,Machine Learning,Model Selection and Parameter Tuning,Ability to select appropriate models and tune parameters effectively.,Model Selection and Parameter Tuning,c1ca53bf426151b9,0.6917233601757661,1.0,1.0
219,Chuyên Viên Quảng Cáo (Google Ads; Facebook Ads; Tik Tok Ads),chatbots,"Combine searching, modeling, and solving techniques","Integrate searching, modeling, and solving techniques to address AI problems","Combine searching, modeling, and solving techniques",81a37ade205f3554,0.6873125031041395,1.0,1.0
79,"Phụ Trách Kinh Doanh, Bảo Hiểm Phi Nhân Thọ",Partner Relationship Management,Managing customer lifecycle,Manage the various stages of the customer lifecycle.,Managing customer lifecycle,3397ba5e53781cb5,0.6842169081213562,1.0,1.0
208,"Back End Developer (Java, MySQL, Spring)",GCP,Cloud computing,Understand cloud computing concepts,Cloud computing,81121f330a983b7f,0.6829842900261975,1.0,1.0
208,"Back End Developer (Java, MySQL, Spring)",GCP,Data processing methods,Understand advanced data processing methods,Data processing methods,5107a7dc18aa2e76,0.6798253316447216,1.0,1.0
9,Chuyên Viên Nhân Sự Tổng Hợp,SQL,Database Backup and Recovery,Perform backup and recovery operations on databases.,Database Backup and Recovery,75c12111651f2778,0.6792861064214032,1.0,1.0
103,Data Engineer (DBA),Performance tuning,Analyzing large datasets,Ability to analyze large datasets using statistical methods.,Analyzing large datasets,13a02ebf31103922,0.6782472755349295,1.0,1.0
67,Kỹ Sư Lập Trình Hệ Thống,parallel processing,Multi-core CPU Architecture,Understand and analyze multi-core CPU architectures.,Multi-core CPU Architecture,9afe80fb827352cb,0.6777265509405394,1.0,1.0
208,"Back End Developer (Java, MySQL, Spring)",AWS,Cloud computing,Understand cloud computing concepts,Cloud computing,81121f330a983b7f,0.6737190885035272,1.0,1.0
9,Chuyên Viên Nhân Sự Tổng Hợp,SQL,Database Querying,Understand basic to advanced concepts of database querying.,Database Querying,bebe8fe7d553f62f,0.6705809565052441,1.0,1.0
0,Data Engineer (DBA),Azure,Cloud computing,Understand cloud computing concepts,Cloud computing,81121f330a983b7f,0.6672824188955383,1.0,1.0
208,"Back End Developer (Java, MySQL, Spring)",AWS,Cloud Service Analysis,Analyze the operational mechanisms of cloud services by integrating individual knowledge.,Cloud Service Analysis,a468720e1a5dc0cb,0.6562039381678122,1.0,1.0
221,Chuyên Viên Tuyển Dụng Và Đào Tạo,AWS,Cloud Service Analysis,Analyze the operational mechanisms of cloud services by integrating individual knowledge.,Cloud Service Analysis,a468720e1a5dc0cb,0.6562039381678122,1.0,1.0
55,"Back End Developer (Java, MySQL, Spring)",AWS,Cloud Service Analysis,Analyze the operational mechanisms of cloud services by integrating individual knowledge.,Cloud Service Analysis,a468720e1a5dc0cb,0.6562039381678122,1.0,1.0
240,Principal AI Architect (English - Onboard after Tet),.Net,Understanding .Net Programming Approach,"Understand the methods and structures of .Net programming, keywords, and operators.",Understanding .Net Programming Approach,fc7c954dfd351104,0.3,1.0,1.0
240,Principal AI Architect (English - Onboard after Tet),data pipelines,Data Preprocessing,"Develop skills in searching, processing, analyzing, transforming, and visualizing data using packages such as readr, readxl, dplyr, ggplot2, stringr.",Data Preprocessing,5a945e3f1f8ebe34,0.3,1.0,1.0
87,Process Quality Assurance (PQA),project-management-tools-JIRA,Project Management Tools Usage,"Proficient use of tools like MS Project, Draw.io for reporting progress and drawing various diagrams such as BFD, IFD, CD, DFD, ERD during the system analysis phase.",Project Management Tools Usage,65b6419b2b14b4a3,0.3,1.0,1.0
219,Chuyên Viên Quảng Cáo (Google Ads; Facebook Ads; Tik Tok Ads),AI,Problem Solving Techniques in AI,"Evaluate problem-solving techniques using search methods, data science, and machine learning approaches.",Problem Solving Techniques in AI,8bfbfb6d9dadd54a,0.2722248196208069,1.0,1.0
226,Nhân Viên Kho Cửa Hàng - Làm Part Time Tại Quận 1,database management,Database Management System Concepts,"Understand fundamental concepts of database management systems including indexing, views, triggers, stored procedures, user management, and data security.",Database Management System Concepts,26b97749bed6a730,0.269390931154789,1.0,1.0
753,Middle/Senior UI/UX Designer,Design Tokens,Software Design Fundamentals,"Understand the role and strategies of software design, including various design methods and tools.",Software Design Fundamentals,65a3aaef3877d176,0.265912984766618,1.0,1.0
753,Middle/Senior UI/UX Designer,A/B Testing,Automated Testing Techniques,Understand and apply automated testing techniques using tools like NUnit and .NET Framework.,Automated Testing Techniques,7209ac90fac75884,0.2659129801929416,1.0,1.0
753,Middle/Senior UI/UX Designer,A/B Testing,Software Testing Overview,"Understand the role of software testing in SDLC, processes and planning, and techniques in design and execution.",Software Testing Overview,91ec854c3fff68a5,0.2659129801929416,1.0,1.0
753,Middle/Senior UI/UX Designer,A/B Testing,Testing Process Management,"Manage the testing process from planning to completion, including reading and understanding test plans, exit criteria, and defect logs.",Testing Process Management,7d58e187d0938570,0.2659129801929416,1.0,1.0
9,Chuyên Viên Nhân Sự Tổng Hợp,SQL,Microsoft SQL Server,Use Microsoft SQL Server for database management tasks.,Microsoft SQL Server,ed346bb14786b438,0.265912961276763,1.0,1.0
9,Chuyên Viên Nhân Sự Tổng Hợp,SQL,SQL Server Architecture,Understand and apply the functions and architecture of database management systems in various software.,SQL Server Architecture,ddc6d4e3d2daab20,0.265912961276763,1.0,1.0
9,Chuyên Viên Nhân Sự Tổng Hợp,SQL,SQL Server Modeling,Understand and apply the modeling techniques for database management systems in various software.,SQL Server Modeling,1e7640da024ecbec,0.265912961276763,1.0,1.0
221,Chuyên Viên Tuyển Dụng Và Đào Tạo,Python,Python Programming,Proficiency in using Python for machine learning tasks.,Python Programming,c44d9221d54651ad,0.2615434402586972,1.0,1.0
221,Chuyên Viên Tuyển Dụng Và Đào Tạo,Python,Python Libraries,"Utilize Python libraries such as Pandas, Numpy, and Matplotlib for data analysis.",Python Libraries,b79b2b496fa42e37,0.2615434402586972,1.0,1.0
9,Chuyên Viên Nhân Sự Tổng Hợp,Python,Python Libraries,"Utilize Python libraries such as Pandas, Numpy, and Matplotlib for data analysis.",Python Libraries,b79b2b496fa42e37,0.2615434402586972,1.0,1.0
90,"IT Comtor (PHP, Python, Laravel, WordPress, Japanese)",Python,Python Libraries,"Utilize Python libraries such as Pandas, Numpy, and Matplotlib for data analysis.",Python Libraries,b79b2b496fa42e37,0.2615434402586972,1.0,1.0
240,Principal AI Architect (English - Onboard after Tet),.Net,Applying .Net Programming to Specific Problems,.Net programming thinking applied to specific problems.,Applying .Net Programming to Specific Problems,ffefbf224777e24a,0.2491569071566117,1.0,1.0
240,Principal AI Architect (English - Onboard after Tet),.Net,Differentiating Control Features in .Net Programming,Distinguish between the characteristics of various controls in .Net programming.,Differentiating Control Features in .Net Programming,c3b6b555f3bf5b9a,0.2491569071566117,1.0,1.0
79,"Phụ Trách Kinh Doanh, Bảo Hiểm Phi Nhân Thọ",Non-life Insurance Products,Understand the principles and bases of actuarial pricing for non-life insurance,"Grasp the principles and bases of actuarial pricing for non-life insurance, methods and formulas for calculating premiums for some basic non-life insurance products.",Understand the principles and bases of actuarial pricing for non-life insurance,4ac368fb3772fc16,0.2444014353699258,1.0,1.0
753,Middle/Senior UI/UX Designer,A/B Testing,Black Box Testing Methods,"Apply black box testing methods and distinguish between different levels of testing such as unit, integration, and system testing.",Black Box Testing Methods,2672f7b51b46e0c8,0.2387818165336938,1.0,1.0
753,Middle/Senior UI/UX Designer,A/B Testing,White Box Testing Methods,Apply white box testing methods including control flow analysis and data flow analysis.,White Box Testing Methods,f9f37f3cfd56b039,0.2387818165336938,1.0,1.0
753,Middle/Senior UI/UX Designer,Design Tokens,Functional Analysis and Design,"Analyze and design software using functional analysis techniques such as BFD, CD, and DFD diagrams.",Functional Analysis and Design,2bbb44579b134037,0.2387818065139973,1.0,1.0
753,Middle/Senior UI/UX Designer,Design Tokens,Real-Time System Design,Understand and apply real-time system design principles and methods.,Real-Time System Design,00eb3aec04c963ec,0.2387818065139973,1.0,1.0
9,Chuyên Viên Nhân Sự Tổng Hợp,SQL,SQL Server Management Studio,Utilize SQL Server Management Studio for database management tasks.,SQL Server Management Studio,7fb492d807a274a9,0.2387817997927427,1.0,1.0
226,Nhân Viên Kho Cửa Hàng - Làm Part Time Tại Quận 1,database management,Database Security,Implement security measures in SQL Server.,Database Security,8d3e67ac69e47e22,0.2325244434294504,1.0,1.0
226,Nhân Viên Kho Cửa Hàng - Làm Part Time Tại Quận 1,database management,Database Querying,Understand basic to advanced concepts of database querying.,Database Querying,bebe8fe7d553f62f,0.2325244434294504,1.0,1.0
221,Chuyên Viên Tuyển Dụng Và Đào Tạo,Python,Python Programming Basics,"Understand basic concepts in Python, data types, operators, expressions, input/output operations, programming structures in Python, and apply them to build simple programs.",Python Programming Basics,04b10f24999a0cca,0.2318259965960378,1.0,1.0
9,Chuyên Viên Nhân Sự Tổng Hợp,Python,Python Programming Basics,"Understand basic concepts in Python, data types, operators, expressions, input/output operations, programming structures in Python, and apply them to build simple programs.",Python Programming Basics,04b10f24999a0cca,0.2318259965960378,1.0,1.0
90,"IT Comtor (PHP, Python, Laravel, WordPress, Japanese)",Python,Python Programming Basics,"Understand basic concepts in Python, data types, operators, expressions, input/output operations, programming structures in Python, and apply them to build simple programs.",Python Programming Basics,04b10f24999a0cca,0.2318259965960378,1.0,1.0
753,Middle/Senior UI/UX Designer,Design Tokens,Object-Oriented Analysis and Design,Apply object-oriented analysis and design techniques using UML diagrams.,Object-Oriented Analysis and Design,b00679b1f3107f17,0.2166744589656334,1.0,1.0
226,Nhân Viên Kho Cửa Hàng - Làm Part Time Tại Quận 1,database management,Normalized Database Design,Design databases up to 5NF normalization level and apply basic principles of database design processes for operational activities.,Normalized Database Design,d2e8f7ed4f19bed2,0.2061042303800233,1.0,1.0
226,Nhân Viên Kho Cửa Hàng - Làm Part Time Tại Quận 1,database management,Database Design,Design databases according to normalization standards and apply basic principles of database design processes for operational activities.,Database Design Principles,9a930353bd438a0e,0.2061042303800233,1.0,1.0
142,Nhân Viên Nuôi Tài Khoản Facebook Ads,Data Analysis for Facebook Ad Campaigns,Ethical considerations in data analysis,Awareness of ethical issues in data analysis and responsibility towards society.,Ethical considerations in data analysis,1e1806628a5ee099,0.1944948889003954,1.0,1.0
79,"Phụ Trách Kinh Doanh, Bảo Hiểm Phi Nhân Thọ",Non-life Insurance Products,Understand the basis of actuarial pricing for life insurance,"Comprehend the principles and bases of actuarial pricing for life insurance, factors constituting the premium of each type of life insurance product.",Understand the basis of actuarial pricing for life insurance,07bd25214fb6f503,0.1807536147173452,1.0,1.0
87,Process Quality Assurance (PQA),project-management-tools-JIRA,IT Project Management Knowledge,Apply project management knowledge to manage IT projects effectively.,IT Project Management Knowledge,b5386c88e430ad1d,0.1762752292959824,1.0,1.0
155,"Nhân Viên Tư Vấn Tuyển Sinh/ Telesale/ Sale Giáo Dục (NỮ, 23 - 31 Tuổi), Thu Nhập 18 - 30 Triệu++ Tại Hồ Chí Minh",English proficiency (IELTS 5.5 or equivalent),Speaking Proficiency,Use English relatively fluently in social interactions about familiar topics.,Speaking Proficiency,7f34693ff0d88209,0.1592134608821736,1.0,1.0
240,Principal AI Architect (English - Onboard after Tet),modern data engineering stacks,Data Preprocessing,"Develop skills in searching, processing, analyzing, transforming, and visualizing data using packages such as readr, readxl, dplyr, ggplot2, stringr.",Data Preprocessing,5a945e3f1f8ebe34,0.1492617163822369,1.0,1.0
87,Process Quality Assurance (PQA),project-management-tools-JIRA,Practical Application of Project Management Skills,Apply project management skills to real-world problems.,Practical Application of Project Management Skills,9855031340aa8cf7,0.1464006372846431,1.0,1.0
142,Nhân Viên Nuôi Tài Khoản Facebook Ads,Data Analysis for Facebook Ad Campaigns,Data visualization with R,Proficiency in using R for data visualization.,Data visualization with R,849400c090b5f91a,0.1267158217638656,1.0,1.0
142,Nhân Viên Nuôi Tài Khoản Facebook Ads,Data Analysis for Facebook Ad Campaigns,R programming,Proficiency in using R for statistical analysis and data visualization.,Data visualization with R,849400c090b5f91a,0.1267158217638656,1.0,1.0
142,Nhân Viên Nuôi Tài Khoản Facebook Ads,Data Analysis for Facebook Ad Campaigns,Understanding big data concepts,"Understand the concepts and sources of big data, including privacy principles in big data analysis.",Understanding big data concepts,33a440e8859bb4dc,0.1267158217638656,1.0,1.0
468,Sale Admin,Data analysis,Cluster Analysis,Execute cluster analysis on various types of data.,Cluster analysis,5a5dacedfcde3236,0.1226421667899357,1.0,1.0
468,Sale Admin,Data analysis,Correspondence Analysis,Perform correspondence analysis using statistical software.,Correspondence Analysis,4661ad42e11b8f94,0.1226421667899357,1.0,1.0
468,Sale Admin,Data analysis,Multivariate Analysis,Apply multivariate analysis techniques to real-world datasets.,Multivariate Analysis,a0bde9ec3487f93c,0.1226421667899357,1.0,1.0
468,Sale Admin,Data analysis,Cluster Analysis,Systematize foundational knowledge about cluster analysis methods,Cluster analysis,5a5dacedfcde3236,0.1226421667899357,1.0,1.0
468,Sale Admin,Data analysis,Discriminant Analysis,Explain discriminant analysis results,Discriminant Analysis,044c44f2396b100e,0.1226421667899357,1.0,1.0
142,Nhân Viên Nuôi Tài Khoản Facebook Ads,Data Analysis for Facebook Ad Campaigns,Cluster analysis,Ability to perform cluster analysis on data.,Cluster analysis,5a5dacedfcde3236,0.1100880913251355,1.0,1.0
468,Sale Admin,Data analysis,Principle Component Analysis,Conduct principal component analysis using statistical software.,Principal Component Analysis,444b1ac20f79edd4,0.1087071376615644,1.0,1.0
468,Sale Admin,Data analysis,Canonical Correlation Analysis,Perform Canonical Correlation Analysis on multivariate data.,Canonical Correlation Analysis,e0489dac11287183,0.1087071376615644,1.0,1.0
468,Sale Admin,Data analysis,Principal Component Analysis,Implement Principal Component Analysis using statistical software.,Principal Component Analysis,444b1ac20f79edd4,0.1087071376615644,1.0,1.0
226,Nhân Viên Kho Cửa Hàng - Làm Part Time Tại Quận 1,database management,SQL Server Management Studio,Utilize SQL Server Management Studio for database management tasks.,SQL Server Management Studio,7fb492d807a274a9,0.1041056153656305,1.0,1.0
221,Chuyên Viên Tuyển Dụng Và Đào Tạo,Machine Learning,Python Programming,Proficiency in using Python for machine learning tasks.,Python Programming,c44d9221d54651ad,0.09942868734577352,1.0,1.0
87,Process Quality Assurance (PQA),project-management-tools-JIRA,Report Writing and Project Evaluation,Write reports and evaluate IT projects.,Report Writing and Project Evaluation,a0bd802981822cf9,0.09892511813563004,1.0,1.0
226,Nhân Viên Kho Cửa Hàng - Làm Part Time Tại Quận 1,database management,Microsoft SQL Server,Use Microsoft SQL Server for database management tasks.,Microsoft SQL Server,ed346bb14786b438,0.09890773811946355,1.0,1.0
221,Chuyên Viên Tuyển Dụng Và Đào Tạo,Machine Learning,Supervised Learning Techniques,Ability to apply supervised learning techniques such as regression and classification.,Supervised Learning Techniques,46538fe2ec191934,0.0981488861139873,1.0,1.0
221,Chuyên Viên Tuyển Dụng Và Đào Tạo,Machine Learning,Unsupervised Learning Techniques,Ability to apply unsupervised learning techniques such as clustering and dimensionality reduction.,Unsupervised Learning Techniques,d3513956c34fe307,0.0981488861139873,1.0,1.0
142,Nhân Viên Nuôi Tài Khoản Facebook Ads,Data Analysis for Facebook Ad Campaigns,Canonical Correlation Analysis,Perform Canonical Correlation Analysis on multivariate data.,Canonical Correlation Analysis,e0489dac11287183,0.09757949987200039,1.0,1.0
142,Nhân Viên Nuôi Tài Khoản Facebook Ads,Data Analysis for Facebook Ad Campaigns,Principal Component Analysis,Implement Principal Component Analysis using statistical software.,Principal Component Analysis,444b1ac20f79edd4,0.09757949987200039,1.0,1.0
9,Chuyên Viên Nhân Sự Tổng Hợp,SQL,Triggers Programming,Program triggers in SQL Server.,Triggers Programming,5d0dad4570c2ec11,0.09584102103369457,1.0,1.0
9,Chuyên Viên Nhân Sự Tổng Hợp,SQL,Database Security,Implement security measures in SQL Server.,Database Security,8d3e67ac69e47e22,0.09165385660026497,1.0,1.0
9,Chuyên Viên Nhân Sự Tổng Hợp,SQL,Stored Procedures Creation,Create stored procedures in SQL Server.,Stored Procedures Creation,51940ce2bc522db7,0.09165385660026497,1.0,1.0
240,Principal AI Architect (English - Onboard after Tet),data pipelines,Model Building with Unsupervised Learning,"Develop skills in building unsupervised learning models using R to explore, understand data, cluster data, find values within data, or detect outliers.",Model Building with Unsupervised Learning,bfd6ed0cb961a52d,0.09101842618443343,1.0,1.0
468,Sale Admin,Data analysis,Statistical Software Proficiency,Achieve proficiency in using statistical software for data analysis.,Statistical Software Proficiency,042082e84a565356,0.08684246441975438,1.0,1.0
221,Chuyên Viên Tuyển Dụng Và Đào Tạo,Machine Learning,Performance Evaluation Criteria,Understanding and applying criteria to evaluate the performance of machine learning systems.,Performance Evaluation Criteria,85ebd722db3e7b5c,0.08566181403101986,1.0,1.0
226,Nhân Viên Kho Cửa Hàng - Làm Part Time Tại Quận 1,database management,SQL Server Modeling,Understand and apply the modeling techniques for database management systems in various software.,SQL Server Modeling,1e7640da024ecbec,0.0823620439610834,1.0,1.0
79,"Phụ Trách Kinh Doanh, Bảo Hiểm Phi Nhân Thọ",Partner Relationship Management,CRM analysis,Conduct analysis and manage operations in customer relationship management.,CRM analysis,310348cd2ca04b15,0.08233006103370501,1.0,1.0
226,Nhân Viên Kho Cửa Hàng - Làm Part Time Tại Quận 1,database management,SQL Server Architecture,Understand and apply the functions and architecture of database management systems in various software.,SQL Server Architecture,ddc6d4e3d2daab20,0.07969568174142666,1.0,1.0
240,Principal AI Architect (English - Onboard after Tet),data pipelines,R Programming Language,"Apply R as a programming language and software for data analysis. Understand how to store, manage, process, and analyze data using R.",R Programming Language,c8488bd0bdc39da4,0.07587382094815315,1.0,1.0
221,Chuyên Viên Tuyển Dụng Và Đào Tạo,Machine Learning,Self-directed Learning,Have the ability to self-study and understand materials to complete assigned lessons and assignments.,Self-study and Independent Learning Ability,cc9a4fb8c944a920,0.07319792283522922,1.0,1.0
221,Chuyên Viên Tuyển Dụng Và Đào Tạo,Python,File Handling,Work with files in Python.,File Handling,d311d55d4cd0fdd8,0.07122095678910889,1.0,1.0
221,Chuyên Viên Tuyển Dụng Và Đào Tạo,Python,PyCharm,Use PyCharm for Python development.,PyCharm,fe798171f07a9d14,0.07122095678910889,1.0,1.0
9,Chuyên Viên Nhân Sự Tổng Hợp,Python,File Handling,Work with files in Python.,File Handling,d311d55d4cd0fdd8,0.07122095678910889,1.0,1.0
9,Chuyên Viên Nhân Sự Tổng Hợp,Python,PyCharm,Use PyCharm for Python development.,PyCharm,fe798171f07a9d14,0.07122095678910889,1.0,1.0
90,"IT Comtor (PHP, Python, Laravel, WordPress, Japanese)",Python,File Handling,Work with files in Python.,File Handling,d311d55d4cd0fdd8,0.07122095678910889,1.0,1.0
90,"IT Comtor (PHP, Python, Laravel, WordPress, Japanese)",Python,PyCharm,Use PyCharm for Python development.,PyCharm,fe798171f07a9d14,0.07122095678910889,1.0,1.0
221,Chuyên Viên Tuyển Dụng Và Đào Tạo,Python,Google Colab,Use Google Colab for Python development.,Google Colab,70f0d3e18d498cc9,0.06810941152862826,1.0,1.0
221,Chuyên Viên Tuyển Dụng Và Đào Tạo,Python,Jupyter Notebook,Use Jupyter Notebook for Python development.,Jupyter Notebook,09f25c69a7726d83,0.06810941152862826,1.0,1.0
9,Chuyên Viên Nhân Sự Tổng Hợp,Python,Google Colab,Use Google Colab for Python development.,Google Colab,70f0d3e18d498cc9,0.06810941152862826,1.0,1.0
9,Chuyên Viên Nhân Sự Tổng Hợp,Python,Jupyter Notebook,Use Jupyter Notebook for Python development.,Jupyter Notebook,09f25c69a7726d83,0.06810941152862826,1.0,1.0
90,"IT Comtor (PHP, Python, Laravel, WordPress, Japanese)",Python,Google Colab,Use Google Colab for Python development.,Google Colab,70f0d3e18d498cc9,0.06810941152862826,1.0,1.0
90,"IT Comtor (PHP, Python, Laravel, WordPress, Japanese)",Python,Jupyter Notebook,Use Jupyter Notebook for Python development.,Jupyter Notebook,09f25c69a7726d83,0.06810941152862826,1.0,1.0
221,Chuyên Viên Tuyển Dụng Và Đào Tạo,Python,Variable Handling,Understand and apply variable handling in Python.,Variable Handling,dd23eb36ba0dbe6f,0.06525836799196158,1.0,1.0
9,Chuyên Viên Nhân Sự Tổng Hợp,Python,Variable Handling,Understand and apply variable handling in Python.,Variable Handling,dd23eb36ba0dbe6f,0.06525836799196158,1.0,1.0
90,"IT Comtor (PHP, Python, Laravel, WordPress, Japanese)",Python,Variable Handling,Understand and apply variable handling in Python.,Variable Handling,dd23eb36ba0dbe6f,0.06525836799196158,1.0,1.0
753,Middle/Senior UI/UX Designer,Design Tokens,Software Testing Overview,"Understand the role of software testing in SDLC, processes and planning, and techniques in design and execution.",Software Testing Overview,91ec854c3fff68a5,0.0611958993269106,1.0,1.0
240,Principal AI Architect (English - Onboard after Tet),data pipelines,Model Building with Supervised Learning,"Develop skills in building supervised learning models using R to understand and summarize data, analyze relationships between variables, or build predictive models.",Model Building with Supervised Learning,ce342efd6c8718d4,0.05061050059646395,1.0,1.0
221,Chuyên Viên Tuyển Dụng Và Đào Tạo,Python,Office Application Proficiency,"Proficiently use office applications such as Word, Excel, PowerPoint, and basic programming with Python.",Office Application Proficiency,cf670c697ea9d74d,0.05046978897691262,1.0,1.0
9,Chuyên Viên Nhân Sự Tổng Hợp,Python,Office Application Proficiency,"Proficiently use office applications such as Word, Excel, PowerPoint, and basic programming with Python.",Office Application Proficiency,cf670c697ea9d74d,0.05046978897691262,1.0,1.0
90,"IT Comtor (PHP, Python, Laravel, WordPress, Japanese)",Python,Office Application Proficiency,"Proficiently use office applications such as Word, Excel, PowerPoint, and basic programming with Python.",Office Application Proficiency,cf670c697ea9d74d,0.05046978897691262,1.0,1.0
468,Sale Admin,Data analysis,Ethical Considerations,Understand ethical considerations in statistical analysis.,Ethical Considerations,cc0d48e0dc213d71,0.04738897882745371,1.0,1.0
240,Principal AI Architect (English - Onboard after Tet),modern data engineering stacks,Model Building with Unsupervised Learning,"Develop skills in building unsupervised learning models using R to explore, understand data, cluster data, find values within data, or detect outliers.",Model Building with Unsupervised Learning,bfd6ed0cb961a52d,0.04528522171566154,1.0,1.0
240,Principal AI Architect (English - Onboard after Tet),modern data engineering stacks,R Programming Language,"Apply R as a programming language and software for data analysis. Understand how to store, manage, process, and analyze data using R.",R Programming Language,c8488bd0bdc39da4,0.03775018914399953,1.0,1.0
79,"Phụ Trách Kinh Doanh, Bảo Hiểm Phi Nhân Thọ",Non-life Insurance Products,Understand the basic theoretical knowledge about actuarial pricing,"Grasp the concepts, characteristics, scientific foundations in the process of calculating insurance premiums, assumptions applied when pricing.",Understand the basic theoretical knowledge about actuarial pricing,22cc350b50f8f5b0,0.02588710661486364,1.0,1.0
240,Principal AI Architect (English - Onboard after Tet),modern data engineering stacks,Model Building with Supervised Learning,"Develop skills in building supervised learning models using R to understand and summarize data, analyze relationships between variables, or build predictive models.",Model Building with Supervised Learning,ce342efd6c8718d4,0.02518070061997478,1.0,1.0
0,Data Engineer (DBA),Azure,Classroom Discipline,"Be aware of classroom organization and discipline, follow class rules, and have a sense of cooperation and personal responsibility for activities assigned by instructors.",Classroom Discipline,5cf19e6ef31a3189,,1.0,1.0
0,Data Engineer (DBA),Azure,Cloud Service Analysis,Analyze the operational mechanisms of cloud services by integrating individual knowledge.,Cloud Service Analysis,a468720e1a5dc0cb,,1.0,1.0
0,Data Engineer (DBA),Azure,Hadoop Model Explanation,Explain the operation model of Hadoop.,Hadoop Model Explanation,78478926d84635c5,,1.0,1.0
0,Data Engineer (DBA),Azure,Independent Problem Solving,Develop independent problem-solving abilities and teamwork skills to address specialized issues.,Independent Problem Solving,82a6a9c242eeb57f,,1.0,1.0
0,Data Engineer (DBA),Azure,Self-directed Learning,Have the ability to self-study and understand materials to complete assigned lessons and assignments.,Self-study and Independent Learning Ability,cc9a4fb8c944a920,,1.0,1.0
0,Data Engineer (DBA),Azure,Team Collaboration,Collaborate effectively with peers to solve specialized problems within deadlines.,Collaborate with team members,0a0f671c3883b77f,,1.0,1.0
0,Data Engineer (DBA),Azure,Analysis of emerging IT technologies,Analyze trends of new IT technologies being and will be deployed,Analysis of emerging IT technologies,eafecedae9638163,,1.0,1.0
0,Data Engineer (DBA),Azure,Application of new technologies,Apply new technologies with basic problem-solving skills,Application of new technologies,592cfca7d1b98797,,1.0,1.0
0,Data Engineer (DBA),Azure,Artificial intelligence,"Understand AI, machine learning, and deep learning concepts",Artificial intelligence,803b3eb2b6af0271,,1.0,1.0
0,Data Engineer (DBA),Azure,Data processing methods,Understand advanced data processing methods,Data processing methods,5107a7dc18aa2e76,,1.0,1.0
0,Data Engineer (DBA),Azure,Overview of IT trends and related industries,"Apply theoretical and practical aspects of IT in life, economy, society",Overview of IT trends and related industries,dcedf2d35d964ad2,,1.0,1.0
0,Data Engineer (DBA),Azure,Presentation and debate,Present and debate on assigned topics,Presentation and debate,81994e7e221445ee,,1.0,1.0
0,Data Engineer (DBA),BigQuery,Classroom Discipline,"Be aware of classroom organization and discipline, follow class rules, and have a sense of cooperation and personal responsibility for activities assigned by instructors.",Classroom Discipline,5cf19e6ef31a3189,,1.0,1.0
0,Data Engineer (DBA),BigQuery,Cloud Service Analysis,Analyze the operational mechanisms of cloud services by integrating individual knowledge.,Cloud Service Analysis,a468720e1a5dc0cb,,1.0,1.0
0,Data Engineer (DBA),BigQuery,Hadoop Model Explanation,Explain the operation model of Hadoop.,Hadoop Model Explanation,78478926d84635c5,,1.0,1.0
0,Data Engineer (DBA),BigQuery,Independent Problem Solving,Develop independent problem-solving abilities and teamwork skills to address specialized issues.,Independent Problem Solving,82a6a9c242eeb57f,,1.0,1.0
0,Data Engineer (DBA),BigQuery,Self-directed Learning,Have the ability to self-study and understand materials to complete assigned lessons and assignments.,Self-study and Independent Learning Ability,cc9a4fb8c944a920,,1.0,1.0
0,Data Engineer (DBA),BigQuery,Team Collaboration,Collaborate effectively with peers to solve specialized problems within deadlines.,Collaborate with team members,0a0f671c3883b77f,,1.0,1.0
0,Data Engineer (DBA),BigQuery,Analysis of emerging IT technologies,Analyze trends of new IT technologies being and will be deployed,Analysis of emerging IT technologies,eafecedae9638163,,1.0,1.0
0,Data Engineer (DBA),BigQuery,Application of new technologies,Apply new technologies with basic problem-solving skills,Application of new technologies,592cfca7d1b98797,,1.0,1.0
0,Data Engineer (DBA),BigQuery,Artificial intelligence,"Understand AI, machine learning, and deep learning concepts",Artificial intelligence,803b3eb2b6af0271,,1.0,1.0
0,Data Engineer (DBA),BigQuery,Cloud computing,Understand cloud computing concepts,Cloud computing,81121f330a983b7f,,1.0,1.0
0,Data Engineer (DBA),BigQuery,Data processing methods,Understand advanced data processing methods,Data processing methods,5107a7dc18aa2e76,,1.0,1.0
0,Data Engineer (DBA),BigQuery,Overview of IT trends and related industries,"Apply theoretical and practical aspects of IT in life, economy, society",Overview of IT trends and related industries,dcedf2d35d964ad2,,1.0,1.0
0,Data Engineer (DBA),BigQuery,Presentation and debate,Present and debate on assigned topics,Presentation and debate,81994e7e221445ee,,1.0,1.0
0,Data Engineer (DBA),Redshift,Classroom Discipline,"Be aware of classroom organization and discipline, follow class rules, and have a sense of cooperation and personal responsibility for activities assigned by instructors.",Classroom Discipline,5cf19e6ef31a3189,,1.0,1.0
0,Data Engineer (DBA),Redshift,Cloud Service Analysis,Analyze the operational mechanisms of cloud services by integrating individual knowledge.,Cloud Service Analysis,a468720e1a5dc0cb,,1.0,1.0
0,Data Engineer (DBA),Redshift,Hadoop Model Explanation,Explain the operation model of Hadoop.,Hadoop Model Explanation,78478926d84635c5,,1.0,1.0
0,Data Engineer (DBA),Redshift,Independent Problem Solving,Develop independent problem-solving abilities and teamwork skills to address specialized issues.,Independent Problem Solving,82a6a9c242eeb57f,,1.0,1.0
0,Data Engineer (DBA),Redshift,Self-directed Learning,Have the ability to self-study and understand materials to complete assigned lessons and assignments.,Self-study and Independent Learning Ability,cc9a4fb8c944a920,,1.0,1.0
0,Data Engineer (DBA),Redshift,Team Collaboration,Collaborate effectively with peers to solve specialized problems within deadlines.,Collaborate with team members,0a0f671c3883b77f,,1.0,1.0
0,Data Engineer (DBA),Redshift,Analysis of emerging IT technologies,Analyze trends of new IT technologies being and will be deployed,Analysis of emerging IT technologies,eafecedae9638163,,1.0,1.0
0,Data Engineer (DBA),Redshift,Application of new technologies,Apply new technologies with basic problem-solving skills,Application of new technologies,592cfca7d1b98797,,1.0,1.0
0,Data Engineer (DBA),Redshift,Artificial intelligence,"Understand AI, machine learning, and deep learning concepts",Artificial intelligence,803b3eb2b6af0271,,1.0,1.0
0,Data Engineer (DBA),Redshift,Cloud computing,Understand cloud computing concepts,Cloud computing,81121f330a983b7f,,1.0,1.0
0,Data Engineer (DBA),Redshift,Overview of IT trends and related industries,"Apply theoretical and practical aspects of IT in life, economy, society",Overview of IT trends and related industries,dcedf2d35d964ad2,,1.0,1.0
0,Data Engineer (DBA),Redshift,Presentation and debate,Present and debate on assigned topics,Presentation and debate,81994e7e221445ee,,1.0,1.0
103,Data Engineer (DBA),Azure,Classroom Discipline,"Be aware of classroom organization and discipline, follow class rules, and have a sense of cooperation and personal responsibility for activities assigned by instructors.",Classroom Discipline,5cf19e6ef31a3189,,1.0,1.0
103,Data Engineer (DBA),Azure,Cloud Service Analysis,Analyze the operational mechanisms of cloud services by integrating individual knowledge.,Cloud Service Analysis,a468720e1a5dc0cb,,1.0,1.0
103,Data Engineer (DBA),Azure,Hadoop Model Explanation,Explain the operation model of Hadoop.,Hadoop Model Explanation,78478926d84635c5,,1.0,1.0
103,Data Engineer (DBA),Azure,Independent Problem Solving,Develop independent problem-solving abilities and teamwork skills to address specialized issues.,Independent Problem Solving,82a6a9c242eeb57f,,1.0,1.0
103,Data Engineer (DBA),Azure,Self-directed Learning,Have the ability to self-study and understand materials to complete assigned lessons and assignments.,Self-study and Independent Learning Ability,cc9a4fb8c944a920,,1.0,1.0
103,Data Engineer (DBA),Azure,Team Collaboration,Collaborate effectively with peers to solve specialized problems within deadlines.,Collaborate with team members,0a0f671c3883b77f,,1.0,1.0
103,Data Engineer (DBA),Azure,Analyzing large datasets,Ability to analyze large datasets using statistical methods.,Analyzing large datasets,13a02ebf31103922,,1.0,1.0
103,Data Engineer (DBA),Azure,Cluster analysis,Ability to perform cluster analysis on data.,Cluster analysis,5a5dacedfcde3236,,1.0,1.0
103,Data Engineer (DBA),Azure,Collecting large datasets,Ability to collect large datasets using statistical methods.,Collecting large datasets,5a7441dc2fd15f30,,1.0,1.0
103,Data Engineer (DBA),Azure,Data visualization with R,Proficiency in using R for data visualization.,Data visualization with R,849400c090b5f91a,,1.0,1.0
103,Data Engineer (DBA),Azure,Ethical considerations in data analysis,Awareness of ethical issues in data analysis and responsibility towards society.,Ethical considerations in data analysis,1e1806628a5ee099,,1.0,1.0
103,Data Engineer (DBA),Azure,Managing large datasets,Ability to manage large datasets effectively.,Managing large datasets,983b5e0fb845ddb8,,1.0,1.0
103,Data Engineer (DBA),Azure,R programming,Proficiency in using R for statistical analysis and data visualization.,Data visualization with R,849400c090b5f91a,,1.0,1.0
103,Data Engineer (DBA),Azure,Teamwork,Ability to work effectively in teams.,Working effectively in diverse teams,6c48f94ad962da12,,1.0,1.0
103,Data Engineer (DBA),Azure,Text data analysis,Ability to analyze text data using statistical methods.,Text data analysis,6e5393579ed046aa,,1.0,1.0
103,Data Engineer (DBA),Azure,Understanding big data concepts,"Understand the concepts and sources of big data, including privacy principles in big data analysis.",Understanding big data concepts,33a440e8859bb4dc,,1.0,1.0
103,Data Engineer (DBA),Change management,Classroom Discipline,"Be aware of classroom organization and discipline, follow class rules, and have a sense of cooperation and personal responsibility for activities assigned by instructors.",Classroom Discipline,5cf19e6ef31a3189,,1.0,1.0
103,Data Engineer (DBA),Change management,Cloud Service Analysis,Analyze the operational mechanisms of cloud services by integrating individual knowledge.,Cloud Service Analysis,a468720e1a5dc0cb,,1.0,1.0
103,Data Engineer (DBA),Change management,Hadoop Model Explanation,Explain the operation model of Hadoop.,Hadoop Model Explanation,78478926d84635c5,,1.0,1.0
103,Data Engineer (DBA),Change management,Independent Problem Solving,Develop independent problem-solving abilities and teamwork skills to address specialized issues.,Independent Problem Solving,82a6a9c242eeb57f,,1.0,1.0
103,Data Engineer (DBA),Change management,Self-directed Learning,Have the ability to self-study and understand materials to complete assigned lessons and assignments.,Self-study and Independent Learning Ability,cc9a4fb8c944a920,,1.0,1.0
103,Data Engineer (DBA),Change management,Team Collaboration,Collaborate effectively with peers to solve specialized problems within deadlines.,Collaborate with team members,0a0f671c3883b77f,,1.0,1.0
103,Data Engineer (DBA),Change management,Analyzing large datasets,Ability to analyze large datasets using statistical methods.,Analyzing large datasets,13a02ebf31103922,,1.0,1.0
103,Data Engineer (DBA),Change management,Cluster analysis,Ability to perform cluster analysis on data.,Cluster analysis,5a5dacedfcde3236,,1.0,1.0
103,Data Engineer (DBA),Change management,Collecting large datasets,Ability to collect large datasets using statistical methods.,Collecting large datasets,5a7441dc2fd15f30,,1.0,1.0
103,Data Engineer (DBA),Change management,Data visualization with R,Proficiency in using R for data visualization.,Data visualization with R,849400c090b5f91a,,1.0,1.0
103,Data Engineer (DBA),Change management,Ethical considerations in data analysis,Awareness of ethical issues in data analysis and responsibility towards society.,Ethical considerations in data analysis,1e1806628a5ee099,,1.0,1.0
103,Data Engineer (DBA),Change management,Managing large datasets,Ability to manage large datasets effectively.,Managing large datasets,983b5e0fb845ddb8,,1.0,1.0
103,Data Engineer (DBA),Change management,R programming,Proficiency in using R for statistical analysis and data visualization.,Data visualization with R,849400c090b5f91a,,1.0,1.0
103,Data Engineer (DBA),Change management,Teamwork,Ability to work effectively in teams.,Working effectively in diverse teams,6c48f94ad962da12,,1.0,1.0
103,Data Engineer (DBA),Change management,Text data analysis,Ability to analyze text data using statistical methods.,Text data analysis,6e5393579ed046aa,,1.0,1.0
103,Data Engineer (DBA),Change management,Understanding big data concepts,"Understand the concepts and sources of big data, including privacy principles in big data analysis.",Understanding big data concepts,33a440e8859bb4dc,,1.0,1.0
103,Data Engineer (DBA),GCP,Classroom Discipline,"Be aware of classroom organization and discipline, follow class rules, and have a sense of cooperation and personal responsibility for activities assigned by instructors.",Classroom Discipline,5cf19e6ef31a3189,,1.0,1.0
103,Data Engineer (DBA),GCP,Cloud Service Analysis,Analyze the operational mechanisms of cloud services by integrating individual knowledge.,Cloud Service Analysis,a468720e1a5dc0cb,,1.0,1.0
103,Data Engineer (DBA),GCP,Hadoop Model Explanation,Explain the operation model of Hadoop.,Hadoop Model Explanation,78478926d84635c5,,1.0,1.0
103,Data Engineer (DBA),GCP,Independent Problem Solving,Develop independent problem-solving abilities and teamwork skills to address specialized issues.,Independent Problem Solving,82a6a9c242eeb57f,,1.0,1.0
103,Data Engineer (DBA),GCP,Self-directed Learning,Have the ability to self-study and understand materials to complete assigned lessons and assignments.,Self-study and Independent Learning Ability,cc9a4fb8c944a920,,1.0,1.0
103,Data Engineer (DBA),GCP,Team Collaboration,Collaborate effectively with peers to solve specialized problems within deadlines.,Collaborate with team members,0a0f671c3883b77f,,1.0,1.0
103,Data Engineer (DBA),GCP,Analyzing large datasets,Ability to analyze large datasets using statistical methods.,Analyzing large datasets,13a02ebf31103922,,1.0,1.0
103,Data Engineer (DBA),GCP,Cluster analysis,Ability to perform cluster analysis on data.,Cluster analysis,5a5dacedfcde3236,,1.0,1.0
103,Data Engineer (DBA),GCP,Collecting large datasets,Ability to collect large datasets using statistical methods.,Collecting large datasets,5a7441dc2fd15f30,,1.0,1.0
103,Data Engineer (DBA),GCP,Data visualization with R,Proficiency in using R for data visualization.,Data visualization with R,849400c090b5f91a,,1.0,1.0
103,Data Engineer (DBA),GCP,Ethical considerations in data analysis,Awareness of ethical issues in data analysis and responsibility towards society.,Ethical considerations in data analysis,1e1806628a5ee099,,1.0,1.0
103,Data Engineer (DBA),GCP,Managing large datasets,Ability to manage large datasets effectively.,Managing large datasets,983b5e0fb845ddb8,,1.0,1.0
103,Data Engineer (DBA),GCP,R programming,Proficiency in using R for statistical analysis and data visualization.,Data visualization with R,849400c090b5f91a,,1.0,1.0
103,Data Engineer (DBA),GCP,Teamwork,Ability to work effectively in teams.,Working effectively in diverse teams,6c48f94ad962da12,,1.0,1.0
103,Data Engineer (DBA),GCP,Text data analysis,Ability to analyze text data using statistical methods.,Text data analysis,6e5393579ed046aa,,1.0,1.0
103,Data Engineer (DBA),GCP,Understanding big data concepts,"Understand the concepts and sources of big data, including privacy principles in big data analysis.",Understanding big data concepts,33a440e8859bb4dc,,1.0,1.0
103,Data Engineer (DBA),MariaDB,Classroom Discipline,"Be aware of classroom organization and discipline, follow class rules, and have a sense of cooperation and personal responsibility for activities assigned by instructors.",Classroom Discipline,5cf19e6ef31a3189,,1.0,1.0
103,Data Engineer (DBA),MariaDB,Cloud Service Analysis,Analyze the operational mechanisms of cloud services by integrating individual knowledge.,Cloud Service Analysis,a468720e1a5dc0cb,,1.0,1.0
103,Data Engineer (DBA),MariaDB,Hadoop Model Explanation,Explain the operation model of Hadoop.,Hadoop Model Explanation,78478926d84635c5,,1.0,1.0
103,Data Engineer (DBA),MariaDB,Independent Problem Solving,Develop independent problem-solving abilities and teamwork skills to address specialized issues.,Independent Problem Solving,82a6a9c242eeb57f,,1.0,1.0
103,Data Engineer (DBA),MariaDB,Self-directed Learning,Have the ability to self-study and understand materials to complete assigned lessons and assignments.,Self-study and Independent Learning Ability,cc9a4fb8c944a920,,1.0,1.0
103,Data Engineer (DBA),MariaDB,Team Collaboration,Collaborate effectively with peers to solve specialized problems within deadlines.,Collaborate with team members,0a0f671c3883b77f,,1.0,1.0
103,Data Engineer (DBA),MariaDB,Analyzing large datasets,Ability to analyze large datasets using statistical methods.,Analyzing large datasets,13a02ebf31103922,,1.0,1.0
103,Data Engineer (DBA),MariaDB,Cluster analysis,Ability to perform cluster analysis on data.,Cluster analysis,5a5dacedfcde3236,,1.0,1.0
103,Data Engineer (DBA),MariaDB,Collecting large datasets,Ability to collect large datasets using statistical methods.,Collecting large datasets,5a7441dc2fd15f30,,1.0,1.0
103,Data Engineer (DBA),MariaDB,Data visualization with R,Proficiency in using R for data visualization.,Data visualization with R,849400c090b5f91a,,1.0,1.0
103,Data Engineer (DBA),MariaDB,Ethical considerations in data analysis,Awareness of ethical issues in data analysis and responsibility towards society.,Ethical considerations in data analysis,1e1806628a5ee099,,1.0,1.0
103,Data Engineer (DBA),MariaDB,Managing large datasets,Ability to manage large datasets effectively.,Managing large datasets,983b5e0fb845ddb8,,1.0,1.0
103,Data Engineer (DBA),MariaDB,R programming,Proficiency in using R for statistical analysis and data visualization.,Data visualization with R,849400c090b5f91a,,1.0,1.0
103,Data Engineer (DBA),MariaDB,Teamwork,Ability to work effectively in teams.,Working effectively in diverse teams,6c48f94ad962da12,,1.0,1.0
103,Data Engineer (DBA),MariaDB,Text data analysis,Ability to analyze text data using statistical methods.,Text data analysis,6e5393579ed046aa,,1.0,1.0
103,Data Engineer (DBA),MariaDB,Understanding big data concepts,"Understand the concepts and sources of big data, including privacy principles in big data analysis.",Understanding big data concepts,33a440e8859bb4dc,,1.0,1.0
103,Data Engineer (DBA),Oracle,Classroom Discipline,"Be aware of classroom organization and discipline, follow class rules, and have a sense of cooperation and personal responsibility for activities assigned by instructors.",Classroom Discipline,5cf19e6ef31a3189,,1.0,1.0
103,Data Engineer (DBA),Oracle,Cloud Service Analysis,Analyze the operational mechanisms of cloud services by integrating individual knowledge.,Cloud Service Analysis,a468720e1a5dc0cb,,1.0,1.0
103,Data Engineer (DBA),Oracle,Hadoop Model Explanation,Explain the operation model of Hadoop.,Hadoop Model Explanation,78478926d84635c5,,1.0,1.0
103,Data Engineer (DBA),Oracle,Independent Problem Solving,Develop independent problem-solving abilities and teamwork skills to address specialized issues.,Independent Problem Solving,82a6a9c242eeb57f,,1.0,1.0
103,Data Engineer (DBA),Oracle,Self-directed Learning,Have the ability to self-study and understand materials to complete assigned lessons and assignments.,Self-study and Independent Learning Ability,cc9a4fb8c944a920,,1.0,1.0
103,Data Engineer (DBA),Oracle,Team Collaboration,Collaborate effectively with peers to solve specialized problems within deadlines.,Collaborate with team members,0a0f671c3883b77f,,1.0,1.0
103,Data Engineer (DBA),Oracle,Analyzing large datasets,Ability to analyze large datasets using statistical methods.,Analyzing large datasets,13a02ebf31103922,,1.0,1.0
103,Data Engineer (DBA),Oracle,Cluster analysis,Ability to perform cluster analysis on data.,Cluster analysis,5a5dacedfcde3236,,1.0,1.0
103,Data Engineer (DBA),Oracle,Collecting large datasets,Ability to collect large datasets using statistical methods.,Collecting large datasets,5a7441dc2fd15f30,,1.0,1.0
103,Data Engineer (DBA),Oracle,Data visualization with R,Proficiency in using R for data visualization.,Data visualization with R,849400c090b5f91a,,1.0,1.0
103,Data Engineer (DBA),Oracle,Ethical considerations in data analysis,Awareness of ethical issues in data analysis and responsibility towards society.,Ethical considerations in data analysis,1e1806628a5ee099,,1.0,1.0
103,Data Engineer (DBA),Oracle,Managing large datasets,Ability to manage large datasets effectively.,Managing large datasets,983b5e0fb845ddb8,,1.0,1.0
103,Data Engineer (DBA),Oracle,R programming,Proficiency in using R for statistical analysis and data visualization.,Data visualization with R,849400c090b5f91a,,1.0,1.0
103,Data Engineer (DBA),Oracle,Teamwork,Ability to work effectively in teams.,Working effectively in diverse teams,6c48f94ad962da12,,1.0,1.0
103,Data Engineer (DBA),Oracle,Text data analysis,Ability to analyze text data using statistical methods.,Text data analysis,6e5393579ed046aa,,1.0,1.0
103,Data Engineer (DBA),Oracle,Understanding big data concepts,"Understand the concepts and sources of big data, including privacy principles in big data analysis.",Understanding big data concepts,33a440e8859bb4dc,,1.0,1.0
103,Data Engineer (DBA),Performance tuning,Classroom Discipline,"Be aware of classroom organization and discipline, follow class rules, and have a sense of cooperation and personal responsibility for activities assigned by instructors.",Classroom Discipline,5cf19e6ef31a3189,,1.0,1.0
103,Data Engineer (DBA),Performance tuning,Cloud Service Analysis,Analyze the operational mechanisms of cloud services by integrating individual knowledge.,Cloud Service Analysis,a468720e1a5dc0cb,,1.0,1.0
103,Data Engineer (DBA),Performance tuning,Hadoop Model Explanation,Explain the operation model of Hadoop.,Hadoop Model Explanation,78478926d84635c5,,1.0,1.0
103,Data Engineer (DBA),Performance tuning,Independent Problem Solving,Develop independent problem-solving abilities and teamwork skills to address specialized issues.,Independent Problem Solving,82a6a9c242eeb57f,,1.0,1.0
103,Data Engineer (DBA),Performance tuning,Self-directed Learning,Have the ability to self-study and understand materials to complete assigned lessons and assignments.,Self-study and Independent Learning Ability,cc9a4fb8c944a920,,1.0,1.0
103,Data Engineer (DBA),Performance tuning,Team Collaboration,Collaborate effectively with peers to solve specialized problems within deadlines.,Collaborate with team members,0a0f671c3883b77f,,1.0,1.0
103,Data Engineer (DBA),Performance tuning,Cluster analysis,Ability to perform cluster analysis on data.,Cluster analysis,5a5dacedfcde3236,,1.0,1.0
103,Data Engineer (DBA),Performance tuning,Collecting large datasets,Ability to collect large datasets using statistical methods.,Collecting large datasets,5a7441dc2fd15f30,,1.0,1.0
103,Data Engineer (DBA),Performance tuning,Data visualization with R,Proficiency in using R for data visualization.,Data visualization with R,849400c090b5f91a,,1.0,1.0
103,Data Engineer (DBA),Performance tuning,Ethical considerations in data analysis,Awareness of ethical issues in data analysis and responsibility towards society.,Ethical considerations in data analysis,1e1806628a5ee099,,1.0,1.0
103,Data Engineer (DBA),Performance tuning,R programming,Proficiency in using R for statistical analysis and data visualization.,Data visualization with R,849400c090b5f91a,,1.0,1.0
103,Data Engineer (DBA),Performance tuning,Teamwork,Ability to work effectively in teams.,Working effectively in diverse teams,6c48f94ad962da12,,1.0,1.0
103,Data Engineer (DBA),Performance tuning,Text data analysis,Ability to analyze text data using statistical methods.,Text data analysis,6e5393579ed046aa,,1.0,1.0
103,Data Engineer (DBA),Performance tuning,Understanding big data concepts,"Understand the concepts and sources of big data, including privacy principles in big data analysis.",Understanding big data concepts,33a440e8859bb4dc,,1.0,1.0
12,"Data Engineer (Spark, AWS Glue) (Onboard ASAP)",Docker,Classroom Discipline,"Be aware of classroom organization and discipline, follow class rules, and have a sense of cooperation and personal responsibility for activities assigned by instructors.",Classroom Discipline,5cf19e6ef31a3189,,1.0,1.0
12,"Data Engineer (Spark, AWS Glue) (Onboard ASAP)",Docker,Cloud Service Analysis,Analyze the operational mechanisms of cloud services by integrating individual knowledge.,Cloud Service Analysis,a468720e1a5dc0cb,,1.0,1.0
12,"Data Engineer (Spark, AWS Glue) (Onboard ASAP)",Docker,Hadoop Model Explanation,Explain the operation model of Hadoop.,Hadoop Model Explanation,78478926d84635c5,,1.0,1.0
12,"Data Engineer (Spark, AWS Glue) (Onboard ASAP)",Docker,Independent Problem Solving,Develop independent problem-solving abilities and teamwork skills to address specialized issues.,Independent Problem Solving,82a6a9c242eeb57f,,1.0,1.0
12,"Data Engineer (Spark, AWS Glue) (Onboard ASAP)",Docker,Self-directed Learning,Have the ability to self-study and understand materials to complete assigned lessons and assignments.,Self-study and Independent Learning Ability,cc9a4fb8c944a920,,1.0,1.0
12,"Data Engineer (Spark, AWS Glue) (Onboard ASAP)",Docker,Team Collaboration,Collaborate effectively with peers to solve specialized problems within deadlines.,Collaborate with team members,0a0f671c3883b77f,,1.0,1.0
12,"Data Engineer (Spark, AWS Glue) (Onboard ASAP)",Docker,Analysis of emerging IT technologies,Analyze trends of new IT technologies being and will be deployed,Analysis of emerging IT technologies,eafecedae9638163,,1.0,1.0
12,"Data Engineer (Spark, AWS Glue) (Onboard ASAP)",Docker,Application of new technologies,Apply new technologies with basic problem-solving skills,Application of new technologies,592cfca7d1b98797,,1.0,1.0
12,"Data Engineer (Spark, AWS Glue) (Onboard ASAP)",Docker,Artificial intelligence,"Understand AI, machine learning, and deep learning concepts",Artificial intelligence,803b3eb2b6af0271,,1.0,1.0
12,"Data Engineer (Spark, AWS Glue) (Onboard ASAP)",Docker,Cloud computing,Understand cloud computing concepts,Cloud computing,81121f330a983b7f,,1.0,1.0
12,"Data Engineer (Spark, AWS Glue) (Onboard ASAP)",Docker,Data processing methods,Understand advanced data processing methods,Data processing methods,5107a7dc18aa2e76,,1.0,1.0
12,"Data Engineer (Spark, AWS Glue) (Onboard ASAP)",Docker,Overview of IT trends and related industries,"Apply theoretical and practical aspects of IT in life, economy, society",Overview of IT trends and related industries,dcedf2d35d964ad2,,1.0,1.0
12,"Data Engineer (Spark, AWS Glue) (Onboard ASAP)",Docker,Presentation and debate,Present and debate on assigned topics,Presentation and debate,81994e7e221445ee,,1.0,1.0
12,"Data Engineer (Spark, AWS Glue) (Onboard ASAP)",Docker,Access Control Management,Manage access control for cloud-based services.,Access Control Management,0c6656da365a367f,,1.0,1.0
12,"Data Engineer (Spark, AWS Glue) (Onboard ASAP)",Docker,Cloud Computing Fundamentals,Understand basic concepts of cloud computing and related architecture principles.,Cloud Computing Fundamentals,b160bc1ca65d65b1,,1.0,1.0
12,"Data Engineer (Spark, AWS Glue) (Onboard ASAP)",Docker,Cloud Security Architecture,Design and implement security architectures for cloud services.,Cloud Security Architecture,448e8a55f0c63487,,1.0,1.0
12,"Data Engineer (Spark, AWS Glue) (Onboard ASAP)",Docker,Cloud Security Design Patterns,Apply various cloud security design patterns.,Cloud Security Design Patterns,0bcc7664f42fa9b3,,1.0,1.0
12,"Data Engineer (Spark, AWS Glue) (Onboard ASAP)",Docker,Compliance Standards,"Understand and apply compliance standards such as ISO, NIST, ENISA.",Compliance Standards,8803662d165dcea7,,1.0,1.0
12,"Data Engineer (Spark, AWS Glue) (Onboard ASAP)",Docker,Data Protection,Protect data across all layers of the OSI model.,Data Protection,e335e87b37418cae,,1.0,1.0
12,"Data Engineer (Spark, AWS Glue) (Onboard ASAP)",Docker,Monitoring and Auditing,Implement monitoring and auditing processes for cloud services.,Monitoring and Auditing,d9363d607f47f563,,1.0,1.0
12,"Data Engineer (Spark, AWS Glue) (Onboard ASAP)",Docker,Physical and Logical Isolation,Ensure secure isolation of physical and logical infrastructure.,Physical and Logical Isolation,833b12b4338a6589,,1.0,1.0
12,"Data Engineer (Spark, AWS Glue) (Onboard ASAP)",ECS/EKS,Classroom Discipline,"Be aware of classroom organization and discipline, follow class rules, and have a sense of cooperation and personal responsibility for activities assigned by instructors.",Classroom Discipline,5cf19e6ef31a3189,,1.0,1.0
12,"Data Engineer (Spark, AWS Glue) (Onboard ASAP)",ECS/EKS,Cloud Service Analysis,Analyze the operational mechanisms of cloud services by integrating individual knowledge.,Cloud Service Analysis,a468720e1a5dc0cb,,1.0,1.0
12,"Data Engineer (Spark, AWS Glue) (Onboard ASAP)",ECS/EKS,Hadoop Model Explanation,Explain the operation model of Hadoop.,Hadoop Model Explanation,78478926d84635c5,,1.0,1.0
12,"Data Engineer (Spark, AWS Glue) (Onboard ASAP)",ECS/EKS,Independent Problem Solving,Develop independent problem-solving abilities and teamwork skills to address specialized issues.,Independent Problem Solving,82a6a9c242eeb57f,,1.0,1.0
12,"Data Engineer (Spark, AWS Glue) (Onboard ASAP)",ECS/EKS,Self-directed Learning,Have the ability to self-study and understand materials to complete assigned lessons and assignments.,Self-study and Independent Learning Ability,cc9a4fb8c944a920,,1.0,1.0
12,"Data Engineer (Spark, AWS Glue) (Onboard ASAP)",ECS/EKS,Team Collaboration,Collaborate effectively with peers to solve specialized problems within deadlines.,Collaborate with team members,0a0f671c3883b77f,,1.0,1.0
12,"Data Engineer (Spark, AWS Glue) (Onboard ASAP)",ECS/EKS,Analysis of emerging IT technologies,Analyze trends of new IT technologies being and will be deployed,Analysis of emerging IT technologies,eafecedae9638163,,1.0,1.0
12,"Data Engineer (Spark, AWS Glue) (Onboard ASAP)",ECS/EKS,Application of new technologies,Apply new technologies with basic problem-solving skills,Application of new technologies,592cfca7d1b98797,,1.0,1.0
12,"Data Engineer (Spark, AWS Glue) (Onboard ASAP)",ECS/EKS,Artificial intelligence,"Understand AI, machine learning, and deep learning concepts",Artificial intelligence,803b3eb2b6af0271,,1.0,1.0
12,"Data Engineer (Spark, AWS Glue) (Onboard ASAP)",ECS/EKS,Cloud computing,Understand cloud computing concepts,Cloud computing,81121f330a983b7f,,1.0,1.0
12,"Data Engineer (Spark, AWS Glue) (Onboard ASAP)",ECS/EKS,Data processing methods,Understand advanced data processing methods,Data processing methods,5107a7dc18aa2e76,,1.0,1.0
12,"Data Engineer (Spark, AWS Glue) (Onboard ASAP)",ECS/EKS,Overview of IT trends and related industries,"Apply theoretical and practical aspects of IT in life, economy, society",Overview of IT trends and related industries,dcedf2d35d964ad2,,1.0,1.0
12,"Data Engineer (Spark, AWS Glue) (Onboard ASAP)",ECS/EKS,Presentation and debate,Present and debate on assigned topics,Presentation and debate,81994e7e221445ee,,1.0,1.0
12,"Data Engineer (Spark, AWS Glue) (Onboard ASAP)",ECS/EKS,Cloud Computing Fundamentals,Understand basic concepts of cloud computing and related architecture principles.,Cloud Computing Fundamentals,b160bc1ca65d65b1,,1.0,1.0
12,"Data Engineer (Spark, AWS Glue) (Onboard ASAP)",ECS/EKS,Cloud Security Architecture,Design and implement security architectures for cloud services.,Cloud Security Architecture,448e8a55f0c63487,,1.0,1.0
12,"Data Engineer (Spark, AWS Glue) (Onboard ASAP)",ECS/EKS,Cloud Security Design Patterns,Apply various cloud security design patterns.,Cloud Security Design Patterns,0bcc7664f42fa9b3,,1.0,1.0
12,"Data Engineer (Spark, AWS Glue) (Onboard ASAP)",ECS/EKS,Compliance Standards,"Understand and apply compliance standards such as ISO, NIST, ENISA.",Compliance Standards,8803662d165dcea7,,1.0,1.0
12,"Data Engineer (Spark, AWS Glue) (Onboard ASAP)",ECS/EKS,Data Protection,Protect data across all layers of the OSI model.,Data Protection,e335e87b37418cae,,1.0,1.0
12,"Data Engineer (Spark, AWS Glue) (Onboard ASAP)",ECS/EKS,Monitoring and Auditing,Implement monitoring and auditing processes for cloud services.,Monitoring and Auditing,d9363d607f47f563,,1.0,1.0
12,"Data Engineer (Spark, AWS Glue) (Onboard ASAP)",ECS/EKS,Physical and Logical Isolation,Ensure secure isolation of physical and logical infrastructure.,Physical and Logical Isolation,833b12b4338a6589,,1.0,1.0
12,"Data Engineer (Spark, AWS Glue) (Onboard ASAP)",containerization,Classroom Discipline,"Be aware of classroom organization and discipline, follow class rules, and have a sense of cooperation and personal responsibility for activities assigned by instructors.",Classroom Discipline,5cf19e6ef31a3189,,1.0,1.0
12,"Data Engineer (Spark, AWS Glue) (Onboard ASAP)",containerization,Cloud Service Analysis,Analyze the operational mechanisms of cloud services by integrating individual knowledge.,Cloud Service Analysis,a468720e1a5dc0cb,,1.0,1.0
12,"Data Engineer (Spark, AWS Glue) (Onboard ASAP)",containerization,Hadoop Model Explanation,Explain the operation model of Hadoop.,Hadoop Model Explanation,78478926d84635c5,,1.0,1.0
12,"Data Engineer (Spark, AWS Glue) (Onboard ASAP)",containerization,Independent Problem Solving,Develop independent problem-solving abilities and teamwork skills to address specialized issues.,Independent Problem Solving,82a6a9c242eeb57f,,1.0,1.0
12,"Data Engineer (Spark, AWS Glue) (Onboard ASAP)",containerization,Self-directed Learning,Have the ability to self-study and understand materials to complete assigned lessons and assignments.,Self-study and Independent Learning Ability,cc9a4fb8c944a920,,1.0,1.0
12,"Data Engineer (Spark, AWS Glue) (Onboard ASAP)",containerization,Team Collaboration,Collaborate effectively with peers to solve specialized problems within deadlines.,Collaborate with team members,0a0f671c3883b77f,,1.0,1.0
12,"Data Engineer (Spark, AWS Glue) (Onboard ASAP)",containerization,Analysis of emerging IT technologies,Analyze trends of new IT technologies being and will be deployed,Analysis of emerging IT technologies,eafecedae9638163,,1.0,1.0
12,"Data Engineer (Spark, AWS Glue) (Onboard ASAP)",containerization,Application of new technologies,Apply new technologies with basic problem-solving skills,Application of new technologies,592cfca7d1b98797,,1.0,1.0
12,"Data Engineer (Spark, AWS Glue) (Onboard ASAP)",containerization,Artificial intelligence,"Understand AI, machine learning, and deep learning concepts",Artificial intelligence,803b3eb2b6af0271,,1.0,1.0
12,"Data Engineer (Spark, AWS Glue) (Onboard ASAP)",containerization,Cloud computing,Understand cloud computing concepts,Cloud computing,81121f330a983b7f,,1.0,1.0
12,"Data Engineer (Spark, AWS Glue) (Onboard ASAP)",containerization,Data processing methods,Understand advanced data processing methods,Data processing methods,5107a7dc18aa2e76,,1.0,1.0
12,"Data Engineer (Spark, AWS Glue) (Onboard ASAP)",containerization,Overview of IT trends and related industries,"Apply theoretical and practical aspects of IT in life, economy, society",Overview of IT trends and related industries,dcedf2d35d964ad2,,1.0,1.0
12,"Data Engineer (Spark, AWS Glue) (Onboard ASAP)",containerization,Presentation and debate,Present and debate on assigned topics,Presentation and debate,81994e7e221445ee,,1.0,1.0
12,"Data Engineer (Spark, AWS Glue) (Onboard ASAP)",containerization,Access Control Management,Manage access control for cloud-based services.,Access Control Management,0c6656da365a367f,,1.0,1.0
12,"Data Engineer (Spark, AWS Glue) (Onboard ASAP)",containerization,Cloud Computing Fundamentals,Understand basic concepts of cloud computing and related architecture principles.,Cloud Computing Fundamentals,b160bc1ca65d65b1,,1.0,1.0
12,"Data Engineer (Spark, AWS Glue) (Onboard ASAP)",containerization,Cloud Security Architecture,Design and implement security architectures for cloud services.,Cloud Security Architecture,448e8a55f0c63487,,1.0,1.0
12,"Data Engineer (Spark, AWS Glue) (Onboard ASAP)",containerization,Cloud Security Design Patterns,Apply various cloud security design patterns.,Cloud Security Design Patterns,0bcc7664f42fa9b3,,1.0,1.0
12,"Data Engineer (Spark, AWS Glue) (Onboard ASAP)",containerization,Compliance Standards,"Understand and apply compliance standards such as ISO, NIST, ENISA.",Compliance Standards,8803662d165dcea7,,1.0,1.0
12,"Data Engineer (Spark, AWS Glue) (Onboard ASAP)",containerization,Data Protection,Protect data across all layers of the OSI model.,Data Protection,e335e87b37418cae,,1.0,1.0
12,"Data Engineer (Spark, AWS Glue) (Onboard ASAP)",containerization,Monitoring and Auditing,Implement monitoring and auditing processes for cloud services.,Monitoring and Auditing,d9363d607f47f563,,1.0,1.0
12,"Data Engineer (Spark, AWS Glue) (Onboard ASAP)",containerization,Physical and Logical Isolation,Ensure secure isolation of physical and logical infrastructure.,Physical and Logical Isolation,833b12b4338a6589,,1.0,1.0
142,Nhân Viên Nuôi Tài Khoản Facebook Ads,Data Analysis for Facebook Ad Campaigns,Dimensionality Reduction Techniques,Evaluate and explain models and results from dimensionality reduction techniques.,Dimensionality Reduction Techniques,5294c5f12f154d34,,1.0,1.0
142,Nhân Viên Nuôi Tài Khoản Facebook Ads,Data Analysis for Facebook Ad Campaigns,Analyzing large datasets,Ability to analyze large datasets using statistical methods.,Analyzing large datasets,13a02ebf31103922,,1.0,1.0
142,Nhân Viên Nuôi Tài Khoản Facebook Ads,Data Analysis for Facebook Ad Campaigns,Collecting large datasets,Ability to collect large datasets using statistical methods.,Collecting large datasets,5a7441dc2fd15f30,,1.0,1.0
142,Nhân Viên Nuôi Tài Khoản Facebook Ads,Data Analysis for Facebook Ad Campaigns,Managing large datasets,Ability to manage large datasets effectively.,Managing large datasets,983b5e0fb845ddb8,,1.0,1.0
142,Nhân Viên Nuôi Tài Khoản Facebook Ads,Data Analysis for Facebook Ad Campaigns,Teamwork,Ability to work effectively in teams.,Working effectively in diverse teams,6c48f94ad962da12,,1.0,1.0
155,"Nhân Viên Tư Vấn Tuyển Sinh/ Telesale/ Sale Giáo Dục (NỮ, 23 - 31 Tuổi), Thu Nhập 18 - 30 Triệu++ Tại Hồ Chí Minh",E-learning product knowledge,Speaking Ability,Ability to speak about familiar topics using most simple sentence structures and basic linking devices effectively.,Speaking Ability,abcdf5e513d4c5b6,,1.0,1.0
155,"Nhân Viên Tư Vấn Tuyển Sinh/ Telesale/ Sale Giáo Dục (NỮ, 23 - 31 Tuổi), Thu Nhập 18 - 30 Triệu++ Tại Hồ Chí Minh",E-learning product knowledge,Vocabulary Recognition,Recognition and understanding of 100-120 vocabulary items related to business and daily life situations.,Vocabulary Recognition,8f46249fcc866be2,,1.0,1.0
155,"Nhân Viên Tư Vấn Tuyển Sinh/ Telesale/ Sale Giáo Dục (NỮ, 23 - 31 Tuổi), Thu Nhập 18 - 30 Triệu++ Tại Hồ Chí Minh",E-learning product knowledge,Listening Comprehension,"Understand and apply vocabulary, sentence patterns, background knowledge, strategies, and listening skills to comprehend daily familiar topics as well as unfamiliar topics.",Listening Comprehension,96a4302a7fc1bfd0,,1.0,1.0
155,"Nhân Viên Tư Vấn Tuyển Sinh/ Telesale/ Sale Giáo Dục (NỮ, 23 - 31 Tuổi), Thu Nhập 18 - 30 Triệu++ Tại Hồ Chí Minh",E-learning product knowledge,Speaking Proficiency,Use English relatively fluently in social interactions about familiar topics.,Speaking Proficiency,7f34693ff0d88209,,1.0,1.0
155,"Nhân Viên Tư Vấn Tuyển Sinh/ Telesale/ Sale Giáo Dục (NỮ, 23 - 31 Tuổi), Thu Nhập 18 - 30 Triệu++ Tại Hồ Chí Minh",English proficiency (IELTS 5.5 or equivalent),Speaking Ability,Ability to speak about familiar topics using most simple sentence structures and basic linking devices effectively.,Speaking Ability,abcdf5e513d4c5b6,,1.0,1.0
155,"Nhân Viên Tư Vấn Tuyển Sinh/ Telesale/ Sale Giáo Dục (NỮ, 23 - 31 Tuổi), Thu Nhập 18 - 30 Triệu++ Tại Hồ Chí Minh",English proficiency (IELTS 5.5 or equivalent),Vocabulary Recognition,Recognition and understanding of 100-120 vocabulary items related to business and daily life situations.,Vocabulary Recognition,8f46249fcc866be2,,1.0,1.0
155,"Nhân Viên Tư Vấn Tuyển Sinh/ Telesale/ Sale Giáo Dục (NỮ, 23 - 31 Tuổi), Thu Nhập 18 - 30 Triệu++ Tại Hồ Chí Minh",English proficiency (IELTS 5.5 or equivalent),Listening Comprehension,"Understand and apply vocabulary, sentence patterns, background knowledge, strategies, and listening skills to comprehend daily familiar topics as well as unfamiliar topics.",Listening Comprehension,96a4302a7fc1bfd0,,1.0,1.0
208,"Back End Developer (Java, MySQL, Spring)",AWS,Classroom Discipline,"Be aware of classroom organization and discipline, follow class rules, and have a sense of cooperation and personal responsibility for activities assigned by instructors.",Classroom Discipline,5cf19e6ef31a3189,,1.0,1.0
208,"Back End Developer (Java, MySQL, Spring)",AWS,Hadoop Model Explanation,Explain the operation model of Hadoop.,Hadoop Model Explanation,78478926d84635c5,,1.0,1.0
208,"Back End Developer (Java, MySQL, Spring)",AWS,Independent Problem Solving,Develop independent problem-solving abilities and teamwork skills to address specialized issues.,Independent Problem Solving,82a6a9c242eeb57f,,1.0,1.0
208,"Back End Developer (Java, MySQL, Spring)",AWS,Self-directed Learning,Have the ability to self-study and understand materials to complete assigned lessons and assignments.,Self-study and Independent Learning Ability,cc9a4fb8c944a920,,1.0,1.0
208,"Back End Developer (Java, MySQL, Spring)",AWS,Team Collaboration,Collaborate effectively with peers to solve specialized problems within deadlines.,Collaborate with team members,0a0f671c3883b77f,,1.0,1.0
208,"Back End Developer (Java, MySQL, Spring)",AWS,Analysis of emerging IT technologies,Analyze trends of new IT technologies being and will be deployed,Analysis of emerging IT technologies,eafecedae9638163,,1.0,1.0
208,"Back End Developer (Java, MySQL, Spring)",AWS,Application of new technologies,Apply new technologies with basic problem-solving skills,Application of new technologies,592cfca7d1b98797,,1.0,1.0
208,"Back End Developer (Java, MySQL, Spring)",AWS,Artificial intelligence,"Understand AI, machine learning, and deep learning concepts",Artificial intelligence,803b3eb2b6af0271,,1.0,1.0
208,"Back End Developer (Java, MySQL, Spring)",AWS,Data processing methods,Understand advanced data processing methods,Data processing methods,5107a7dc18aa2e76,,1.0,1.0
208,"Back End Developer (Java, MySQL, Spring)",AWS,Overview of IT trends and related industries,"Apply theoretical and practical aspects of IT in life, economy, society",Overview of IT trends and related industries,dcedf2d35d964ad2,,1.0,1.0
208,"Back End Developer (Java, MySQL, Spring)",AWS,Presentation and debate,Present and debate on assigned topics,Presentation and debate,81994e7e221445ee,,1.0,1.0
208,"Back End Developer (Java, MySQL, Spring)",GCP,Classroom Discipline,"Be aware of classroom organization and discipline, follow class rules, and have a sense of cooperation and personal responsibility for activities assigned by instructors.",Classroom Discipline,5cf19e6ef31a3189,,1.0,1.0
208,"Back End Developer (Java, MySQL, Spring)",GCP,Cloud Service Analysis,Analyze the operational mechanisms of cloud services by integrating individual knowledge.,Cloud Service Analysis,a468720e1a5dc0cb,,1.0,1.0
208,"Back End Developer (Java, MySQL, Spring)",GCP,Hadoop Model Explanation,Explain the operation model of Hadoop.,Hadoop Model Explanation,78478926d84635c5,,1.0,1.0
208,"Back End Developer (Java, MySQL, Spring)",GCP,Independent Problem Solving,Develop independent problem-solving abilities and teamwork skills to address specialized issues.,Independent Problem Solving,82a6a9c242eeb57f,,1.0,1.0
208,"Back End Developer (Java, MySQL, Spring)",GCP,Self-directed Learning,Have the ability to self-study and understand materials to complete assigned lessons and assignments.,Self-study and Independent Learning Ability,cc9a4fb8c944a920,,1.0,1.0
208,"Back End Developer (Java, MySQL, Spring)",GCP,Team Collaboration,Collaborate effectively with peers to solve specialized problems within deadlines.,Collaborate with team members,0a0f671c3883b77f,,1.0,1.0
208,"Back End Developer (Java, MySQL, Spring)",GCP,Analysis of emerging IT technologies,Analyze trends of new IT technologies being and will be deployed,Analysis of emerging IT technologies,eafecedae9638163,,1.0,1.0
208,"Back End Developer (Java, MySQL, Spring)",GCP,Application of new technologies,Apply new technologies with basic problem-solving skills,Application of new technologies,592cfca7d1b98797,,1.0,1.0
208,"Back End Developer (Java, MySQL, Spring)",GCP,Artificial intelligence,"Understand AI, machine learning, and deep learning concepts",Artificial intelligence,803b3eb2b6af0271,,1.0,1.0
208,"Back End Developer (Java, MySQL, Spring)",GCP,Overview of IT trends and related industries,"Apply theoretical and practical aspects of IT in life, economy, society",Overview of IT trends and related industries,dcedf2d35d964ad2,,1.0,1.0
208,"Back End Developer (Java, MySQL, Spring)",GCP,Presentation and debate,Present and debate on assigned topics,Presentation and debate,81994e7e221445ee,,1.0,1.0
208,"Back End Developer (Java, MySQL, Spring)",GOC,Classroom Discipline,"Be aware of classroom organization and discipline, follow class rules, and have a sense of cooperation and personal responsibility for activities assigned by instructors.",Classroom Discipline,5cf19e6ef31a3189,,1.0,1.0
208,"Back End Developer (Java, MySQL, Spring)",GOC,Cloud Service Analysis,Analyze the operational mechanisms of cloud services by integrating individual knowledge.,Cloud Service Analysis,a468720e1a5dc0cb,,1.0,1.0
208,"Back End Developer (Java, MySQL, Spring)",GOC,Hadoop Model Explanation,Explain the operation model of Hadoop.,Hadoop Model Explanation,78478926d84635c5,,1.0,1.0
208,"Back End Developer (Java, MySQL, Spring)",GOC,Independent Problem Solving,Develop independent problem-solving abilities and teamwork skills to address specialized issues.,Independent Problem Solving,82a6a9c242eeb57f,,1.0,1.0
208,"Back End Developer (Java, MySQL, Spring)",GOC,Self-directed Learning,Have the ability to self-study and understand materials to complete assigned lessons and assignments.,Self-study and Independent Learning Ability,cc9a4fb8c944a920,,1.0,1.0
208,"Back End Developer (Java, MySQL, Spring)",GOC,Team Collaboration,Collaborate effectively with peers to solve specialized problems within deadlines.,Collaborate with team members,0a0f671c3883b77f,,1.0,1.0
208,"Back End Developer (Java, MySQL, Spring)",GOC,Analysis of emerging IT technologies,Analyze trends of new IT technologies being and will be deployed,Analysis of emerging IT technologies,eafecedae9638163,,1.0,1.0
208,"Back End Developer (Java, MySQL, Spring)",GOC,Application of new technologies,Apply new technologies with basic problem-solving skills,Application of new technologies,592cfca7d1b98797,,1.0,1.0
208,"Back End Developer (Java, MySQL, Spring)",GOC,Artificial intelligence,"Understand AI, machine learning, and deep learning concepts",Artificial intelligence,803b3eb2b6af0271,,1.0,1.0
208,"Back End Developer (Java, MySQL, Spring)",GOC,Cloud computing,Understand cloud computing concepts,Cloud computing,81121f330a983b7f,,1.0,1.0
208,"Back End Developer (Java, MySQL, Spring)",GOC,Data processing methods,Understand advanced data processing methods,Data processing methods,5107a7dc18aa2e76,,1.0,1.0
208,"Back End Developer (Java, MySQL, Spring)",GOC,Overview of IT trends and related industries,"Apply theoretical and practical aspects of IT in life, economy, society",Overview of IT trends and related industries,dcedf2d35d964ad2,,1.0,1.0
208,"Back End Developer (Java, MySQL, Spring)",GOC,Presentation and debate,Present and debate on assigned topics,Presentation and debate,81994e7e221445ee,,1.0,1.0
208,"Back End Developer (Java, MySQL, Spring)",Kubernetes,Classroom Discipline,"Be aware of classroom organization and discipline, follow class rules, and have a sense of cooperation and personal responsibility for activities assigned by instructors.",Classroom Discipline,5cf19e6ef31a3189,,1.0,1.0
208,"Back End Developer (Java, MySQL, Spring)",Kubernetes,Cloud Service Analysis,Analyze the operational mechanisms of cloud services by integrating individual knowledge.,Cloud Service Analysis,a468720e1a5dc0cb,,1.0,1.0
208,"Back End Developer (Java, MySQL, Spring)",Kubernetes,Hadoop Model Explanation,Explain the operation model of Hadoop.,Hadoop Model Explanation,78478926d84635c5,,1.0,1.0
208,"Back End Developer (Java, MySQL, Spring)",Kubernetes,Independent Problem Solving,Develop independent problem-solving abilities and teamwork skills to address specialized issues.,Independent Problem Solving,82a6a9c242eeb57f,,1.0,1.0
208,"Back End Developer (Java, MySQL, Spring)",Kubernetes,Self-directed Learning,Have the ability to self-study and understand materials to complete assigned lessons and assignments.,Self-study and Independent Learning Ability,cc9a4fb8c944a920,,1.0,1.0
208,"Back End Developer (Java, MySQL, Spring)",Kubernetes,Team Collaboration,Collaborate effectively with peers to solve specialized problems within deadlines.,Collaborate with team members,0a0f671c3883b77f,,1.0,1.0
208,"Back End Developer (Java, MySQL, Spring)",Kubernetes,Analysis of emerging IT technologies,Analyze trends of new IT technologies being and will be deployed,Analysis of emerging IT technologies,eafecedae9638163,,1.0,1.0
208,"Back End Developer (Java, MySQL, Spring)",Kubernetes,Application of new technologies,Apply new technologies with basic problem-solving skills,Application of new technologies,592cfca7d1b98797,,1.0,1.0
208,"Back End Developer (Java, MySQL, Spring)",Kubernetes,Artificial intelligence,"Understand AI, machine learning, and deep learning concepts",Artificial intelligence,803b3eb2b6af0271,,1.0,1.0
208,"Back End Developer (Java, MySQL, Spring)",Kubernetes,Cloud computing,Understand cloud computing concepts,Cloud computing,81121f330a983b7f,,1.0,1.0
208,"Back End Developer (Java, MySQL, Spring)",Kubernetes,Data processing methods,Understand advanced data processing methods,Data processing methods,5107a7dc18aa2e76,,1.0,1.0
208,"Back End Developer (Java, MySQL, Spring)",Kubernetes,Overview of IT trends and related industries,"Apply theoretical and practical aspects of IT in life, economy, society",Overview of IT trends and related industries,dcedf2d35d964ad2,,1.0,1.0
208,"Back End Developer (Java, MySQL, Spring)",Kubernetes,Presentation and debate,Present and debate on assigned topics,Presentation and debate,81994e7e221445ee,,1.0,1.0
219,Chuyên Viên Quảng Cáo (Google Ads; Facebook Ads; Tik Tok Ads),AI,Classify problem-solving methods using search techniques,Understand and apply different search methods to solve problems,Classify problem-solving methods using search techniques,3f94ee8cee575d9c,,1.0,1.0
219,Chuyên Viên Quảng Cáo (Google Ads; Facebook Ads; Tik Tok Ads),AI,Differentiate knowledge representation and processing methods,Analyze and apply various knowledge representation and processing techniques,Differentiate knowledge representation and processing methods,09fc390dd8c41a23,,1.0,1.0
219,Chuyên Viên Quảng Cáo (Google Ads; Facebook Ads; Tik Tok Ads),Zalo Ads,Classify problem-solving methods using search techniques,Understand and apply different search methods to solve problems,Classify problem-solving methods using search techniques,3f94ee8cee575d9c,,1.0,1.0
219,Chuyên Viên Quảng Cáo (Google Ads; Facebook Ads; Tik Tok Ads),Zalo Ads,"Combine searching, modeling, and solving techniques","Integrate searching, modeling, and solving techniques to address AI problems","Combine searching, modeling, and solving techniques",81a37ade205f3554,,1.0,1.0
219,Chuyên Viên Quảng Cáo (Google Ads; Facebook Ads; Tik Tok Ads),Zalo Ads,Differentiate knowledge representation and processing methods,Analyze and apply various knowledge representation and processing techniques,Differentiate knowledge representation and processing methods,09fc390dd8c41a23,,1.0,1.0
219,Chuyên Viên Quảng Cáo (Google Ads; Facebook Ads; Tik Tok Ads),Zalo Ads,Differentiate modern AI techniques,"Apply modern AI techniques such as machine learning, neural networks, fuzzy logic, genetic algorithms, and data mining",Differentiate modern AI techniques,f23d28761d76eb43,,1.0,1.0
219,Chuyên Viên Quảng Cáo (Google Ads; Facebook Ads; Tik Tok Ads),Zalo Ads,Identify basic problems in AI,Recognize various research areas in AI and their roles in human perception,Identify basic problems in AI,5d9de9c43fd6503d,,1.0,1.0
219,Chuyên Viên Quảng Cáo (Google Ads; Facebook Ads; Tik Tok Ads),Zalo Ads,Research and develop AI applications,Conduct research and develop practical AI applications,Research and develop AI applications,50779cd6819806ac,,1.0,1.0
219,Chuyên Viên Quảng Cáo (Google Ads; Facebook Ads; Tik Tok Ads),Zalo Ads,Independent Research Skills,Conduct independent research on AI applications in business and management.,Research and develop AI applications,50779cd6819806ac,,1.0,1.0
219,Chuyên Viên Quảng Cáo (Google Ads; Facebook Ads; Tik Tok Ads),Zalo Ads,Model Building for AI Applications,Develop models and applications of AI in business and management.,Model Building for AI Applications,302e3da4908ab96e,,1.0,1.0
219,Chuyên Viên Quảng Cáo (Google Ads; Facebook Ads; Tik Tok Ads),Zalo Ads,Problem Solving Techniques in AI,"Evaluate problem-solving techniques using search methods, data science, and machine learning approaches.",Problem Solving Techniques in AI,8bfbfb6d9dadd54a,,1.0,1.0
219,Chuyên Viên Quảng Cáo (Google Ads; Facebook Ads; Tik Tok Ads),chatbots,Classify problem-solving methods using search techniques,Understand and apply different search methods to solve problems,Classify problem-solving methods using search techniques,3f94ee8cee575d9c,,1.0,1.0
219,Chuyên Viên Quảng Cáo (Google Ads; Facebook Ads; Tik Tok Ads),chatbots,Differentiate knowledge representation and processing methods,Analyze and apply various knowledge representation and processing techniques,Differentiate knowledge representation and processing methods,09fc390dd8c41a23,,1.0,1.0
219,Chuyên Viên Quảng Cáo (Google Ads; Facebook Ads; Tik Tok Ads),chatbots,Differentiate modern AI techniques,"Apply modern AI techniques such as machine learning, neural networks, fuzzy logic, genetic algorithms, and data mining",Differentiate modern AI techniques,f23d28761d76eb43,,1.0,1.0
219,Chuyên Viên Quảng Cáo (Google Ads; Facebook Ads; Tik Tok Ads),chatbots,Identify basic problems in AI,Recognize various research areas in AI and their roles in human perception,Identify basic problems in AI,5d9de9c43fd6503d,,1.0,1.0
219,Chuyên Viên Quảng Cáo (Google Ads; Facebook Ads; Tik Tok Ads),chatbots,Model Building for AI Applications,Develop models and applications of AI in business and management.,Model Building for AI Applications,302e3da4908ab96e,,1.0,1.0
219,Chuyên Viên Quảng Cáo (Google Ads; Facebook Ads; Tik Tok Ads),chatbots,Problem Solving Techniques in AI,"Evaluate problem-solving techniques using search methods, data science, and machine learning approaches.",Problem Solving Techniques in AI,8bfbfb6d9dadd54a,,1.0,1.0
221,Chuyên Viên Tuyển Dụng Và Đào Tạo,AWS,Critical Thinking,"Participate in discussions, defend personal opinions, and contribute to group problem-solving.",Participate in group discussions,b0127e8c7738eb69,,1.0,1.0
221,Chuyên Viên Tuyển Dụng Và Đào Tạo,AWS,Data Representation,"Explain and apply methods of data representation in electronic computers, describe components of computer systems.",Data Representation,e4e4a1256b2c80ca,,1.0,1.0
221,Chuyên Viên Tuyển Dụng Và Đào Tạo,AWS,Information and Data Processing,"Describe knowledge about information, data processing, information systems, electronic computers, hardware, software, organization of electronic computers, solving problems with computers.",Information and Data Processing,ae658c64c2eb3c00,,1.0,1.0
221,Chuyên Viên Tuyển Dụng Và Đào Tạo,AWS,Office Application Proficiency,"Proficiently use office applications such as Word, Excel, PowerPoint, and basic programming with Python.",Office Application Proficiency,cf670c697ea9d74d,,1.0,1.0
221,Chuyên Viên Tuyển Dụng Và Đào Tạo,AWS,Python Programming Basics,"Understand basic concepts in Python, data types, operators, expressions, input/output operations, programming structures in Python, and apply them to build simple programs.",Python Programming Basics,04b10f24999a0cca,,1.0,1.0
221,Chuyên Viên Tuyển Dụng Và Đào Tạo,AWS,Windows OS Operations,"Perform operations in Windows operating system and use common office applications like Word, Excel, PowerPoint.",Windows OS Operations,d68b7f91a3d337eb,,1.0,1.0
221,Chuyên Viên Tuyển Dụng Và Đào Tạo,AWS,Classroom Discipline,"Be aware of classroom organization and discipline, follow class rules, and have a sense of cooperation and personal responsibility for activities assigned by instructors.",Classroom Discipline,5cf19e6ef31a3189,,1.0,1.0
221,Chuyên Viên Tuyển Dụng Và Đào Tạo,AWS,Hadoop Model Explanation,Explain the operation model of Hadoop.,Hadoop Model Explanation,78478926d84635c5,,1.0,1.0
221,Chuyên Viên Tuyển Dụng Và Đào Tạo,AWS,Independent Problem Solving,Develop independent problem-solving abilities and teamwork skills to address specialized issues.,Independent Problem Solving,82a6a9c242eeb57f,,1.0,1.0
221,Chuyên Viên Tuyển Dụng Và Đào Tạo,AWS,Self-directed Learning,Have the ability to self-study and understand materials to complete assigned lessons and assignments.,Self-study and Independent Learning Ability,cc9a4fb8c944a920,,1.0,1.0
221,Chuyên Viên Tuyển Dụng Và Đào Tạo,AWS,Team Collaboration,Collaborate effectively with peers to solve specialized problems within deadlines.,Collaborate with team members,0a0f671c3883b77f,,1.0,1.0
221,Chuyên Viên Tuyển Dụng Và Đào Tạo,AWS,Evaluation Techniques for Machine Learning Models,Ability to evaluate the performance of machine learning models using various techniques.,Evaluation Techniques for Machine Learning Models,10076f12050dc46f,,1.0,1.0
221,Chuyên Viên Tuyển Dụng Và Đào Tạo,AWS,Model Selection and Parameter Tuning,Ability to select appropriate models and tune parameters effectively.,Model Selection and Parameter Tuning,c1ca53bf426151b9,,1.0,1.0
221,Chuyên Viên Tuyển Dụng Và Đào Tạo,AWS,Neural Networks and Deep Learning,Understanding and application of neural networks and deep learning techniques.,Neural Networks and Deep Learning,7fe2c9301e7afdf1,,1.0,1.0
221,Chuyên Viên Tuyển Dụng Và Đào Tạo,AWS,Performance Evaluation Criteria,Understanding and applying criteria to evaluate the performance of machine learning systems.,Performance Evaluation Criteria,85ebd722db3e7b5c,,1.0,1.0
221,Chuyên Viên Tuyển Dụng Và Đào Tạo,AWS,Python Programming,Proficiency in using Python for machine learning tasks.,Python Programming,c44d9221d54651ad,,1.0,1.0
221,Chuyên Viên Tuyển Dụng Và Đào Tạo,AWS,Supervised Learning Techniques,Ability to apply supervised learning techniques such as regression and classification.,Supervised Learning Techniques,46538fe2ec191934,,1.0,1.0
221,Chuyên Viên Tuyển Dụng Và Đào Tạo,AWS,Unsupervised Learning Techniques,Ability to apply unsupervised learning techniques such as clustering and dimensionality reduction.,Unsupervised Learning Techniques,d3513956c34fe307,,1.0,1.0
221,Chuyên Viên Tuyển Dụng Và Đào Tạo,AWS,File Handling,Work with files in Python.,File Handling,d311d55d4cd0fdd8,,1.0,1.0
221,Chuyên Viên Tuyển Dụng Và Đào Tạo,AWS,Functions,Design and implement functions in Python.,Functions,ef7d009c7e812da1,,1.0,1.0
221,Chuyên Viên Tuyển Dụng Và Đào Tạo,AWS,Google Colab,Use Google Colab for Python development.,Google Colab,70f0d3e18d498cc9,,1.0,1.0
221,Chuyên Viên Tuyển Dụng Và Đào Tạo,AWS,Jupyter Notebook,Use Jupyter Notebook for Python development.,Jupyter Notebook,09f25c69a7726d83,,1.0,1.0
221,Chuyên Viên Tuyển Dụng Và Đào Tạo,AWS,Modules,Use modules and packages in Python.,Modules,fbc6c1d4c3b6db8f,,1.0,1.0
221,Chuyên Viên Tuyển Dụng Và Đào Tạo,AWS,PyCharm,Use PyCharm for Python development.,PyCharm,fe798171f07a9d14,,1.0,1.0
221,Chuyên Viên Tuyển Dụng Và Đào Tạo,AWS,Python Libraries,"Utilize Python libraries such as Pandas, Numpy, and Matplotlib for data analysis.",Python Libraries,b79b2b496fa42e37,,1.0,1.0
221,Chuyên Viên Tuyển Dụng Và Đào Tạo,AWS,Variable Handling,Understand and apply variable handling in Python.,Variable Handling,dd23eb36ba0dbe6f,,1.0,1.0
221,Chuyên Viên Tuyển Dụng Và Đào Tạo,AWS,Visual Studio Code,Use Visual Studio Code for Python development.,Visual Studio Code,19034ff2846dd635,,1.0,1.0
221,Chuyên Viên Tuyển Dụng Và Đào Tạo,AWS,Classification Methods,Implement classification methods such as decision trees and clustering,Classification Methods,fd93a81ee892ffdc,,1.0,1.0
221,Chuyên Viên Tuyển Dụng Và Đào Tạo,AWS,Data Visualization,Use R for data visualization,Data visualization with R,849400c090b5f91a,,1.0,1.0
221,Chuyên Viên Tuyển Dụng Và Đào Tạo,AWS,Descriptive Statistical Analysis,Conduct descriptive statistical analysis,Descriptive Statistical Analysis,1e3aa39adcd55a19,,1.0,1.0
221,Chuyên Viên Tuyển Dụng Và Đào Tạo,AWS,Ethical Responsibility,Understand and adhere to ethical responsibilities in data analysis,Ethical considerations in data analysis,1e1806628a5ee099,,1.0,1.0
221,Chuyên Viên Tuyển Dụng Và Đào Tạo,AWS,Financial Data Analysis,Analyze financial data using advanced methods,Financial Data Analysis,4170f39b7c45ac3f,,1.0,1.0
221,Chuyên Viên Tuyển Dụng Và Đào Tạo,AWS,Machine Learning Techniques,Apply machine learning techniques for data analysis,Machine Learning Techniques,fc76c565abf59081,,1.0,1.0
221,Chuyên Viên Tuyển Dụng Và Đào Tạo,AWS,R Software Proficiency,Proficient use of R software for data analysis,R Software Proficiency,86a54c043b1cf703,,1.0,1.0
221,Chuyên Viên Tuyển Dụng Và Đào Tạo,AWS,Statistical Hypothesis Testing,Perform statistical hypothesis testing,Statistical Hypothesis Testing,f843bd28f37ec7af,,1.0,1.0
221,Chuyên Viên Tuyển Dụng Và Đào Tạo,CISSP,Critical Thinking,"Participate in discussions, defend personal opinions, and contribute to group problem-solving.",Participate in group discussions,b0127e8c7738eb69,,1.0,1.0
221,Chuyên Viên Tuyển Dụng Và Đào Tạo,CISSP,Data Representation,"Explain and apply methods of data representation in electronic computers, describe components of computer systems.",Data Representation,e4e4a1256b2c80ca,,1.0,1.0
221,Chuyên Viên Tuyển Dụng Và Đào Tạo,CISSP,Information and Data Processing,"Describe knowledge about information, data processing, information systems, electronic computers, hardware, software, organization of electronic computers, solving problems with computers.",Information and Data Processing,ae658c64c2eb3c00,,1.0,1.0
221,Chuyên Viên Tuyển Dụng Và Đào Tạo,CISSP,Office Application Proficiency,"Proficiently use office applications such as Word, Excel, PowerPoint, and basic programming with Python.",Office Application Proficiency,cf670c697ea9d74d,,1.0,1.0
221,Chuyên Viên Tuyển Dụng Và Đào Tạo,CISSP,Python Programming Basics,"Understand basic concepts in Python, data types, operators, expressions, input/output operations, programming structures in Python, and apply them to build simple programs.",Python Programming Basics,04b10f24999a0cca,,1.0,1.0
221,Chuyên Viên Tuyển Dụng Và Đào Tạo,CISSP,Windows OS Operations,"Perform operations in Windows operating system and use common office applications like Word, Excel, PowerPoint.",Windows OS Operations,d68b7f91a3d337eb,,1.0,1.0
221,Chuyên Viên Tuyển Dụng Và Đào Tạo,CISSP,Classroom Discipline,"Be aware of classroom organization and discipline, follow class rules, and have a sense of cooperation and personal responsibility for activities assigned by instructors.",Classroom Discipline,5cf19e6ef31a3189,,1.0,1.0
221,Chuyên Viên Tuyển Dụng Và Đào Tạo,CISSP,Cloud Service Analysis,Analyze the operational mechanisms of cloud services by integrating individual knowledge.,Cloud Service Analysis,a468720e1a5dc0cb,,1.0,1.0
221,Chuyên Viên Tuyển Dụng Và Đào Tạo,CISSP,Hadoop Model Explanation,Explain the operation model of Hadoop.,Hadoop Model Explanation,78478926d84635c5,,1.0,1.0
221,Chuyên Viên Tuyển Dụng Và Đào Tạo,CISSP,Independent Problem Solving,Develop independent problem-solving abilities and teamwork skills to address specialized issues.,Independent Problem Solving,82a6a9c242eeb57f,,1.0,1.0
221,Chuyên Viên Tuyển Dụng Và Đào Tạo,CISSP,Self-directed Learning,Have the ability to self-study and understand materials to complete assigned lessons and assignments.,Self-study and Independent Learning Ability,cc9a4fb8c944a920,,1.0,1.0
221,Chuyên Viên Tuyển Dụng Và Đào Tạo,CISSP,Team Collaboration,Collaborate effectively with peers to solve specialized problems within deadlines.,Collaborate with team members,0a0f671c3883b77f,,1.0,1.0
221,Chuyên Viên Tuyển Dụng Và Đào Tạo,CISSP,Evaluation Techniques for Machine Learning Models,Ability to evaluate the performance of machine learning models using various techniques.,Evaluation Techniques for Machine Learning Models,10076f12050dc46f,,1.0,1.0
221,Chuyên Viên Tuyển Dụng Và Đào Tạo,CISSP,Model Selection and Parameter Tuning,Ability to select appropriate models and tune parameters effectively.,Model Selection and Parameter Tuning,c1ca53bf426151b9,,1.0,1.0
221,Chuyên Viên Tuyển Dụng Và Đào Tạo,CISSP,Neural Networks and Deep Learning,Understanding and application of neural networks and deep learning techniques.,Neural Networks and Deep Learning,7fe2c9301e7afdf1,,1.0,1.0
221,Chuyên Viên Tuyển Dụng Và Đào Tạo,CISSP,Performance Evaluation Criteria,Understanding and applying criteria to evaluate the performance of machine learning systems.,Performance Evaluation Criteria,85ebd722db3e7b5c,,1.0,1.0
221,Chuyên Viên Tuyển Dụng Và Đào Tạo,CISSP,Python Programming,Proficiency in using Python for machine learning tasks.,Python Programming,c44d9221d54651ad,,1.0,1.0
221,Chuyên Viên Tuyển Dụng Và Đào Tạo,CISSP,Supervised Learning Techniques,Ability to apply supervised learning techniques such as regression and classification.,Supervised Learning Techniques,46538fe2ec191934,,1.0,1.0
221,Chuyên Viên Tuyển Dụng Và Đào Tạo,CISSP,Unsupervised Learning Techniques,Ability to apply unsupervised learning techniques such as clustering and dimensionality reduction.,Unsupervised Learning Techniques,d3513956c34fe307,,1.0,1.0
221,Chuyên Viên Tuyển Dụng Và Đào Tạo,CISSP,File Handling,Work with files in Python.,File Handling,d311d55d4cd0fdd8,,1.0,1.0
221,Chuyên Viên Tuyển Dụng Và Đào Tạo,CISSP,Functions,Design and implement functions in Python.,Functions,ef7d009c7e812da1,,1.0,1.0
221,Chuyên Viên Tuyển Dụng Và Đào Tạo,CISSP,Google Colab,Use Google Colab for Python development.,Google Colab,70f0d3e18d498cc9,,1.0,1.0
221,Chuyên Viên Tuyển Dụng Và Đào Tạo,CISSP,Jupyter Notebook,Use Jupyter Notebook for Python development.,Jupyter Notebook,09f25c69a7726d83,,1.0,1.0
221,Chuyên Viên Tuyển Dụng Và Đào Tạo,CISSP,Modules,Use modules and packages in Python.,Modules,fbc6c1d4c3b6db8f,,1.0,1.0
221,Chuyên Viên Tuyển Dụng Và Đào Tạo,CISSP,PyCharm,Use PyCharm for Python development.,PyCharm,fe798171f07a9d14,,1.0,1.0
221,Chuyên Viên Tuyển Dụng Và Đào Tạo,CISSP,Python Libraries,"Utilize Python libraries such as Pandas, Numpy, and Matplotlib for data analysis.",Python Libraries,b79b2b496fa42e37,,1.0,1.0
221,Chuyên Viên Tuyển Dụng Và Đào Tạo,CISSP,Variable Handling,Understand and apply variable handling in Python.,Variable Handling,dd23eb36ba0dbe6f,,1.0,1.0
221,Chuyên Viên Tuyển Dụng Và Đào Tạo,CISSP,Visual Studio Code,Use Visual Studio Code for Python development.,Visual Studio Code,19034ff2846dd635,,1.0,1.0
221,Chuyên Viên Tuyển Dụng Và Đào Tạo,CISSP,Classification Methods,Implement classification methods such as decision trees and clustering,Classification Methods,fd93a81ee892ffdc,,1.0,1.0
221,Chuyên Viên Tuyển Dụng Và Đào Tạo,CISSP,Data Visualization,Use R for data visualization,Data visualization with R,849400c090b5f91a,,1.0,1.0
221,Chuyên Viên Tuyển Dụng Và Đào Tạo,CISSP,Descriptive Statistical Analysis,Conduct descriptive statistical analysis,Descriptive Statistical Analysis,1e3aa39adcd55a19,,1.0,1.0
221,Chuyên Viên Tuyển Dụng Và Đào Tạo,CISSP,Ethical Responsibility,Understand and adhere to ethical responsibilities in data analysis,Ethical considerations in data analysis,1e1806628a5ee099,,1.0,1.0
221,Chuyên Viên Tuyển Dụng Và Đào Tạo,CISSP,Financial Data Analysis,Analyze financial data using advanced methods,Financial Data Analysis,4170f39b7c45ac3f,,1.0,1.0
221,Chuyên Viên Tuyển Dụng Và Đào Tạo,CISSP,Machine Learning Techniques,Apply machine learning techniques for data analysis,Machine Learning Techniques,fc76c565abf59081,,1.0,1.0
221,Chuyên Viên Tuyển Dụng Và Đào Tạo,CISSP,R Software Proficiency,Proficient use of R software for data analysis,R Software Proficiency,86a54c043b1cf703,,1.0,1.0
221,Chuyên Viên Tuyển Dụng Và Đào Tạo,CISSP,Statistical Hypothesis Testing,Perform statistical hypothesis testing,Statistical Hypothesis Testing,f843bd28f37ec7af,,1.0,1.0
221,Chuyên Viên Tuyển Dụng Và Đào Tạo,Machine Learning,Critical Thinking,"Participate in discussions, defend personal opinions, and contribute to group problem-solving.",Participate in group discussions,b0127e8c7738eb69,,1.0,1.0
221,Chuyên Viên Tuyển Dụng Và Đào Tạo,Machine Learning,Data Representation,"Explain and apply methods of data representation in electronic computers, describe components of computer systems.",Data Representation,e4e4a1256b2c80ca,,1.0,1.0
221,Chuyên Viên Tuyển Dụng Và Đào Tạo,Machine Learning,Information and Data Processing,"Describe knowledge about information, data processing, information systems, electronic computers, hardware, software, organization of electronic computers, solving problems with computers.",Information and Data Processing,ae658c64c2eb3c00,,1.0,1.0
221,Chuyên Viên Tuyển Dụng Và Đào Tạo,Machine Learning,Office Application Proficiency,"Proficiently use office applications such as Word, Excel, PowerPoint, and basic programming with Python.",Office Application Proficiency,cf670c697ea9d74d,,1.0,1.0
221,Chuyên Viên Tuyển Dụng Và Đào Tạo,Machine Learning,Python Programming Basics,"Understand basic concepts in Python, data types, operators, expressions, input/output operations, programming structures in Python, and apply them to build simple programs.",Python Programming Basics,04b10f24999a0cca,,1.0,1.0
221,Chuyên Viên Tuyển Dụng Và Đào Tạo,Machine Learning,Windows OS Operations,"Perform operations in Windows operating system and use common office applications like Word, Excel, PowerPoint.",Windows OS Operations,d68b7f91a3d337eb,,1.0,1.0
221,Chuyên Viên Tuyển Dụng Và Đào Tạo,Machine Learning,Classroom Discipline,"Be aware of classroom organization and discipline, follow class rules, and have a sense of cooperation and personal responsibility for activities assigned by instructors.",Classroom Discipline,5cf19e6ef31a3189,,1.0,1.0
221,Chuyên Viên Tuyển Dụng Và Đào Tạo,Machine Learning,Cloud Service Analysis,Analyze the operational mechanisms of cloud services by integrating individual knowledge.,Cloud Service Analysis,a468720e1a5dc0cb,,1.0,1.0
221,Chuyên Viên Tuyển Dụng Và Đào Tạo,Machine Learning,Hadoop Model Explanation,Explain the operation model of Hadoop.,Hadoop Model Explanation,78478926d84635c5,,1.0,1.0
221,Chuyên Viên Tuyển Dụng Và Đào Tạo,Machine Learning,Independent Problem Solving,Develop independent problem-solving abilities and teamwork skills to address specialized issues.,Independent Problem Solving,82a6a9c242eeb57f,,1.0,1.0
221,Chuyên Viên Tuyển Dụng Và Đào Tạo,Machine Learning,Team Collaboration,Collaborate effectively with peers to solve specialized problems within deadlines.,Collaborate with team members,0a0f671c3883b77f,,1.0,1.0
221,Chuyên Viên Tuyển Dụng Và Đào Tạo,Machine Learning,File Handling,Work with files in Python.,File Handling,d311d55d4cd0fdd8,,1.0,1.0
221,Chuyên Viên Tuyển Dụng Và Đào Tạo,Machine Learning,Functions,Design and implement functions in Python.,Functions,ef7d009c7e812da1,,1.0,1.0
221,Chuyên Viên Tuyển Dụng Và Đào Tạo,Machine Learning,Google Colab,Use Google Colab for Python development.,Google Colab,70f0d3e18d498cc9,,1.0,1.0
221,Chuyên Viên Tuyển Dụng Và Đào Tạo,Machine Learning,Jupyter Notebook,Use Jupyter Notebook for Python development.,Jupyter Notebook,09f25c69a7726d83,,1.0,1.0
221,Chuyên Viên Tuyển Dụng Và Đào Tạo,Machine Learning,Modules,Use modules and packages in Python.,Modules,fbc6c1d4c3b6db8f,,1.0,1.0
221,Chuyên Viên Tuyển Dụng Và Đào Tạo,Machine Learning,PyCharm,Use PyCharm for Python development.,PyCharm,fe798171f07a9d14,,1.0,1.0
221,Chuyên Viên Tuyển Dụng Và Đào Tạo,Machine Learning,Python Libraries,"Utilize Python libraries such as Pandas, Numpy, and Matplotlib for data analysis.",Python Libraries,b79b2b496fa42e37,,1.0,1.0
221,Chuyên Viên Tuyển Dụng Và Đào Tạo,Machine Learning,Variable Handling,Understand and apply variable handling in Python.,Variable Handling,dd23eb36ba0dbe6f,,1.0,1.0
221,Chuyên Viên Tuyển Dụng Và Đào Tạo,Machine Learning,Visual Studio Code,Use Visual Studio Code for Python development.,Visual Studio Code,19034ff2846dd635,,1.0,1.0
221,Chuyên Viên Tuyển Dụng Và Đào Tạo,Machine Learning,Classification Methods,Implement classification methods such as decision trees and clustering,Classification Methods,fd93a81ee892ffdc,,1.0,1.0
221,Chuyên Viên Tuyển Dụng Và Đào Tạo,Machine Learning,Data Visualization,Use R for data visualization,Data visualization with R,849400c090b5f91a,,1.0,1.0
221,Chuyên Viên Tuyển Dụng Và Đào Tạo,Machine Learning,Descriptive Statistical Analysis,Conduct descriptive statistical analysis,Descriptive Statistical Analysis,1e3aa39adcd55a19,,1.0,1.0
221,Chuyên Viên Tuyển Dụng Và Đào Tạo,Machine Learning,Ethical Responsibility,Understand and adhere to ethical responsibilities in data analysis,Ethical considerations in data analysis,1e1806628a5ee099,,1.0,1.0
221,Chuyên Viên Tuyển Dụng Và Đào Tạo,Machine Learning,Financial Data Analysis,Analyze financial data using advanced methods,Financial Data Analysis,4170f39b7c45ac3f,,1.0,1.0
221,Chuyên Viên Tuyển Dụng Và Đào Tạo,Machine Learning,R Software Proficiency,Proficient use of R software for data analysis,R Software Proficiency,86a54c043b1cf703,,1.0,1.0
221,Chuyên Viên Tuyển Dụng Và Đào Tạo,Machine Learning,Statistical Hypothesis Testing,Perform statistical hypothesis testing,Statistical Hypothesis Testing,f843bd28f37ec7af,,1.0,1.0
221,Chuyên Viên Tuyển Dụng Và Đào Tạo,Python,Critical Thinking,"Participate in discussions, defend personal opinions, and contribute to group problem-solving.",Participate in group discussions,b0127e8c7738eb69,,1.0,1.0
221,Chuyên Viên Tuyển Dụng Và Đào Tạo,Python,Data Representation,"Explain and apply methods of data representation in electronic computers, describe components of computer systems.",Data Representation,e4e4a1256b2c80ca,,1.0,1.0
221,Chuyên Viên Tuyển Dụng Và Đào Tạo,Python,Information and Data Processing,"Describe knowledge about information, data processing, information systems, electronic computers, hardware, software, organization of electronic computers, solving problems with computers.",Information and Data Processing,ae658c64c2eb3c00,,1.0,1.0
221,Chuyên Viên Tuyển Dụng Và Đào Tạo,Python,Windows OS Operations,"Perform operations in Windows operating system and use common office applications like Word, Excel, PowerPoint.",Windows OS Operations,d68b7f91a3d337eb,,1.0,1.0
221,Chuyên Viên Tuyển Dụng Và Đào Tạo,Python,Classroom Discipline,"Be aware of classroom organization and discipline, follow class rules, and have a sense of cooperation and personal responsibility for activities assigned by instructors.",Classroom Discipline,5cf19e6ef31a3189,,1.0,1.0
221,Chuyên Viên Tuyển Dụng Và Đào Tạo,Python,Cloud Service Analysis,Analyze the operational mechanisms of cloud services by integrating individual knowledge.,Cloud Service Analysis,a468720e1a5dc0cb,,1.0,1.0
221,Chuyên Viên Tuyển Dụng Và Đào Tạo,Python,Hadoop Model Explanation,Explain the operation model of Hadoop.,Hadoop Model Explanation,78478926d84635c5,,1.0,1.0
221,Chuyên Viên Tuyển Dụng Và Đào Tạo,Python,Independent Problem Solving,Develop independent problem-solving abilities and teamwork skills to address specialized issues.,Independent Problem Solving,82a6a9c242eeb57f,,1.0,1.0
221,Chuyên Viên Tuyển Dụng Và Đào Tạo,Python,Self-directed Learning,Have the ability to self-study and understand materials to complete assigned lessons and assignments.,Self-study and Independent Learning Ability,cc9a4fb8c944a920,,1.0,1.0
221,Chuyên Viên Tuyển Dụng Và Đào Tạo,Python,Team Collaboration,Collaborate effectively with peers to solve specialized problems within deadlines.,Collaborate with team members,0a0f671c3883b77f,,1.0,1.0
221,Chuyên Viên Tuyển Dụng Và Đào Tạo,Python,Evaluation Techniques for Machine Learning Models,Ability to evaluate the performance of machine learning models using various techniques.,Evaluation Techniques for Machine Learning Models,10076f12050dc46f,,1.0,1.0
221,Chuyên Viên Tuyển Dụng Và Đào Tạo,Python,Model Selection and Parameter Tuning,Ability to select appropriate models and tune parameters effectively.,Model Selection and Parameter Tuning,c1ca53bf426151b9,,1.0,1.0
221,Chuyên Viên Tuyển Dụng Và Đào Tạo,Python,Neural Networks and Deep Learning,Understanding and application of neural networks and deep learning techniques.,Neural Networks and Deep Learning,7fe2c9301e7afdf1,,1.0,1.0
221,Chuyên Viên Tuyển Dụng Và Đào Tạo,Python,Performance Evaluation Criteria,Understanding and applying criteria to evaluate the performance of machine learning systems.,Performance Evaluation Criteria,85ebd722db3e7b5c,,1.0,1.0
221,Chuyên Viên Tuyển Dụng Và Đào Tạo,Python,Supervised Learning Techniques,Ability to apply supervised learning techniques such as regression and classification.,Supervised Learning Techniques,46538fe2ec191934,,1.0,1.0
221,Chuyên Viên Tuyển Dụng Và Đào Tạo,Python,Unsupervised Learning Techniques,Ability to apply unsupervised learning techniques such as clustering and dimensionality reduction.,Unsupervised Learning Techniques,d3513956c34fe307,,1.0,1.0
221,Chuyên Viên Tuyển Dụng Và Đào Tạo,Python,Classification Methods,Implement classification methods such as decision trees and clustering,Classification Methods,fd93a81ee892ffdc,,1.0,1.0
221,Chuyên Viên Tuyển Dụng Và Đào Tạo,Python,Data Visualization,Use R for data visualization,Data visualization with R,849400c090b5f91a,,1.0,1.0
221,Chuyên Viên Tuyển Dụng Và Đào Tạo,Python,Descriptive Statistical Analysis,Conduct descriptive statistical analysis,Descriptive Statistical Analysis,1e3aa39adcd55a19,,1.0,1.0
221,Chuyên Viên Tuyển Dụng Và Đào Tạo,Python,Ethical Responsibility,Understand and adhere to ethical responsibilities in data analysis,Ethical considerations in data analysis,1e1806628a5ee099,,1.0,1.0
221,Chuyên Viên Tuyển Dụng Và Đào Tạo,Python,Financial Data Analysis,Analyze financial data using advanced methods,Financial Data Analysis,4170f39b7c45ac3f,,1.0,1.0
221,Chuyên Viên Tuyển Dụng Và Đào Tạo,Python,Machine Learning Techniques,Apply machine learning techniques for data analysis,Machine Learning Techniques,fc76c565abf59081,,1.0,1.0
221,Chuyên Viên Tuyển Dụng Và Đào Tạo,Python,R Software Proficiency,Proficient use of R software for data analysis,R Software Proficiency,86a54c043b1cf703,,1.0,1.0
221,Chuyên Viên Tuyển Dụng Và Đào Tạo,Python,Statistical Hypothesis Testing,Perform statistical hypothesis testing,Statistical Hypothesis Testing,f843bd28f37ec7af,,1.0,1.0
221,Chuyên Viên Tuyển Dụng Và Đào Tạo,SQL,Critical Thinking,"Participate in discussions, defend personal opinions, and contribute to group problem-solving.",Participate in group discussions,b0127e8c7738eb69,,1.0,1.0
221,Chuyên Viên Tuyển Dụng Và Đào Tạo,SQL,Data Representation,"Explain and apply methods of data representation in electronic computers, describe components of computer systems.",Data Representation,e4e4a1256b2c80ca,,1.0,1.0
221,Chuyên Viên Tuyển Dụng Và Đào Tạo,SQL,Information and Data Processing,"Describe knowledge about information, data processing, information systems, electronic computers, hardware, software, organization of electronic computers, solving problems with computers.",Information and Data Processing,ae658c64c2eb3c00,,1.0,1.0
221,Chuyên Viên Tuyển Dụng Và Đào Tạo,SQL,Office Application Proficiency,"Proficiently use office applications such as Word, Excel, PowerPoint, and basic programming with Python.",Office Application Proficiency,cf670c697ea9d74d,,1.0,1.0
221,Chuyên Viên Tuyển Dụng Và Đào Tạo,SQL,Python Programming Basics,"Understand basic concepts in Python, data types, operators, expressions, input/output operations, programming structures in Python, and apply them to build simple programs.",Python Programming Basics,04b10f24999a0cca,,1.0,1.0
221,Chuyên Viên Tuyển Dụng Và Đào Tạo,SQL,Windows OS Operations,"Perform operations in Windows operating system and use common office applications like Word, Excel, PowerPoint.",Windows OS Operations,d68b7f91a3d337eb,,1.0,1.0
221,Chuyên Viên Tuyển Dụng Và Đào Tạo,SQL,Classroom Discipline,"Be aware of classroom organization and discipline, follow class rules, and have a sense of cooperation and personal responsibility for activities assigned by instructors.",Classroom Discipline,5cf19e6ef31a3189,,1.0,1.0
221,Chuyên Viên Tuyển Dụng Và Đào Tạo,SQL,Cloud Service Analysis,Analyze the operational mechanisms of cloud services by integrating individual knowledge.,Cloud Service Analysis,a468720e1a5dc0cb,,1.0,1.0
221,Chuyên Viên Tuyển Dụng Và Đào Tạo,SQL,Hadoop Model Explanation,Explain the operation model of Hadoop.,Hadoop Model Explanation,78478926d84635c5,,1.0,1.0
221,Chuyên Viên Tuyển Dụng Và Đào Tạo,SQL,Independent Problem Solving,Develop independent problem-solving abilities and teamwork skills to address specialized issues.,Independent Problem Solving,82a6a9c242eeb57f,,1.0,1.0
221,Chuyên Viên Tuyển Dụng Và Đào Tạo,SQL,Self-directed Learning,Have the ability to self-study and understand materials to complete assigned lessons and assignments.,Self-study and Independent Learning Ability,cc9a4fb8c944a920,,1.0,1.0
221,Chuyên Viên Tuyển Dụng Và Đào Tạo,SQL,Team Collaboration,Collaborate effectively with peers to solve specialized problems within deadlines.,Collaborate with team members,0a0f671c3883b77f,,1.0,1.0
221,Chuyên Viên Tuyển Dụng Và Đào Tạo,SQL,Evaluation Techniques for Machine Learning Models,Ability to evaluate the performance of machine learning models using various techniques.,Evaluation Techniques for Machine Learning Models,10076f12050dc46f,,1.0,1.0
221,Chuyên Viên Tuyển Dụng Và Đào Tạo,SQL,Model Selection and Parameter Tuning,Ability to select appropriate models and tune parameters effectively.,Model Selection and Parameter Tuning,c1ca53bf426151b9,,1.0,1.0
221,Chuyên Viên Tuyển Dụng Và Đào Tạo,SQL,Neural Networks and Deep Learning,Understanding and application of neural networks and deep learning techniques.,Neural Networks and Deep Learning,7fe2c9301e7afdf1,,1.0,1.0
221,Chuyên Viên Tuyển Dụng Và Đào Tạo,SQL,Performance Evaluation Criteria,Understanding and applying criteria to evaluate the performance of machine learning systems.,Performance Evaluation Criteria,85ebd722db3e7b5c,,1.0,1.0
221,Chuyên Viên Tuyển Dụng Và Đào Tạo,SQL,Python Programming,Proficiency in using Python for machine learning tasks.,Python Programming,c44d9221d54651ad,,1.0,1.0
221,Chuyên Viên Tuyển Dụng Và Đào Tạo,SQL,Supervised Learning Techniques,Ability to apply supervised learning techniques such as regression and classification.,Supervised Learning Techniques,46538fe2ec191934,,1.0,1.0
221,Chuyên Viên Tuyển Dụng Và Đào Tạo,SQL,Unsupervised Learning Techniques,Ability to apply unsupervised learning techniques such as clustering and dimensionality reduction.,Unsupervised Learning Techniques,d3513956c34fe307,,1.0,1.0
221,Chuyên Viên Tuyển Dụng Và Đào Tạo,SQL,File Handling,Work with files in Python.,File Handling,d311d55d4cd0fdd8,,1.0,1.0
221,Chuyên Viên Tuyển Dụng Và Đào Tạo,SQL,Functions,Design and implement functions in Python.,Functions,ef7d009c7e812da1,,1.0,1.0
221,Chuyên Viên Tuyển Dụng Và Đào Tạo,SQL,Google Colab,Use Google Colab for Python development.,Google Colab,70f0d3e18d498cc9,,1.0,1.0
221,Chuyên Viên Tuyển Dụng Và Đào Tạo,SQL,Jupyter Notebook,Use Jupyter Notebook for Python development.,Jupyter Notebook,09f25c69a7726d83,,1.0,1.0
221,Chuyên Viên Tuyển Dụng Và Đào Tạo,SQL,Modules,Use modules and packages in Python.,Modules,fbc6c1d4c3b6db8f,,1.0,1.0
221,Chuyên Viên Tuyển Dụng Và Đào Tạo,SQL,PyCharm,Use PyCharm for Python development.,PyCharm,fe798171f07a9d14,,1.0,1.0
221,Chuyên Viên Tuyển Dụng Và Đào Tạo,SQL,Python Libraries,"Utilize Python libraries such as Pandas, Numpy, and Matplotlib for data analysis.",Python Libraries,b79b2b496fa42e37,,1.0,1.0
221,Chuyên Viên Tuyển Dụng Và Đào Tạo,SQL,Variable Handling,Understand and apply variable handling in Python.,Variable Handling,dd23eb36ba0dbe6f,,1.0,1.0
221,Chuyên Viên Tuyển Dụng Và Đào Tạo,SQL,Visual Studio Code,Use Visual Studio Code for Python development.,Visual Studio Code,19034ff2846dd635,,1.0,1.0
221,Chuyên Viên Tuyển Dụng Và Đào Tạo,SQL,Classification Methods,Implement classification methods such as decision trees and clustering,Classification Methods,fd93a81ee892ffdc,,1.0,1.0
221,Chuyên Viên Tuyển Dụng Và Đào Tạo,SQL,Data Visualization,Use R for data visualization,Data visualization with R,849400c090b5f91a,,1.0,1.0
221,Chuyên Viên Tuyển Dụng Và Đào Tạo,SQL,Descriptive Statistical Analysis,Conduct descriptive statistical analysis,Descriptive Statistical Analysis,1e3aa39adcd55a19,,1.0,1.0
221,Chuyên Viên Tuyển Dụng Và Đào Tạo,SQL,Ethical Responsibility,Understand and adhere to ethical responsibilities in data analysis,Ethical considerations in data analysis,1e1806628a5ee099,,1.0,1.0
221,Chuyên Viên Tuyển Dụng Và Đào Tạo,SQL,Financial Data Analysis,Analyze financial data using advanced methods,Financial Data Analysis,4170f39b7c45ac3f,,1.0,1.0
221,Chuyên Viên Tuyển Dụng Và Đào Tạo,SQL,Machine Learning Techniques,Apply machine learning techniques for data analysis,Machine Learning Techniques,fc76c565abf59081,,1.0,1.0
221,Chuyên Viên Tuyển Dụng Và Đào Tạo,SQL,R Software Proficiency,Proficient use of R software for data analysis,R Software Proficiency,86a54c043b1cf703,,1.0,1.0
221,Chuyên Viên Tuyển Dụng Và Đào Tạo,SQL,Statistical Hypothesis Testing,Perform statistical hypothesis testing,Statistical Hypothesis Testing,f843bd28f37ec7af,,1.0,1.0
226,Nhân Viên Kho Cửa Hàng - Làm Part Time Tại Quận 1,database management,Critical Thinking,Apply critical thinking skills to solve complex problems.,Applying Critical Thinking to Solve Practical Problems,f1912dde62fc5adf,,1.0,1.0
226,Nhân Viên Kho Cửa Hàng - Làm Part Time Tại Quận 1,database management,SQL Programming,Write SQL scripts for data manipulation and retrieval.,SQL Programming,3117f8304b70d114,,1.0,1.0
226,Nhân Viên Kho Cửa Hàng - Làm Part Time Tại Quận 1,database management,Stored Procedures Creation,Create stored procedures in SQL Server.,Stored Procedures Creation,51940ce2bc522db7,,1.0,1.0
226,Nhân Viên Kho Cửa Hàng - Làm Part Time Tại Quận 1,database management,Triggers Programming,Program triggers in SQL Server.,Triggers Programming,5d0dad4570c2ec11,,1.0,1.0
226,Nhân Viên Kho Cửa Hàng - Làm Part Time Tại Quận 1,database management,Data Analysis and Information Support,Analyze and synthesize data to provide information support for decision-making processes.,Data Analysis and Information Support,8215ba1a64f8508f,,1.0,1.0
226,Nhân Viên Kho Cửa Hàng - Làm Part Time Tại Quận 1,database management,Independent Work,"Work independently or actively, positively, and effectively in group activities.",Working independently or actively participating in group activities,cb30603c4782dc9b,,1.0,1.0
226,Nhân Viên Kho Cửa Hàng - Làm Part Time Tại Quận 1,database management,SQL Syntax Application,"Apply theoretical models, relational algebra expressions, and SQL syntax to analyze, evaluate, and explain issues related to query optimization and data integrity.",SQL Syntax Application,d190fe4b306f94b0,,1.0,1.0
226,Nhân Viên Kho Cửa Hàng - Làm Part Time Tại Quận 1,database management,Social Responsibility and Professional Ethics,Demonstrate social responsibility and professional ethics in the field of Information Systems Management.,Social responsibility and professional ethics,7744d87d7fa8a642,,1.0,1.0
226,Nhân Viên Kho Cửa Hàng - Làm Part Time Tại Quận 1,database management,Data Relationships,"Understand and explain relationships within databases, normalize data up to 3NF.",Data Relationships,8b53f344b0896cf3,,1.0,1.0
226,Nhân Viên Kho Cửa Hàng - Làm Part Time Tại Quận 1,database management,Independent Work,"Work independently or actively, positively, and effectively in group activities.",Working independently or actively participating in group activities,cb30603c4782dc9b,,1.0,1.0
226,Nhân Viên Kho Cửa Hàng - Làm Part Time Tại Quận 1,database management,Query Optimization,"Apply theories, models, relational algebra expressions, and SQL syntax to analyze, evaluate, and explain query optimization and data integrity issues.",Query Optimization,9aae78751eb7d681,,1.0,1.0
226,Nhân Viên Kho Cửa Hàng - Làm Part Time Tại Quận 1,database management,Social Responsibility,Have social responsibility and professional ethics in the field of information systems management.,Social responsibility and professional ethics,7744d87d7fa8a642,,1.0,1.0
240,Principal AI Architect (English - Onboard after Tet),.Net,Analyzing and Designing Application Functions,"Skill in analyzing, designing, and building application functions for specific problems.",Analyzing and Designing Application Functions,1a068a23de1c5db1,,1.0,1.0
240,Principal AI Architect (English - Onboard after Tet),.Net,Applying Extended Controls with Database Types,Apply extended controls related to different database types.,Applying Extended Controls with Database Types,a1fd5d0e7e61dc35,,1.0,1.0
240,Principal AI Architect (English - Onboard after Tet),.Net,Programming Problem Solving with Appropriate DBMS,Skill and thinking in solving programming problems using appropriate DBMS.,Programming Problem Solving with Appropriate DBMS,bf852ce747431803,,1.0,1.0
240,Principal AI Architect (English - Onboard after Tet),.Net,Self-study and Group Study Ability,Ability to self-study and understand materials individually or in groups.,Self-study and Group Study Ability,236def2ee34680cb,,1.0,1.0
240,Principal AI Architect (English - Onboard after Tet),.Net,Self-study and Independent Learning Ability,Ability to self-study and understand materials to complete assigned tasks.,Self-study and Independent Learning Ability,cc9a4fb8c944a920,,1.0,1.0
240,Principal AI Architect (English - Onboard after Tet),.Net,Data Preprocessing,"Develop skills in searching, processing, analyzing, transforming, and visualizing data using packages such as readr, readxl, dplyr, ggplot2, stringr.",Data Preprocessing,5a945e3f1f8ebe34,,1.0,1.0
240,Principal AI Architect (English - Onboard after Tet),.Net,Model Building with Supervised Learning,"Develop skills in building supervised learning models using R to understand and summarize data, analyze relationships between variables, or build predictive models.",Model Building with Supervised Learning,ce342efd6c8718d4,,1.0,1.0
240,Principal AI Architect (English - Onboard after Tet),.Net,Model Building with Unsupervised Learning,"Develop skills in building unsupervised learning models using R to explore, understand data, cluster data, find values within data, or detect outliers.",Model Building with Unsupervised Learning,bfd6ed0cb961a52d,,1.0,1.0
240,Principal AI Architect (English - Onboard after Tet),.Net,R Programming Language,"Apply R as a programming language and software for data analysis. Understand how to store, manage, process, and analyze data using R.",R Programming Language,c8488bd0bdc39da4,,1.0,1.0
240,Principal AI Architect (English - Onboard after Tet),computer vision,Analyzing and Designing Application Functions,"Skill in analyzing, designing, and building application functions for specific problems.",Analyzing and Designing Application Functions,1a068a23de1c5db1,,1.0,1.0
240,Principal AI Architect (English - Onboard after Tet),computer vision,Applying .Net Programming to Specific Problems,.Net programming thinking applied to specific problems.,Applying .Net Programming to Specific Problems,ffefbf224777e24a,,1.0,1.0
240,Principal AI Architect (English - Onboard after Tet),computer vision,Applying Extended Controls with Database Types,Apply extended controls related to different database types.,Applying Extended Controls with Database Types,a1fd5d0e7e61dc35,,1.0,1.0
240,Principal AI Architect (English - Onboard after Tet),computer vision,Differentiating Control Features in .Net Programming,Distinguish between the characteristics of various controls in .Net programming.,Differentiating Control Features in .Net Programming,c3b6b555f3bf5b9a,,1.0,1.0
240,Principal AI Architect (English - Onboard after Tet),computer vision,Programming Problem Solving with Appropriate DBMS,Skill and thinking in solving programming problems using appropriate DBMS.,Programming Problem Solving with Appropriate DBMS,bf852ce747431803,,1.0,1.0
240,Principal AI Architect (English - Onboard after Tet),computer vision,Self-study and Group Study Ability,Ability to self-study and understand materials individually or in groups.,Self-study and Group Study Ability,236def2ee34680cb,,1.0,1.0
240,Principal AI Architect (English - Onboard after Tet),computer vision,Self-study and Independent Learning Ability,Ability to self-study and understand materials to complete assigned tasks.,Self-study and Independent Learning Ability,cc9a4fb8c944a920,,1.0,1.0
240,Principal AI Architect (English - Onboard after Tet),computer vision,Understanding .Net Programming Approach,"Understand the methods and structures of .Net programming, keywords, and operators.",Understanding .Net Programming Approach,fc7c954dfd351104,,1.0,1.0
240,Principal AI Architect (English - Onboard after Tet),computer vision,Data Preprocessing,"Develop skills in searching, processing, analyzing, transforming, and visualizing data using packages such as readr, readxl, dplyr, ggplot2, stringr.",Data Preprocessing,5a945e3f1f8ebe34,,1.0,1.0
240,Principal AI Architect (English - Onboard after Tet),computer vision,Model Building with Supervised Learning,"Develop skills in building supervised learning models using R to understand and summarize data, analyze relationships between variables, or build predictive models.",Model Building with Supervised Learning,ce342efd6c8718d4,,1.0,1.0
240,Principal AI Architect (English - Onboard after Tet),computer vision,Model Building with Unsupervised Learning,"Develop skills in building unsupervised learning models using R to explore, understand data, cluster data, find values within data, or detect outliers.",Model Building with Unsupervised Learning,bfd6ed0cb961a52d,,1.0,1.0
240,Principal AI Architect (English - Onboard after Tet),computer vision,R Programming Language,"Apply R as a programming language and software for data analysis. Understand how to store, manage, process, and analyze data using R.",R Programming Language,c8488bd0bdc39da4,,1.0,1.0
240,Principal AI Architect (English - Onboard after Tet),data pipelines,Analyzing and Designing Application Functions,"Skill in analyzing, designing, and building application functions for specific problems.",Analyzing and Designing Application Functions,1a068a23de1c5db1,,1.0,1.0
240,Principal AI Architect (English - Onboard after Tet),data pipelines,Applying .Net Programming to Specific Problems,.Net programming thinking applied to specific problems.,Applying .Net Programming to Specific Problems,ffefbf224777e24a,,1.0,1.0
240,Principal AI Architect (English - Onboard after Tet),data pipelines,Applying Extended Controls with Database Types,Apply extended controls related to different database types.,Applying Extended Controls with Database Types,a1fd5d0e7e61dc35,,1.0,1.0
240,Principal AI Architect (English - Onboard after Tet),data pipelines,Differentiating Control Features in .Net Programming,Distinguish between the characteristics of various controls in .Net programming.,Differentiating Control Features in .Net Programming,c3b6b555f3bf5b9a,,1.0,1.0
240,Principal AI Architect (English - Onboard after Tet),data pipelines,Programming Problem Solving with Appropriate DBMS,Skill and thinking in solving programming problems using appropriate DBMS.,Programming Problem Solving with Appropriate DBMS,bf852ce747431803,,1.0,1.0
240,Principal AI Architect (English - Onboard after Tet),data pipelines,Self-study and Group Study Ability,Ability to self-study and understand materials individually or in groups.,Self-study and Group Study Ability,236def2ee34680cb,,1.0,1.0
240,Principal AI Architect (English - Onboard after Tet),data pipelines,Self-study and Independent Learning Ability,Ability to self-study and understand materials to complete assigned tasks.,Self-study and Independent Learning Ability,cc9a4fb8c944a920,,1.0,1.0
240,Principal AI Architect (English - Onboard after Tet),data pipelines,Understanding .Net Programming Approach,"Understand the methods and structures of .Net programming, keywords, and operators.",Understanding .Net Programming Approach,fc7c954dfd351104,,1.0,1.0
240,Principal AI Architect (English - Onboard after Tet),modern data engineering stacks,Analyzing and Designing Application Functions,"Skill in analyzing, designing, and building application functions for specific problems.",Analyzing and Designing Application Functions,1a068a23de1c5db1,,1.0,1.0
240,Principal AI Architect (English - Onboard after Tet),modern data engineering stacks,Applying .Net Programming to Specific Problems,.Net programming thinking applied to specific problems.,Applying .Net Programming to Specific Problems,ffefbf224777e24a,,1.0,1.0
240,Principal AI Architect (English - Onboard after Tet),modern data engineering stacks,Applying Extended Controls with Database Types,Apply extended controls related to different database types.,Applying Extended Controls with Database Types,a1fd5d0e7e61dc35,,1.0,1.0
240,Principal AI Architect (English - Onboard after Tet),modern data engineering stacks,Differentiating Control Features in .Net Programming,Distinguish between the characteristics of various controls in .Net programming.,Differentiating Control Features in .Net Programming,c3b6b555f3bf5b9a,,1.0,1.0
240,Principal AI Architect (English - Onboard after Tet),modern data engineering stacks,Programming Problem Solving with Appropriate DBMS,Skill and thinking in solving programming problems using appropriate DBMS.,Programming Problem Solving with Appropriate DBMS,bf852ce747431803,,1.0,1.0
240,Principal AI Architect (English - Onboard after Tet),modern data engineering stacks,Self-study and Group Study Ability,Ability to self-study and understand materials individually or in groups.,Self-study and Group Study Ability,236def2ee34680cb,,1.0,1.0
240,Principal AI Architect (English - Onboard after Tet),modern data engineering stacks,Self-study and Independent Learning Ability,Ability to self-study and understand materials to complete assigned tasks.,Self-study and Independent Learning Ability,cc9a4fb8c944a920,,1.0,1.0
240,Principal AI Architect (English - Onboard after Tet),modern data engineering stacks,Understanding .Net Programming Approach,"Understand the methods and structures of .Net programming, keywords, and operators.",Understanding .Net Programming Approach,fc7c954dfd351104,,1.0,1.0
435,Thiết Kế UI/UX (App Mobile),AI,Classify problem-solving methods using search techniques,Understand and apply different search methods to solve problems,Classify problem-solving methods using search techniques,3f94ee8cee575d9c,,1.0,1.0
435,Thiết Kế UI/UX (App Mobile),AI,Differentiate knowledge representation and processing methods,Analyze and apply various knowledge representation and processing techniques,Differentiate knowledge representation and processing methods,09fc390dd8c41a23,,1.0,1.0
435,Thiết Kế UI/UX (App Mobile),Material Design,Classify problem-solving methods using search techniques,Understand and apply different search methods to solve problems,Classify problem-solving methods using search techniques,3f94ee8cee575d9c,,1.0,1.0
435,Thiết Kế UI/UX (App Mobile),Material Design,"Combine searching, modeling, and solving techniques","Integrate searching, modeling, and solving techniques to address AI problems","Combine searching, modeling, and solving techniques",81a37ade205f3554,,1.0,1.0
435,Thiết Kế UI/UX (App Mobile),Material Design,Differentiate knowledge representation and processing methods,Analyze and apply various knowledge representation and processing techniques,Differentiate knowledge representation and processing methods,09fc390dd8c41a23,,1.0,1.0
435,Thiết Kế UI/UX (App Mobile),Material Design,Differentiate modern AI techniques,"Apply modern AI techniques such as machine learning, neural networks, fuzzy logic, genetic algorithms, and data mining",Differentiate modern AI techniques,f23d28761d76eb43,,1.0,1.0
435,Thiết Kế UI/UX (App Mobile),Material Design,Identify basic problems in AI,Recognize various research areas in AI and their roles in human perception,Identify basic problems in AI,5d9de9c43fd6503d,,1.0,1.0
435,Thiết Kế UI/UX (App Mobile),Material Design,Research and develop AI applications,Conduct research and develop practical AI applications,Research and develop AI applications,50779cd6819806ac,,1.0,1.0
468,Sale Admin,Access,Cluster Analysis,Execute cluster analysis on various types of data.,Cluster analysis,5a5dacedfcde3236,,1.0,1.0
468,Sale Admin,Access,Correspondence Analysis,Perform correspondence analysis using statistical software.,Correspondence Analysis,4661ad42e11b8f94,,1.0,1.0
468,Sale Admin,Access,Ethical Considerations,Understand ethical considerations in statistical analysis.,Ethical Considerations,cc0d48e0dc213d71,,1.0,1.0
468,Sale Admin,Access,Multivariate Analysis,Apply multivariate analysis techniques to real-world datasets.,Multivariate Analysis,a0bde9ec3487f93c,,1.0,1.0
468,Sale Admin,Access,Principle Component Analysis,Conduct principal component analysis using statistical software.,Principal Component Analysis,444b1ac20f79edd4,,1.0,1.0
468,Sale Admin,Access,Statistical Modeling,Systematize foundational knowledge about statistical modeling methods.,Statistical Modeling,5ec6026cc87d9008,,1.0,1.0
468,Sale Admin,Access,Statistical Software Proficiency,Achieve proficiency in using statistical software for data analysis.,Statistical Software Proficiency,042082e84a565356,,1.0,1.0
468,Sale Admin,Access,Canonical Correlation Analysis,Perform Canonical Correlation Analysis on multivariate data.,Canonical Correlation Analysis,e0489dac11287183,,1.0,1.0
468,Sale Admin,Access,Dimensionality Reduction Techniques,Evaluate and explain models and results from dimensionality reduction techniques.,Dimensionality Reduction Techniques,5294c5f12f154d34,,1.0,1.0
468,Sale Admin,Access,Principal Component Analysis,Implement Principal Component Analysis using statistical software.,Principal Component Analysis,444b1ac20f79edd4,,1.0,1.0
468,Sale Admin,Access,Analytic Hierarchy Process (AHP),Explain AHP results,Analytic Hierarchy Process (AHP),cf15fe4638351fe1,,1.0,1.0
468,Sale Admin,Access,Cluster Analysis,Systematize foundational knowledge about cluster analysis methods,Cluster analysis,5a5dacedfcde3236,,1.0,1.0
468,Sale Admin,Access,Decision Trees,Explain decision tree results,Decision Trees,c20afc2fad96af57,,1.0,1.0
468,Sale Admin,Access,Discriminant Analysis,Explain discriminant analysis results,Discriminant Analysis,044c44f2396b100e,,1.0,1.0
468,Sale Admin,Access,Hierarchical Clustering,Explain hierarchical clustering results,Hierarchical Clustering,53a20b249f1c6b69,,1.0,1.0
468,Sale Admin,Access,K-Means Clustering,Explain K-Means clustering results,K-Means Clustering,a611f4a6074b27a5,,1.0,1.0
468,Sale Admin,Access,K-Modes Clustering,Explain K-Modes clustering results,K-Modes Clustering,e5e0b05b6690c4c2,,1.0,1.0
468,Sale Admin,Access,K-Prototypes Clustering,Explain K-Prototypes clustering results,K-Prototypes Clustering,719ddec0185689ff,,1.0,1.0
468,Sale Admin,Access,Random Forest,Explain random forest results,Random Forest,dc25bdcdacc10587,,1.0,1.0
468,Sale Admin,Access,TOPSIS Method,Explain TOPSIS method results,TOPSIS Method,189c84c0fff65673,,1.0,1.0
468,Sale Admin,Data analysis,Statistical Modeling,Systematize foundational knowledge about statistical modeling methods.,Statistical Modeling,5ec6026cc87d9008,,1.0,1.0
468,Sale Admin,Data analysis,Dimensionality Reduction Techniques,Evaluate and explain models and results from dimensionality reduction techniques.,Dimensionality Reduction Techniques,5294c5f12f154d34,,1.0,1.0
468,Sale Admin,Data analysis,Analytic Hierarchy Process (AHP),Explain AHP results,Analytic Hierarchy Process (AHP),cf15fe4638351fe1,,1.0,1.0
468,Sale Admin,Data analysis,Decision Trees,Explain decision tree results,Decision Trees,c20afc2fad96af57,,1.0,1.0
468,Sale Admin,Data analysis,Hierarchical Clustering,Explain hierarchical clustering results,Hierarchical Clustering,53a20b249f1c6b69,,1.0,1.0
468,Sale Admin,Data analysis,K-Means Clustering,Explain K-Means clustering results,K-Means Clustering,a611f4a6074b27a5,,1.0,1.0
468,Sale Admin,Data analysis,K-Modes Clustering,Explain K-Modes clustering results,K-Modes Clustering,e5e0b05b6690c4c2,,1.0,1.0
468,Sale Admin,Data analysis,K-Prototypes Clustering,Explain K-Prototypes clustering results,K-Prototypes Clustering,719ddec0185689ff,,1.0,1.0
468,Sale Admin,Data analysis,Random Forest,Explain random forest results,Random Forest,dc25bdcdacc10587,,1.0,1.0
468,Sale Admin,Data analysis,TOPSIS Method,Explain TOPSIS method results,TOPSIS Method,189c84c0fff65673,,1.0,1.0
468,Sale Admin,Interpreting,Cluster Analysis,Execute cluster analysis on various types of data.,Cluster analysis,5a5dacedfcde3236,,1.0,1.0
468,Sale Admin,Interpreting,Correspondence Analysis,Perform correspondence analysis using statistical software.,Correspondence Analysis,4661ad42e11b8f94,,1.0,1.0
468,Sale Admin,Interpreting,Ethical Considerations,Understand ethical considerations in statistical analysis.,Ethical Considerations,cc0d48e0dc213d71,,1.0,1.0
468,Sale Admin,Interpreting,Multivariate Analysis,Apply multivariate analysis techniques to real-world datasets.,Multivariate Analysis,a0bde9ec3487f93c,,1.0,1.0
468,Sale Admin,Interpreting,Principle Component Analysis,Conduct principal component analysis using statistical software.,Principal Component Analysis,444b1ac20f79edd4,,1.0,1.0
468,Sale Admin,Interpreting,Statistical Modeling,Systematize foundational knowledge about statistical modeling methods.,Statistical Modeling,5ec6026cc87d9008,,1.0,1.0
468,Sale Admin,Interpreting,Statistical Software Proficiency,Achieve proficiency in using statistical software for data analysis.,Statistical Software Proficiency,042082e84a565356,,1.0,1.0
468,Sale Admin,Interpreting,Canonical Correlation Analysis,Perform Canonical Correlation Analysis on multivariate data.,Canonical Correlation Analysis,e0489dac11287183,,1.0,1.0
468,Sale Admin,Interpreting,Dimensionality Reduction Techniques,Evaluate and explain models and results from dimensionality reduction techniques.,Dimensionality Reduction Techniques,5294c5f12f154d34,,1.0,1.0
468,Sale Admin,Interpreting,Principal Component Analysis,Implement Principal Component Analysis using statistical software.,Principal Component Analysis,444b1ac20f79edd4,,1.0,1.0
468,Sale Admin,Interpreting,Analytic Hierarchy Process (AHP),Explain AHP results,Analytic Hierarchy Process (AHP),cf15fe4638351fe1,,1.0,1.0
468,Sale Admin,Interpreting,Cluster Analysis,Systematize foundational knowledge about cluster analysis methods,Cluster analysis,5a5dacedfcde3236,,1.0,1.0
468,Sale Admin,Interpreting,Decision Trees,Explain decision tree results,Decision Trees,c20afc2fad96af57,,1.0,1.0
468,Sale Admin,Interpreting,Discriminant Analysis,Explain discriminant analysis results,Discriminant Analysis,044c44f2396b100e,,1.0,1.0
468,Sale Admin,Interpreting,Hierarchical Clustering,Explain hierarchical clustering results,Hierarchical Clustering,53a20b249f1c6b69,,1.0,1.0
468,Sale Admin,Interpreting,K-Means Clustering,Explain K-Means clustering results,K-Means Clustering,a611f4a6074b27a5,,1.0,1.0
468,Sale Admin,Interpreting,K-Modes Clustering,Explain K-Modes clustering results,K-Modes Clustering,e5e0b05b6690c4c2,,1.0,1.0
468,Sale Admin,Interpreting,K-Prototypes Clustering,Explain K-Prototypes clustering results,K-Prototypes Clustering,719ddec0185689ff,,1.0,1.0
468,Sale Admin,Interpreting,Random Forest,Explain random forest results,Random Forest,dc25bdcdacc10587,,1.0,1.0
468,Sale Admin,Interpreting,TOPSIS Method,Explain TOPSIS method results,TOPSIS Method,189c84c0fff65673,,1.0,1.0
468,Sale Admin,Reports,Cluster Analysis,Execute cluster analysis on various types of data.,Cluster analysis,5a5dacedfcde3236,,1.0,1.0
468,Sale Admin,Reports,Correspondence Analysis,Perform correspondence analysis using statistical software.,Correspondence Analysis,4661ad42e11b8f94,,1.0,1.0
468,Sale Admin,Reports,Ethical Considerations,Understand ethical considerations in statistical analysis.,Ethical Considerations,cc0d48e0dc213d71,,1.0,1.0
468,Sale Admin,Reports,Multivariate Analysis,Apply multivariate analysis techniques to real-world datasets.,Multivariate Analysis,a0bde9ec3487f93c,,1.0,1.0
468,Sale Admin,Reports,Principle Component Analysis,Conduct principal component analysis using statistical software.,Principal Component Analysis,444b1ac20f79edd4,,1.0,1.0
468,Sale Admin,Reports,Statistical Modeling,Systematize foundational knowledge about statistical modeling methods.,Statistical Modeling,5ec6026cc87d9008,,1.0,1.0
468,Sale Admin,Reports,Statistical Software Proficiency,Achieve proficiency in using statistical software for data analysis.,Statistical Software Proficiency,042082e84a565356,,1.0,1.0
468,Sale Admin,Reports,Canonical Correlation Analysis,Perform Canonical Correlation Analysis on multivariate data.,Canonical Correlation Analysis,e0489dac11287183,,1.0,1.0
468,Sale Admin,Reports,Dimensionality Reduction Techniques,Evaluate and explain models and results from dimensionality reduction techniques.,Dimensionality Reduction Techniques,5294c5f12f154d34,,1.0,1.0
468,Sale Admin,Reports,Principal Component Analysis,Implement Principal Component Analysis using statistical software.,Principal Component Analysis,444b1ac20f79edd4,,1.0,1.0
468,Sale Admin,Reports,Analytic Hierarchy Process (AHP),Explain AHP results,Analytic Hierarchy Process (AHP),cf15fe4638351fe1,,1.0,1.0
468,Sale Admin,Reports,Cluster Analysis,Systematize foundational knowledge about cluster analysis methods,Cluster analysis,5a5dacedfcde3236,,1.0,1.0
468,Sale Admin,Reports,Decision Trees,Explain decision tree results,Decision Trees,c20afc2fad96af57,,1.0,1.0
468,Sale Admin,Reports,Discriminant Analysis,Explain discriminant analysis results,Discriminant Analysis,044c44f2396b100e,,1.0,1.0
468,Sale Admin,Reports,Hierarchical Clustering,Explain hierarchical clustering results,Hierarchical Clustering,53a20b249f1c6b69,,1.0,1.0
468,Sale Admin,Reports,K-Means Clustering,Explain K-Means clustering results,K-Means Clustering,a611f4a6074b27a5,,1.0,1.0
468,Sale Admin,Reports,K-Modes Clustering,Explain K-Modes clustering results,K-Modes Clustering,e5e0b05b6690c4c2,,1.0,1.0
468,Sale Admin,Reports,K-Prototypes Clustering,Explain K-Prototypes clustering results,K-Prototypes Clustering,719ddec0185689ff,,1.0,1.0
468,Sale Admin,Reports,Random Forest,Explain random forest results,Random Forest,dc25bdcdacc10587,,1.0,1.0
468,Sale Admin,Reports,TOPSIS Method,Explain TOPSIS method results,TOPSIS Method,189c84c0fff65673,,1.0,1.0
55,"Back End Developer (Java, MySQL, Spring)",AWS,Classroom Discipline,"Be aware of classroom organization and discipline, follow class rules, and have a sense of cooperation and personal responsibility for activities assigned by instructors.",Classroom Discipline,5cf19e6ef31a3189,,1.0,1.0
55,"Back End Developer (Java, MySQL, Spring)",AWS,Hadoop Model Explanation,Explain the operation model of Hadoop.,Hadoop Model Explanation,78478926d84635c5,,1.0,1.0
55,"Back End Developer (Java, MySQL, Spring)",AWS,Independent Problem Solving,Develop independent problem-solving abilities and teamwork skills to address specialized issues.,Independent Problem Solving,82a6a9c242eeb57f,,1.0,1.0
55,"Back End Developer (Java, MySQL, Spring)",AWS,Self-directed Learning,Have the ability to self-study and understand materials to complete assigned lessons and assignments.,Self-study and Independent Learning Ability,cc9a4fb8c944a920,,1.0,1.0
55,"Back End Developer (Java, MySQL, Spring)",AWS,Team Collaboration,Collaborate effectively with peers to solve specialized problems within deadlines.,Collaborate with team members,0a0f671c3883b77f,,1.0,1.0
55,"Back End Developer (Java, MySQL, Spring)",AWS,Data Analysis and Information Support,Analyze and synthesize data to provide information support for decision-making processes.,Data Analysis and Information Support,8215ba1a64f8508f,,1.0,1.0
55,"Back End Developer (Java, MySQL, Spring)",AWS,Database Management System Concepts,"Understand fundamental concepts of database management systems including indexing, views, triggers, stored procedures, user management, and data security.",Database Management System Concepts,26b97749bed6a730,,1.0,1.0
55,"Back End Developer (Java, MySQL, Spring)",AWS,Database Querying,Understand basic to advanced concepts of database querying.,Database Querying,bebe8fe7d553f62f,,1.0,1.0
55,"Back End Developer (Java, MySQL, Spring)",AWS,Independent Work,"Work independently or actively, positively, and effectively in group activities.",Working independently or actively participating in group activities,cb30603c4782dc9b,,1.0,1.0
55,"Back End Developer (Java, MySQL, Spring)",AWS,Normalized Database Design,Design databases up to 5NF normalization level and apply basic principles of database design processes for operational activities.,Normalized Database Design,d2e8f7ed4f19bed2,,1.0,1.0
55,"Back End Developer (Java, MySQL, Spring)",AWS,SQL Syntax Application,"Apply theoretical models, relational algebra expressions, and SQL syntax to analyze, evaluate, and explain issues related to query optimization and data integrity.",SQL Syntax Application,d190fe4b306f94b0,,1.0,1.0
55,"Back End Developer (Java, MySQL, Spring)",AWS,Social Responsibility and Professional Ethics,Demonstrate social responsibility and professional ethics in the field of Information Systems Management.,Social responsibility and professional ethics,7744d87d7fa8a642,,1.0,1.0
55,"Back End Developer (Java, MySQL, Spring)",AWS,Data Relationships,"Understand and explain relationships within databases, normalize data up to 3NF.",Data Relationships,8b53f344b0896cf3,,1.0,1.0
55,"Back End Developer (Java, MySQL, Spring)",AWS,Database Design,Design databases according to normalization standards and apply basic principles of database design processes for operational activities.,Database Design Principles,9a930353bd438a0e,,1.0,1.0
55,"Back End Developer (Java, MySQL, Spring)",AWS,Independent Work,"Work independently or actively, positively, and effectively in group activities.",Working independently or actively participating in group activities,cb30603c4782dc9b,,1.0,1.0
55,"Back End Developer (Java, MySQL, Spring)",AWS,Query Optimization,"Apply theories, models, relational algebra expressions, and SQL syntax to analyze, evaluate, and explain query optimization and data integrity issues.",Query Optimization,9aae78751eb7d681,,1.0,1.0
55,"Back End Developer (Java, MySQL, Spring)",AWS,Social Responsibility,Have social responsibility and professional ethics in the field of information systems management.,Social responsibility and professional ethics,7744d87d7fa8a642,,1.0,1.0
55,"Back End Developer (Java, MySQL, Spring)",GCP,Classroom Discipline,"Be aware of classroom organization and discipline, follow class rules, and have a sense of cooperation and personal responsibility for activities assigned by instructors.",Classroom Discipline,5cf19e6ef31a3189,,1.0,1.0
55,"Back End Developer (Java, MySQL, Spring)",GCP,Cloud Service Analysis,Analyze the operational mechanisms of cloud services by integrating individual knowledge.,Cloud Service Analysis,a468720e1a5dc0cb,,1.0,1.0
55,"Back End Developer (Java, MySQL, Spring)",GCP,Hadoop Model Explanation,Explain the operation model of Hadoop.,Hadoop Model Explanation,78478926d84635c5,,1.0,1.0
55,"Back End Developer (Java, MySQL, Spring)",GCP,Independent Problem Solving,Develop independent problem-solving abilities and teamwork skills to address specialized issues.,Independent Problem Solving,82a6a9c242eeb57f,,1.0,1.0
55,"Back End Developer (Java, MySQL, Spring)",GCP,Self-directed Learning,Have the ability to self-study and understand materials to complete assigned lessons and assignments.,Self-study and Independent Learning Ability,cc9a4fb8c944a920,,1.0,1.0
55,"Back End Developer (Java, MySQL, Spring)",GCP,Team Collaboration,Collaborate effectively with peers to solve specialized problems within deadlines.,Collaborate with team members,0a0f671c3883b77f,,1.0,1.0
55,"Back End Developer (Java, MySQL, Spring)",GCP,Data Analysis and Information Support,Analyze and synthesize data to provide information support for decision-making processes.,Data Analysis and Information Support,8215ba1a64f8508f,,1.0,1.0
55,"Back End Developer (Java, MySQL, Spring)",GCP,Database Management System Concepts,"Understand fundamental concepts of database management systems including indexing, views, triggers, stored procedures, user management, and data security.",Database Management System Concepts,26b97749bed6a730,,1.0,1.0
55,"Back End Developer (Java, MySQL, Spring)",GCP,Database Querying,Understand basic to advanced concepts of database querying.,Database Querying,bebe8fe7d553f62f,,1.0,1.0
55,"Back End Developer (Java, MySQL, Spring)",GCP,Independent Work,"Work independently or actively, positively, and effectively in group activities.",Working independently or actively participating in group activities,cb30603c4782dc9b,,1.0,1.0
55,"Back End Developer (Java, MySQL, Spring)",GCP,Normalized Database Design,Design databases up to 5NF normalization level and apply basic principles of database design processes for operational activities.,Normalized Database Design,d2e8f7ed4f19bed2,,1.0,1.0
55,"Back End Developer (Java, MySQL, Spring)",GCP,SQL Syntax Application,"Apply theoretical models, relational algebra expressions, and SQL syntax to analyze, evaluate, and explain issues related to query optimization and data integrity.",SQL Syntax Application,d190fe4b306f94b0,,1.0,1.0
55,"Back End Developer (Java, MySQL, Spring)",GCP,Social Responsibility and Professional Ethics,Demonstrate social responsibility and professional ethics in the field of Information Systems Management.,Social responsibility and professional ethics,7744d87d7fa8a642,,1.0,1.0
55,"Back End Developer (Java, MySQL, Spring)",GCP,Data Relationships,"Understand and explain relationships within databases, normalize data up to 3NF.",Data Relationships,8b53f344b0896cf3,,1.0,1.0
55,"Back End Developer (Java, MySQL, Spring)",GCP,Database Design,Design databases according to normalization standards and apply basic principles of database design processes for operational activities.,Database Design Principles,9a930353bd438a0e,,1.0,1.0
55,"Back End Developer (Java, MySQL, Spring)",GCP,Independent Work,"Work independently or actively, positively, and effectively in group activities.",Working independently or actively participating in group activities,cb30603c4782dc9b,,1.0,1.0
55,"Back End Developer (Java, MySQL, Spring)",GCP,Query Optimization,"Apply theories, models, relational algebra expressions, and SQL syntax to analyze, evaluate, and explain query optimization and data integrity issues.",Query Optimization,9aae78751eb7d681,,1.0,1.0
55,"Back End Developer (Java, MySQL, Spring)",GCP,Social Responsibility,Have social responsibility and professional ethics in the field of information systems management.,Social responsibility and professional ethics,7744d87d7fa8a642,,1.0,1.0
55,"Back End Developer (Java, MySQL, Spring)",GO,Classroom Discipline,"Be aware of classroom organization and discipline, follow class rules, and have a sense of cooperation and personal responsibility for activities assigned by instructors.",Classroom Discipline,5cf19e6ef31a3189,,1.0,1.0
55,"Back End Developer (Java, MySQL, Spring)",GO,Cloud Service Analysis,Analyze the operational mechanisms of cloud services by integrating individual knowledge.,Cloud Service Analysis,a468720e1a5dc0cb,,1.0,1.0
55,"Back End Developer (Java, MySQL, Spring)",GO,Hadoop Model Explanation,Explain the operation model of Hadoop.,Hadoop Model Explanation,78478926d84635c5,,1.0,1.0
55,"Back End Developer (Java, MySQL, Spring)",GO,Independent Problem Solving,Develop independent problem-solving abilities and teamwork skills to address specialized issues.,Independent Problem Solving,82a6a9c242eeb57f,,1.0,1.0
55,"Back End Developer (Java, MySQL, Spring)",GO,Self-directed Learning,Have the ability to self-study and understand materials to complete assigned lessons and assignments.,Self-study and Independent Learning Ability,cc9a4fb8c944a920,,1.0,1.0
55,"Back End Developer (Java, MySQL, Spring)",GO,Team Collaboration,Collaborate effectively with peers to solve specialized problems within deadlines.,Collaborate with team members,0a0f671c3883b77f,,1.0,1.0
55,"Back End Developer (Java, MySQL, Spring)",GO,Data Analysis and Information Support,Analyze and synthesize data to provide information support for decision-making processes.,Data Analysis and Information Support,8215ba1a64f8508f,,1.0,1.0
55,"Back End Developer (Java, MySQL, Spring)",GO,Database Management System Concepts,"Understand fundamental concepts of database management systems including indexing, views, triggers, stored procedures, user management, and data security.",Database Management System Concepts,26b97749bed6a730,,1.0,1.0
55,"Back End Developer (Java, MySQL, Spring)",GO,Database Querying,Understand basic to advanced concepts of database querying.,Database Querying,bebe8fe7d553f62f,,1.0,1.0
55,"Back End Developer (Java, MySQL, Spring)",GO,Independent Work,"Work independently or actively, positively, and effectively in group activities.",Working independently or actively participating in group activities,cb30603c4782dc9b,,1.0,1.0
55,"Back End Developer (Java, MySQL, Spring)",GO,Normalized Database Design,Design databases up to 5NF normalization level and apply basic principles of database design processes for operational activities.,Normalized Database Design,d2e8f7ed4f19bed2,,1.0,1.0
55,"Back End Developer (Java, MySQL, Spring)",GO,SQL Syntax Application,"Apply theoretical models, relational algebra expressions, and SQL syntax to analyze, evaluate, and explain issues related to query optimization and data integrity.",SQL Syntax Application,d190fe4b306f94b0,,1.0,1.0
55,"Back End Developer (Java, MySQL, Spring)",GO,Social Responsibility and Professional Ethics,Demonstrate social responsibility and professional ethics in the field of Information Systems Management.,Social responsibility and professional ethics,7744d87d7fa8a642,,1.0,1.0
55,"Back End Developer (Java, MySQL, Spring)",GO,Data Relationships,"Understand and explain relationships within databases, normalize data up to 3NF.",Data Relationships,8b53f344b0896cf3,,1.0,1.0
55,"Back End Developer (Java, MySQL, Spring)",GO,Database Design,Design databases according to normalization standards and apply basic principles of database design processes for operational activities.,Database Design Principles,9a930353bd438a0e,,1.0,1.0
55,"Back End Developer (Java, MySQL, Spring)",GO,Independent Work,"Work independently or actively, positively, and effectively in group activities.",Working independently or actively participating in group activities,cb30603c4782dc9b,,1.0,1.0
55,"Back End Developer (Java, MySQL, Spring)",GO,Query Optimization,"Apply theories, models, relational algebra expressions, and SQL syntax to analyze, evaluate, and explain query optimization and data integrity issues.",Query Optimization,9aae78751eb7d681,,1.0,1.0
55,"Back End Developer (Java, MySQL, Spring)",GO,Social Responsibility,Have social responsibility and professional ethics in the field of information systems management.,Social responsibility and professional ethics,7744d87d7fa8a642,,1.0,1.0
55,"Back End Developer (Java, MySQL, Spring)",Kubernetes,Classroom Discipline,"Be aware of classroom organization and discipline, follow class rules, and have a sense of cooperation and personal responsibility for activities assigned by instructors.",Classroom Discipline,5cf19e6ef31a3189,,1.0,1.0
55,"Back End Developer (Java, MySQL, Spring)",Kubernetes,Cloud Service Analysis,Analyze the operational mechanisms of cloud services by integrating individual knowledge.,Cloud Service Analysis,a468720e1a5dc0cb,,1.0,1.0
55,"Back End Developer (Java, MySQL, Spring)",Kubernetes,Hadoop Model Explanation,Explain the operation model of Hadoop.,Hadoop Model Explanation,78478926d84635c5,,1.0,1.0
55,"Back End Developer (Java, MySQL, Spring)",Kubernetes,Independent Problem Solving,Develop independent problem-solving abilities and teamwork skills to address specialized issues.,Independent Problem Solving,82a6a9c242eeb57f,,1.0,1.0
55,"Back End Developer (Java, MySQL, Spring)",Kubernetes,Self-directed Learning,Have the ability to self-study and understand materials to complete assigned lessons and assignments.,Self-study and Independent Learning Ability,cc9a4fb8c944a920,,1.0,1.0
55,"Back End Developer (Java, MySQL, Spring)",Kubernetes,Team Collaboration,Collaborate effectively with peers to solve specialized problems within deadlines.,Collaborate with team members,0a0f671c3883b77f,,1.0,1.0
55,"Back End Developer (Java, MySQL, Spring)",Kubernetes,Data Analysis and Information Support,Analyze and synthesize data to provide information support for decision-making processes.,Data Analysis and Information Support,8215ba1a64f8508f,,1.0,1.0
55,"Back End Developer (Java, MySQL, Spring)",Kubernetes,Database Management System Concepts,"Understand fundamental concepts of database management systems including indexing, views, triggers, stored procedures, user management, and data security.",Database Management System Concepts,26b97749bed6a730,,1.0,1.0
55,"Back End Developer (Java, MySQL, Spring)",Kubernetes,Database Querying,Understand basic to advanced concepts of database querying.,Database Querying,bebe8fe7d553f62f,,1.0,1.0
55,"Back End Developer (Java, MySQL, Spring)",Kubernetes,Independent Work,"Work independently or actively, positively, and effectively in group activities.",Working independently or actively participating in group activities,cb30603c4782dc9b,,1.0,1.0
55,"Back End Developer (Java, MySQL, Spring)",Kubernetes,Normalized Database Design,Design databases up to 5NF normalization level and apply basic principles of database design processes for operational activities.,Normalized Database Design,d2e8f7ed4f19bed2,,1.0,1.0
55,"Back End Developer (Java, MySQL, Spring)",Kubernetes,SQL Syntax Application,"Apply theoretical models, relational algebra expressions, and SQL syntax to analyze, evaluate, and explain issues related to query optimization and data integrity.",SQL Syntax Application,d190fe4b306f94b0,,1.0,1.0
55,"Back End Developer (Java, MySQL, Spring)",Kubernetes,Social Responsibility and Professional Ethics,Demonstrate social responsibility and professional ethics in the field of Information Systems Management.,Social responsibility and professional ethics,7744d87d7fa8a642,,1.0,1.0
55,"Back End Developer (Java, MySQL, Spring)",Kubernetes,Data Relationships,"Understand and explain relationships within databases, normalize data up to 3NF.",Data Relationships,8b53f344b0896cf3,,1.0,1.0
55,"Back End Developer (Java, MySQL, Spring)",Kubernetes,Database Design,Design databases according to normalization standards and apply basic principles of database design processes for operational activities.,Database Design Principles,9a930353bd438a0e,,1.0,1.0
55,"Back End Developer (Java, MySQL, Spring)",Kubernetes,Independent Work,"Work independently or actively, positively, and effectively in group activities.",Working independently or actively participating in group activities,cb30603c4782dc9b,,1.0,1.0
55,"Back End Developer (Java, MySQL, Spring)",Kubernetes,Query Optimization,"Apply theories, models, relational algebra expressions, and SQL syntax to analyze, evaluate, and explain query optimization and data integrity issues.",Query Optimization,9aae78751eb7d681,,1.0,1.0
55,"Back End Developer (Java, MySQL, Spring)",Kubernetes,Social Responsibility,Have social responsibility and professional ethics in the field of information systems management.,Social responsibility and professional ethics,7744d87d7fa8a642,,1.0,1.0
55,"Back End Developer (Java, MySQL, Spring)",MongoDB,Classroom Discipline,"Be aware of classroom organization and discipline, follow class rules, and have a sense of cooperation and personal responsibility for activities assigned by instructors.",Classroom Discipline,5cf19e6ef31a3189,,1.0,1.0
55,"Back End Developer (Java, MySQL, Spring)",MongoDB,Cloud Service Analysis,Analyze the operational mechanisms of cloud services by integrating individual knowledge.,Cloud Service Analysis,a468720e1a5dc0cb,,1.0,1.0
55,"Back End Developer (Java, MySQL, Spring)",MongoDB,Hadoop Model Explanation,Explain the operation model of Hadoop.,Hadoop Model Explanation,78478926d84635c5,,1.0,1.0
55,"Back End Developer (Java, MySQL, Spring)",MongoDB,Independent Problem Solving,Develop independent problem-solving abilities and teamwork skills to address specialized issues.,Independent Problem Solving,82a6a9c242eeb57f,,1.0,1.0
55,"Back End Developer (Java, MySQL, Spring)",MongoDB,Self-directed Learning,Have the ability to self-study and understand materials to complete assigned lessons and assignments.,Self-study and Independent Learning Ability,cc9a4fb8c944a920,,1.0,1.0
55,"Back End Developer (Java, MySQL, Spring)",MongoDB,Team Collaboration,Collaborate effectively with peers to solve specialized problems within deadlines.,Collaborate with team members,0a0f671c3883b77f,,1.0,1.0
55,"Back End Developer (Java, MySQL, Spring)",MongoDB,Data Analysis and Information Support,Analyze and synthesize data to provide information support for decision-making processes.,Data Analysis and Information Support,8215ba1a64f8508f,,1.0,1.0
55,"Back End Developer (Java, MySQL, Spring)",MongoDB,Database Management System Concepts,"Understand fundamental concepts of database management systems including indexing, views, triggers, stored procedures, user management, and data security.",Database Management System Concepts,26b97749bed6a730,,1.0,1.0
55,"Back End Developer (Java, MySQL, Spring)",MongoDB,Database Querying,Understand basic to advanced concepts of database querying.,Database Querying,bebe8fe7d553f62f,,1.0,1.0
55,"Back End Developer (Java, MySQL, Spring)",MongoDB,Independent Work,"Work independently or actively, positively, and effectively in group activities.",Working independently or actively participating in group activities,cb30603c4782dc9b,,1.0,1.0
55,"Back End Developer (Java, MySQL, Spring)",MongoDB,Normalized Database Design,Design databases up to 5NF normalization level and apply basic principles of database design processes for operational activities.,Normalized Database Design,d2e8f7ed4f19bed2,,1.0,1.0
55,"Back End Developer (Java, MySQL, Spring)",MongoDB,SQL Syntax Application,"Apply theoretical models, relational algebra expressions, and SQL syntax to analyze, evaluate, and explain issues related to query optimization and data integrity.",SQL Syntax Application,d190fe4b306f94b0,,1.0,1.0
55,"Back End Developer (Java, MySQL, Spring)",MongoDB,Social Responsibility and Professional Ethics,Demonstrate social responsibility and professional ethics in the field of Information Systems Management.,Social responsibility and professional ethics,7744d87d7fa8a642,,1.0,1.0
55,"Back End Developer (Java, MySQL, Spring)",MongoDB,Data Relationships,"Understand and explain relationships within databases, normalize data up to 3NF.",Data Relationships,8b53f344b0896cf3,,1.0,1.0
55,"Back End Developer (Java, MySQL, Spring)",MongoDB,Database Design,Design databases according to normalization standards and apply basic principles of database design processes for operational activities.,Database Design Principles,9a930353bd438a0e,,1.0,1.0
55,"Back End Developer (Java, MySQL, Spring)",MongoDB,Independent Work,"Work independently or actively, positively, and effectively in group activities.",Working independently or actively participating in group activities,cb30603c4782dc9b,,1.0,1.0
55,"Back End Developer (Java, MySQL, Spring)",MongoDB,Query Optimization,"Apply theories, models, relational algebra expressions, and SQL syntax to analyze, evaluate, and explain query optimization and data integrity issues.",Query Optimization,9aae78751eb7d681,,1.0,1.0
55,"Back End Developer (Java, MySQL, Spring)",MongoDB,Social Responsibility,Have social responsibility and professional ethics in the field of information systems management.,Social responsibility and professional ethics,7744d87d7fa8a642,,1.0,1.0
66,"Data Engineer (Spark, AWS Glue, Python) (Onboard ASAP)",AWS Glue,Classroom Discipline,"Be aware of classroom organization and discipline, follow class rules, and have a sense of cooperation and personal responsibility for activities assigned by instructors.",Classroom Discipline,5cf19e6ef31a3189,,1.0,1.0
66,"Data Engineer (Spark, AWS Glue, Python) (Onboard ASAP)",AWS Glue,Cloud Service Analysis,Analyze the operational mechanisms of cloud services by integrating individual knowledge.,Cloud Service Analysis,a468720e1a5dc0cb,,1.0,1.0
66,"Data Engineer (Spark, AWS Glue, Python) (Onboard ASAP)",AWS Glue,Hadoop Model Explanation,Explain the operation model of Hadoop.,Hadoop Model Explanation,78478926d84635c5,,1.0,1.0
66,"Data Engineer (Spark, AWS Glue, Python) (Onboard ASAP)",AWS Glue,Independent Problem Solving,Develop independent problem-solving abilities and teamwork skills to address specialized issues.,Independent Problem Solving,82a6a9c242eeb57f,,1.0,1.0
66,"Data Engineer (Spark, AWS Glue, Python) (Onboard ASAP)",AWS Glue,Self-directed Learning,Have the ability to self-study and understand materials to complete assigned lessons and assignments.,Self-study and Independent Learning Ability,cc9a4fb8c944a920,,1.0,1.0
66,"Data Engineer (Spark, AWS Glue, Python) (Onboard ASAP)",AWS Glue,Team Collaboration,Collaborate effectively with peers to solve specialized problems within deadlines.,Collaborate with team members,0a0f671c3883b77f,,1.0,1.0
66,"Data Engineer (Spark, AWS Glue, Python) (Onboard ASAP)",EC2,Classroom Discipline,"Be aware of classroom organization and discipline, follow class rules, and have a sense of cooperation and personal responsibility for activities assigned by instructors.",Classroom Discipline,5cf19e6ef31a3189,,1.0,1.0
66,"Data Engineer (Spark, AWS Glue, Python) (Onboard ASAP)",EC2,Cloud Service Analysis,Analyze the operational mechanisms of cloud services by integrating individual knowledge.,Cloud Service Analysis,a468720e1a5dc0cb,,1.0,1.0
66,"Data Engineer (Spark, AWS Glue, Python) (Onboard ASAP)",EC2,Hadoop Model Explanation,Explain the operation model of Hadoop.,Hadoop Model Explanation,78478926d84635c5,,1.0,1.0
66,"Data Engineer (Spark, AWS Glue, Python) (Onboard ASAP)",EC2,Independent Problem Solving,Develop independent problem-solving abilities and teamwork skills to address specialized issues.,Independent Problem Solving,82a6a9c242eeb57f,,1.0,1.0
66,"Data Engineer (Spark, AWS Glue, Python) (Onboard ASAP)",EC2,Self-directed Learning,Have the ability to self-study and understand materials to complete assigned lessons and assignments.,Self-study and Independent Learning Ability,cc9a4fb8c944a920,,1.0,1.0
66,"Data Engineer (Spark, AWS Glue, Python) (Onboard ASAP)",EC2,Team Collaboration,Collaborate effectively with peers to solve specialized problems within deadlines.,Collaborate with team members,0a0f671c3883b77f,,1.0,1.0
66,"Data Engineer (Spark, AWS Glue, Python) (Onboard ASAP)",ECS/EKS,Classroom Discipline,"Be aware of classroom organization and discipline, follow class rules, and have a sense of cooperation and personal responsibility for activities assigned by instructors.",Classroom Discipline,5cf19e6ef31a3189,,1.0,1.0
66,"Data Engineer (Spark, AWS Glue, Python) (Onboard ASAP)",ECS/EKS,Cloud Service Analysis,Analyze the operational mechanisms of cloud services by integrating individual knowledge.,Cloud Service Analysis,a468720e1a5dc0cb,,1.0,1.0
66,"Data Engineer (Spark, AWS Glue, Python) (Onboard ASAP)",ECS/EKS,Hadoop Model Explanation,Explain the operation model of Hadoop.,Hadoop Model Explanation,78478926d84635c5,,1.0,1.0
66,"Data Engineer (Spark, AWS Glue, Python) (Onboard ASAP)",ECS/EKS,Independent Problem Solving,Develop independent problem-solving abilities and teamwork skills to address specialized issues.,Independent Problem Solving,82a6a9c242eeb57f,,1.0,1.0
66,"Data Engineer (Spark, AWS Glue, Python) (Onboard ASAP)",ECS/EKS,Self-directed Learning,Have the ability to self-study and understand materials to complete assigned lessons and assignments.,Self-study and Independent Learning Ability,cc9a4fb8c944a920,,1.0,1.0
66,"Data Engineer (Spark, AWS Glue, Python) (Onboard ASAP)",ECS/EKS,Team Collaboration,Collaborate effectively with peers to solve specialized problems within deadlines.,Collaborate with team members,0a0f671c3883b77f,,1.0,1.0
66,"Data Engineer (Spark, AWS Glue, Python) (Onboard ASAP)",IAM,Classroom Discipline,"Be aware of classroom organization and discipline, follow class rules, and have a sense of cooperation and personal responsibility for activities assigned by instructors.",Classroom Discipline,5cf19e6ef31a3189,,1.0,1.0
66,"Data Engineer (Spark, AWS Glue, Python) (Onboard ASAP)",IAM,Cloud Service Analysis,Analyze the operational mechanisms of cloud services by integrating individual knowledge.,Cloud Service Analysis,a468720e1a5dc0cb,,1.0,1.0
66,"Data Engineer (Spark, AWS Glue, Python) (Onboard ASAP)",IAM,Hadoop Model Explanation,Explain the operation model of Hadoop.,Hadoop Model Explanation,78478926d84635c5,,1.0,1.0
66,"Data Engineer (Spark, AWS Glue, Python) (Onboard ASAP)",IAM,Independent Problem Solving,Develop independent problem-solving abilities and teamwork skills to address specialized issues.,Independent Problem Solving,82a6a9c242eeb57f,,1.0,1.0
66,"Data Engineer (Spark, AWS Glue, Python) (Onboard ASAP)",IAM,Self-directed Learning,Have the ability to self-study and understand materials to complete assigned lessons and assignments.,Self-study and Independent Learning Ability,cc9a4fb8c944a920,,1.0,1.0
66,"Data Engineer (Spark, AWS Glue, Python) (Onboard ASAP)",IAM,Team Collaboration,Collaborate effectively with peers to solve specialized problems within deadlines.,Collaborate with team members,0a0f671c3883b77f,,1.0,1.0
66,"Data Engineer (Spark, AWS Glue, Python) (Onboard ASAP)",VPC,Classroom Discipline,"Be aware of classroom organization and discipline, follow class rules, and have a sense of cooperation and personal responsibility for activities assigned by instructors.",Classroom Discipline,5cf19e6ef31a3189,,1.0,1.0
66,"Data Engineer (Spark, AWS Glue, Python) (Onboard ASAP)",VPC,Cloud Service Analysis,Analyze the operational mechanisms of cloud services by integrating individual knowledge.,Cloud Service Analysis,a468720e1a5dc0cb,,1.0,1.0
66,"Data Engineer (Spark, AWS Glue, Python) (Onboard ASAP)",VPC,Hadoop Model Explanation,Explain the operation model of Hadoop.,Hadoop Model Explanation,78478926d84635c5,,1.0,1.0
66,"Data Engineer (Spark, AWS Glue, Python) (Onboard ASAP)",VPC,Independent Problem Solving,Develop independent problem-solving abilities and teamwork skills to address specialized issues.,Independent Problem Solving,82a6a9c242eeb57f,,1.0,1.0
66,"Data Engineer (Spark, AWS Glue, Python) (Onboard ASAP)",VPC,Self-directed Learning,Have the ability to self-study and understand materials to complete assigned lessons and assignments.,Self-study and Independent Learning Ability,cc9a4fb8c944a920,,1.0,1.0
66,"Data Engineer (Spark, AWS Glue, Python) (Onboard ASAP)",VPC,Team Collaboration,Collaborate effectively with peers to solve specialized problems within deadlines.,Collaborate with team members,0a0f671c3883b77f,,1.0,1.0
67,Kỹ Sư Lập Trình Hệ Thống,CAN,Amdahl's Law Application,Apply Amdahl's law to determine the best improvement and differentiate between cache size and clock frequency.,Amdahl's Law Application,ea173cf2d6c580a9,,1.0,1.0
67,Kỹ Sư Lập Trình Hệ Thống,CAN,Cache Memory,Differentiate between direct and set-associative cache mapping.,Cache Memory,779af422a5d37a6d,,1.0,1.0
67,Kỹ Sư Lập Trình Hệ Thống,CAN,Classroom Discipline,Maintain classroom discipline and adhere to class rules.,Classroom Discipline,5cf19e6ef31a3189,,1.0,1.0
67,Kỹ Sư Lập Trình Hệ Thống,CAN,Critical Thinking,Apply critical thinking to analyze and solve problems.,Applying Critical Thinking to Solve Practical Problems,f1912dde62fc5adf,,1.0,1.0
67,Kỹ Sư Lập Trình Hệ Thống,CAN,Instruction Set Architecture (ISA),Explain the concept and principles of ISA.,Instruction Set Architecture (ISA),db422ce0569a869d,,1.0,1.0
67,Kỹ Sư Lập Trình Hệ Thống,CAN,Memory Hierarchy Design,"Design memory hierarchy including cache, main memory, and virtual memory.",Memory Hierarchy Design,a5b52beb9ab95d73,,1.0,1.0
67,Kỹ Sư Lập Trình Hệ Thống,CAN,Multi-core CPU Architecture,Understand and analyze multi-core CPU architectures.,Multi-core CPU Architecture,9afe80fb827352cb,,1.0,1.0
67,Kỹ Sư Lập Trình Hệ Thống,CAN,Parallelism Techniques,Understand and apply parallelism techniques at the instruction level.,Parallelism Techniques,4f60fe2c11c132e1,,1.0,1.0
67,Kỹ Sư Lập Trình Hệ Thống,CAN,Performance Measurement,Measure and analyze computer performance.,Performance Measurement,9e47f47ee32f5026,,1.0,1.0
67,Kỹ Sư Lập Trình Hệ Thống,CAN,Pipeline Hazards,"Identify and explain structural, data, and control hazards in pipeline design.",Pipeline Hazards,31deba4350d0f528,,1.0,1.0
67,Kỹ Sư Lập Trình Hệ Thống,CAN,Quantitative Design Principles,Apply quantitative design principles in computer architecture.,Quantitative Design Principles,57998866e33611d4,,1.0,1.0
67,Kỹ Sư Lập Trình Hệ Thống,CAN,RISC Architecture,Explain the operation model of RISC architecture.,RISC Architecture,08b87df8a19c6bc9,,1.0,1.0
67,Kỹ Sư Lập Trình Hệ Thống,CAN,Answer questions posed by instructors,Complete assignments and participate in discussions.,Answer questions posed by instructors,e19890568913332c,,1.0,1.0
67,Kỹ Sư Lập Trình Hệ Thống,CAN,Apply testing techniques,"Evaluate software quality and performance, and develop user interfaces.",Apply testing techniques,0d6cd3ccd7000e1b,,1.0,1.0
67,Kỹ Sư Lập Trình Hệ Thống,CAN,Collaborate with team members,Work together to complete group projects on time.,Collaborate with team members,0a0f671c3883b77f,,1.0,1.0
67,Kỹ Sư Lập Trình Hệ Thống,CAN,Describe the operation of software on a computer,Understand how Java works and apply basic programming techniques.,Describe the operation of software on a computer,f680c529c103da4c,,1.0,1.0
67,Kỹ Sư Lập Trình Hệ Thống,CAN,Execute code segments,Complete assignments and solve problems related to Java programming.,Execute code segments,b2bc6356f1ce6286,,1.0,1.0
67,Kỹ Sư Lập Trình Hệ Thống,CAN,Implement instructor-assigned projects,Collaborate with team members to complete assigned tasks.,Implement instructor-assigned projects,5b3599b15e16341e,,1.0,1.0
67,Kỹ Sư Lập Trình Hệ Thống,CAN,Participate in group discussions,Defend personal opinions before a group.,Participate in group discussions,b0127e8c7738eb69,,1.0,1.0
67,Kỹ Sư Lập Trình Hệ Thống,Ethernet,Amdahl's Law Application,Apply Amdahl's law to determine the best improvement and differentiate between cache size and clock frequency.,Amdahl's Law Application,ea173cf2d6c580a9,,1.0,1.0
67,Kỹ Sư Lập Trình Hệ Thống,Ethernet,Cache Memory,Differentiate between direct and set-associative cache mapping.,Cache Memory,779af422a5d37a6d,,1.0,1.0
67,Kỹ Sư Lập Trình Hệ Thống,Ethernet,Classroom Discipline,Maintain classroom discipline and adhere to class rules.,Classroom Discipline,5cf19e6ef31a3189,,1.0,1.0
67,Kỹ Sư Lập Trình Hệ Thống,Ethernet,Critical Thinking,Apply critical thinking to analyze and solve problems.,Applying Critical Thinking to Solve Practical Problems,f1912dde62fc5adf,,1.0,1.0
67,Kỹ Sư Lập Trình Hệ Thống,Ethernet,Instruction Set Architecture (ISA),Explain the concept and principles of ISA.,Instruction Set Architecture (ISA),db422ce0569a869d,,1.0,1.0
67,Kỹ Sư Lập Trình Hệ Thống,Ethernet,Memory Hierarchy Design,"Design memory hierarchy including cache, main memory, and virtual memory.",Memory Hierarchy Design,a5b52beb9ab95d73,,1.0,1.0
67,Kỹ Sư Lập Trình Hệ Thống,Ethernet,Multi-core CPU Architecture,Understand and analyze multi-core CPU architectures.,Multi-core CPU Architecture,9afe80fb827352cb,,1.0,1.0
67,Kỹ Sư Lập Trình Hệ Thống,Ethernet,Parallelism Techniques,Understand and apply parallelism techniques at the instruction level.,Parallelism Techniques,4f60fe2c11c132e1,,1.0,1.0
67,Kỹ Sư Lập Trình Hệ Thống,Ethernet,Performance Measurement,Measure and analyze computer performance.,Performance Measurement,9e47f47ee32f5026,,1.0,1.0
67,Kỹ Sư Lập Trình Hệ Thống,Ethernet,Pipeline Hazards,"Identify and explain structural, data, and control hazards in pipeline design.",Pipeline Hazards,31deba4350d0f528,,1.0,1.0
67,Kỹ Sư Lập Trình Hệ Thống,Ethernet,Quantitative Design Principles,Apply quantitative design principles in computer architecture.,Quantitative Design Principles,57998866e33611d4,,1.0,1.0
67,Kỹ Sư Lập Trình Hệ Thống,Ethernet,RISC Architecture,Explain the operation model of RISC architecture.,RISC Architecture,08b87df8a19c6bc9,,1.0,1.0
67,Kỹ Sư Lập Trình Hệ Thống,Ethernet,Answer questions posed by instructors,Complete assignments and participate in discussions.,Answer questions posed by instructors,e19890568913332c,,1.0,1.0
67,Kỹ Sư Lập Trình Hệ Thống,Ethernet,Apply testing techniques,"Evaluate software quality and performance, and develop user interfaces.",Apply testing techniques,0d6cd3ccd7000e1b,,1.0,1.0
67,Kỹ Sư Lập Trình Hệ Thống,Ethernet,Collaborate with team members,Work together to complete group projects on time.,Collaborate with team members,0a0f671c3883b77f,,1.0,1.0
67,Kỹ Sư Lập Trình Hệ Thống,Ethernet,Describe the operation of software on a computer,Understand how Java works and apply basic programming techniques.,Describe the operation of software on a computer,f680c529c103da4c,,1.0,1.0
67,Kỹ Sư Lập Trình Hệ Thống,Ethernet,Execute code segments,Complete assignments and solve problems related to Java programming.,Execute code segments,b2bc6356f1ce6286,,1.0,1.0
67,Kỹ Sư Lập Trình Hệ Thống,Ethernet,Implement instructor-assigned projects,Collaborate with team members to complete assigned tasks.,Implement instructor-assigned projects,5b3599b15e16341e,,1.0,1.0
67,Kỹ Sư Lập Trình Hệ Thống,Ethernet,Participate in group discussions,Defend personal opinions before a group.,Participate in group discussions,b0127e8c7738eb69,,1.0,1.0
67,Kỹ Sư Lập Trình Hệ Thống,FPGA,Amdahl's Law Application,Apply Amdahl's law to determine the best improvement and differentiate between cache size and clock frequency.,Amdahl's Law Application,ea173cf2d6c580a9,,1.0,1.0
67,Kỹ Sư Lập Trình Hệ Thống,FPGA,Cache Memory,Differentiate between direct and set-associative cache mapping.,Cache Memory,779af422a5d37a6d,,1.0,1.0
67,Kỹ Sư Lập Trình Hệ Thống,FPGA,Classroom Discipline,Maintain classroom discipline and adhere to class rules.,Classroom Discipline,5cf19e6ef31a3189,,1.0,1.0
67,Kỹ Sư Lập Trình Hệ Thống,FPGA,Critical Thinking,Apply critical thinking to analyze and solve problems.,Applying Critical Thinking to Solve Practical Problems,f1912dde62fc5adf,,1.0,1.0
67,Kỹ Sư Lập Trình Hệ Thống,FPGA,Instruction Set Architecture (ISA),Explain the concept and principles of ISA.,Instruction Set Architecture (ISA),db422ce0569a869d,,1.0,1.0
67,Kỹ Sư Lập Trình Hệ Thống,FPGA,Memory Hierarchy Design,"Design memory hierarchy including cache, main memory, and virtual memory.",Memory Hierarchy Design,a5b52beb9ab95d73,,1.0,1.0
67,Kỹ Sư Lập Trình Hệ Thống,FPGA,Parallelism Techniques,Understand and apply parallelism techniques at the instruction level.,Parallelism Techniques,4f60fe2c11c132e1,,1.0,1.0
67,Kỹ Sư Lập Trình Hệ Thống,FPGA,Performance Measurement,Measure and analyze computer performance.,Performance Measurement,9e47f47ee32f5026,,1.0,1.0
67,Kỹ Sư Lập Trình Hệ Thống,FPGA,Pipeline Hazards,"Identify and explain structural, data, and control hazards in pipeline design.",Pipeline Hazards,31deba4350d0f528,,1.0,1.0
67,Kỹ Sư Lập Trình Hệ Thống,FPGA,Quantitative Design Principles,Apply quantitative design principles in computer architecture.,Quantitative Design Principles,57998866e33611d4,,1.0,1.0
67,Kỹ Sư Lập Trình Hệ Thống,FPGA,RISC Architecture,Explain the operation model of RISC architecture.,RISC Architecture,08b87df8a19c6bc9,,1.0,1.0
67,Kỹ Sư Lập Trình Hệ Thống,FPGA,Answer questions posed by instructors,Complete assignments and participate in discussions.,Answer questions posed by instructors,e19890568913332c,,1.0,1.0
67,Kỹ Sư Lập Trình Hệ Thống,FPGA,Apply testing techniques,"Evaluate software quality and performance, and develop user interfaces.",Apply testing techniques,0d6cd3ccd7000e1b,,1.0,1.0
67,Kỹ Sư Lập Trình Hệ Thống,FPGA,Collaborate with team members,Work together to complete group projects on time.,Collaborate with team members,0a0f671c3883b77f,,1.0,1.0
67,Kỹ Sư Lập Trình Hệ Thống,FPGA,Describe the operation of software on a computer,Understand how Java works and apply basic programming techniques.,Describe the operation of software on a computer,f680c529c103da4c,,1.0,1.0
67,Kỹ Sư Lập Trình Hệ Thống,FPGA,Execute code segments,Complete assignments and solve problems related to Java programming.,Execute code segments,b2bc6356f1ce6286,,1.0,1.0
67,Kỹ Sư Lập Trình Hệ Thống,FPGA,Implement instructor-assigned projects,Collaborate with team members to complete assigned tasks.,Implement instructor-assigned projects,5b3599b15e16341e,,1.0,1.0
67,Kỹ Sư Lập Trình Hệ Thống,FPGA,Participate in group discussions,Defend personal opinions before a group.,Participate in group discussions,b0127e8c7738eb69,,1.0,1.0
67,Kỹ Sư Lập Trình Hệ Thống,IPCore,Amdahl's Law Application,Apply Amdahl's law to determine the best improvement and differentiate between cache size and clock frequency.,Amdahl's Law Application,ea173cf2d6c580a9,,1.0,1.0
67,Kỹ Sư Lập Trình Hệ Thống,IPCore,Cache Memory,Differentiate between direct and set-associative cache mapping.,Cache Memory,779af422a5d37a6d,,1.0,1.0
67,Kỹ Sư Lập Trình Hệ Thống,IPCore,Classroom Discipline,Maintain classroom discipline and adhere to class rules.,Classroom Discipline,5cf19e6ef31a3189,,1.0,1.0
67,Kỹ Sư Lập Trình Hệ Thống,IPCore,Critical Thinking,Apply critical thinking to analyze and solve problems.,Applying Critical Thinking to Solve Practical Problems,f1912dde62fc5adf,,1.0,1.0
67,Kỹ Sư Lập Trình Hệ Thống,IPCore,Instruction Set Architecture (ISA),Explain the concept and principles of ISA.,Instruction Set Architecture (ISA),db422ce0569a869d,,1.0,1.0
67,Kỹ Sư Lập Trình Hệ Thống,IPCore,Memory Hierarchy Design,"Design memory hierarchy including cache, main memory, and virtual memory.",Memory Hierarchy Design,a5b52beb9ab95d73,,1.0,1.0
67,Kỹ Sư Lập Trình Hệ Thống,IPCore,Multi-core CPU Architecture,Understand and analyze multi-core CPU architectures.,Multi-core CPU Architecture,9afe80fb827352cb,,1.0,1.0
67,Kỹ Sư Lập Trình Hệ Thống,IPCore,Parallelism Techniques,Understand and apply parallelism techniques at the instruction level.,Parallelism Techniques,4f60fe2c11c132e1,,1.0,1.0
67,Kỹ Sư Lập Trình Hệ Thống,IPCore,Performance Measurement,Measure and analyze computer performance.,Performance Measurement,9e47f47ee32f5026,,1.0,1.0
67,Kỹ Sư Lập Trình Hệ Thống,IPCore,Pipeline Hazards,"Identify and explain structural, data, and control hazards in pipeline design.",Pipeline Hazards,31deba4350d0f528,,1.0,1.0
67,Kỹ Sư Lập Trình Hệ Thống,IPCore,Quantitative Design Principles,Apply quantitative design principles in computer architecture.,Quantitative Design Principles,57998866e33611d4,,1.0,1.0
67,Kỹ Sư Lập Trình Hệ Thống,IPCore,RISC Architecture,Explain the operation model of RISC architecture.,RISC Architecture,08b87df8a19c6bc9,,1.0,1.0
67,Kỹ Sư Lập Trình Hệ Thống,IPCore,Answer questions posed by instructors,Complete assignments and participate in discussions.,Answer questions posed by instructors,e19890568913332c,,1.0,1.0
67,Kỹ Sư Lập Trình Hệ Thống,IPCore,Apply testing techniques,"Evaluate software quality and performance, and develop user interfaces.",Apply testing techniques,0d6cd3ccd7000e1b,,1.0,1.0
67,Kỹ Sư Lập Trình Hệ Thống,IPCore,Collaborate with team members,Work together to complete group projects on time.,Collaborate with team members,0a0f671c3883b77f,,1.0,1.0
67,Kỹ Sư Lập Trình Hệ Thống,IPCore,Describe the operation of software on a computer,Understand how Java works and apply basic programming techniques.,Describe the operation of software on a computer,f680c529c103da4c,,1.0,1.0
67,Kỹ Sư Lập Trình Hệ Thống,IPCore,Execute code segments,Complete assignments and solve problems related to Java programming.,Execute code segments,b2bc6356f1ce6286,,1.0,1.0
67,Kỹ Sư Lập Trình Hệ Thống,IPCore,Implement instructor-assigned projects,Collaborate with team members to complete assigned tasks.,Implement instructor-assigned projects,5b3599b15e16341e,,1.0,1.0
67,Kỹ Sư Lập Trình Hệ Thống,IPCore,Participate in group discussions,Defend personal opinions before a group.,Participate in group discussions,b0127e8c7738eb69,,1.0,1.0
67,Kỹ Sư Lập Trình Hệ Thống,Java,Amdahl's Law Application,Apply Amdahl's law to determine the best improvement and differentiate between cache size and clock frequency.,Amdahl's Law Application,ea173cf2d6c580a9,,1.0,1.0
67,Kỹ Sư Lập Trình Hệ Thống,Java,Cache Memory,Differentiate between direct and set-associative cache mapping.,Cache Memory,779af422a5d37a6d,,1.0,1.0
67,Kỹ Sư Lập Trình Hệ Thống,Java,Classroom Discipline,Maintain classroom discipline and adhere to class rules.,Classroom Discipline,5cf19e6ef31a3189,,1.0,1.0
67,Kỹ Sư Lập Trình Hệ Thống,Java,Critical Thinking,Apply critical thinking to analyze and solve problems.,Applying Critical Thinking to Solve Practical Problems,f1912dde62fc5adf,,1.0,1.0
67,Kỹ Sư Lập Trình Hệ Thống,Java,Instruction Set Architecture (ISA),Explain the concept and principles of ISA.,Instruction Set Architecture (ISA),db422ce0569a869d,,1.0,1.0
67,Kỹ Sư Lập Trình Hệ Thống,Java,Memory Hierarchy Design,"Design memory hierarchy including cache, main memory, and virtual memory.",Memory Hierarchy Design,a5b52beb9ab95d73,,1.0,1.0
67,Kỹ Sư Lập Trình Hệ Thống,Java,Multi-core CPU Architecture,Understand and analyze multi-core CPU architectures.,Multi-core CPU Architecture,9afe80fb827352cb,,1.0,1.0
67,Kỹ Sư Lập Trình Hệ Thống,Java,Parallelism Techniques,Understand and apply parallelism techniques at the instruction level.,Parallelism Techniques,4f60fe2c11c132e1,,1.0,1.0
67,Kỹ Sư Lập Trình Hệ Thống,Java,Performance Measurement,Measure and analyze computer performance.,Performance Measurement,9e47f47ee32f5026,,1.0,1.0
67,Kỹ Sư Lập Trình Hệ Thống,Java,Pipeline Hazards,"Identify and explain structural, data, and control hazards in pipeline design.",Pipeline Hazards,31deba4350d0f528,,1.0,1.0
67,Kỹ Sư Lập Trình Hệ Thống,Java,Quantitative Design Principles,Apply quantitative design principles in computer architecture.,Quantitative Design Principles,57998866e33611d4,,1.0,1.0
67,Kỹ Sư Lập Trình Hệ Thống,Java,RISC Architecture,Explain the operation model of RISC architecture.,RISC Architecture,08b87df8a19c6bc9,,1.0,1.0
67,Kỹ Sư Lập Trình Hệ Thống,Java,Answer questions posed by instructors,Complete assignments and participate in discussions.,Answer questions posed by instructors,e19890568913332c,,1.0,1.0
67,Kỹ Sư Lập Trình Hệ Thống,Java,Apply testing techniques,"Evaluate software quality and performance, and develop user interfaces.",Apply testing techniques,0d6cd3ccd7000e1b,,1.0,1.0
67,Kỹ Sư Lập Trình Hệ Thống,Java,Collaborate with team members,Work together to complete group projects on time.,Collaborate with team members,0a0f671c3883b77f,,1.0,1.0
67,Kỹ Sư Lập Trình Hệ Thống,Java,Implement instructor-assigned projects,Collaborate with team members to complete assigned tasks.,Implement instructor-assigned projects,5b3599b15e16341e,,1.0,1.0
67,Kỹ Sư Lập Trình Hệ Thống,Java,Participate in group discussions,Defend personal opinions before a group.,Participate in group discussions,b0127e8c7738eb69,,1.0,1.0
67,Kỹ Sư Lập Trình Hệ Thống,multithreading,Amdahl's Law Application,Apply Amdahl's law to determine the best improvement and differentiate between cache size and clock frequency.,Amdahl's Law Application,ea173cf2d6c580a9,,1.0,1.0
67,Kỹ Sư Lập Trình Hệ Thống,multithreading,Cache Memory,Differentiate between direct and set-associative cache mapping.,Cache Memory,779af422a5d37a6d,,1.0,1.0
67,Kỹ Sư Lập Trình Hệ Thống,multithreading,Classroom Discipline,Maintain classroom discipline and adhere to class rules.,Classroom Discipline,5cf19e6ef31a3189,,1.0,1.0
67,Kỹ Sư Lập Trình Hệ Thống,multithreading,Critical Thinking,Apply critical thinking to analyze and solve problems.,Applying Critical Thinking to Solve Practical Problems,f1912dde62fc5adf,,1.0,1.0
67,Kỹ Sư Lập Trình Hệ Thống,multithreading,Instruction Set Architecture (ISA),Explain the concept and principles of ISA.,Instruction Set Architecture (ISA),db422ce0569a869d,,1.0,1.0
67,Kỹ Sư Lập Trình Hệ Thống,multithreading,Memory Hierarchy Design,"Design memory hierarchy including cache, main memory, and virtual memory.",Memory Hierarchy Design,a5b52beb9ab95d73,,1.0,1.0
67,Kỹ Sư Lập Trình Hệ Thống,multithreading,Parallelism Techniques,Understand and apply parallelism techniques at the instruction level.,Parallelism Techniques,4f60fe2c11c132e1,,1.0,1.0
67,Kỹ Sư Lập Trình Hệ Thống,multithreading,Performance Measurement,Measure and analyze computer performance.,Performance Measurement,9e47f47ee32f5026,,1.0,1.0
67,Kỹ Sư Lập Trình Hệ Thống,multithreading,Pipeline Hazards,"Identify and explain structural, data, and control hazards in pipeline design.",Pipeline Hazards,31deba4350d0f528,,1.0,1.0
67,Kỹ Sư Lập Trình Hệ Thống,multithreading,Quantitative Design Principles,Apply quantitative design principles in computer architecture.,Quantitative Design Principles,57998866e33611d4,,1.0,1.0
67,Kỹ Sư Lập Trình Hệ Thống,multithreading,RISC Architecture,Explain the operation model of RISC architecture.,RISC Architecture,08b87df8a19c6bc9,,1.0,1.0
67,Kỹ Sư Lập Trình Hệ Thống,multithreading,Answer questions posed by instructors,Complete assignments and participate in discussions.,Answer questions posed by instructors,e19890568913332c,,1.0,1.0
67,Kỹ Sư Lập Trình Hệ Thống,multithreading,Apply testing techniques,"Evaluate software quality and performance, and develop user interfaces.",Apply testing techniques,0d6cd3ccd7000e1b,,1.0,1.0
67,Kỹ Sư Lập Trình Hệ Thống,multithreading,Collaborate with team members,Work together to complete group projects on time.,Collaborate with team members,0a0f671c3883b77f,,1.0,1.0
67,Kỹ Sư Lập Trình Hệ Thống,multithreading,Describe the operation of software on a computer,Understand how Java works and apply basic programming techniques.,Describe the operation of software on a computer,f680c529c103da4c,,1.0,1.0
67,Kỹ Sư Lập Trình Hệ Thống,multithreading,Execute code segments,Complete assignments and solve problems related to Java programming.,Execute code segments,b2bc6356f1ce6286,,1.0,1.0
67,Kỹ Sư Lập Trình Hệ Thống,multithreading,Implement instructor-assigned projects,Collaborate with team members to complete assigned tasks.,Implement instructor-assigned projects,5b3599b15e16341e,,1.0,1.0
67,Kỹ Sư Lập Trình Hệ Thống,multithreading,Participate in group discussions,Defend personal opinions before a group.,Participate in group discussions,b0127e8c7738eb69,,1.0,1.0
67,Kỹ Sư Lập Trình Hệ Thống,parallel processing,Amdahl's Law Application,Apply Amdahl's law to determine the best improvement and differentiate between cache size and clock frequency.,Amdahl's Law Application,ea173cf2d6c580a9,,1.0,1.0
67,Kỹ Sư Lập Trình Hệ Thống,parallel processing,Cache Memory,Differentiate between direct and set-associative cache mapping.,Cache Memory,779af422a5d37a6d,,1.0,1.0
67,Kỹ Sư Lập Trình Hệ Thống,parallel processing,Classroom Discipline,Maintain classroom discipline and adhere to class rules.,Classroom Discipline,5cf19e6ef31a3189,,1.0,1.0
67,Kỹ Sư Lập Trình Hệ Thống,parallel processing,Critical Thinking,Apply critical thinking to analyze and solve problems.,Applying Critical Thinking to Solve Practical Problems,f1912dde62fc5adf,,1.0,1.0
67,Kỹ Sư Lập Trình Hệ Thống,parallel processing,Instruction Set Architecture (ISA),Explain the concept and principles of ISA.,Instruction Set Architecture (ISA),db422ce0569a869d,,1.0,1.0
67,Kỹ Sư Lập Trình Hệ Thống,parallel processing,Memory Hierarchy Design,"Design memory hierarchy including cache, main memory, and virtual memory.",Memory Hierarchy Design,a5b52beb9ab95d73,,1.0,1.0
67,Kỹ Sư Lập Trình Hệ Thống,parallel processing,Parallelism Techniques,Understand and apply parallelism techniques at the instruction level.,Parallelism Techniques,4f60fe2c11c132e1,,1.0,1.0
67,Kỹ Sư Lập Trình Hệ Thống,parallel processing,Performance Measurement,Measure and analyze computer performance.,Performance Measurement,9e47f47ee32f5026,,1.0,1.0
67,Kỹ Sư Lập Trình Hệ Thống,parallel processing,Pipeline Hazards,"Identify and explain structural, data, and control hazards in pipeline design.",Pipeline Hazards,31deba4350d0f528,,1.0,1.0
67,Kỹ Sư Lập Trình Hệ Thống,parallel processing,Quantitative Design Principles,Apply quantitative design principles in computer architecture.,Quantitative Design Principles,57998866e33611d4,,1.0,1.0
67,Kỹ Sư Lập Trình Hệ Thống,parallel processing,RISC Architecture,Explain the operation model of RISC architecture.,RISC Architecture,08b87df8a19c6bc9,,1.0,1.0
67,Kỹ Sư Lập Trình Hệ Thống,parallel processing,Answer questions posed by instructors,Complete assignments and participate in discussions.,Answer questions posed by instructors,e19890568913332c,,1.0,1.0
67,Kỹ Sư Lập Trình Hệ Thống,parallel processing,Apply testing techniques,"Evaluate software quality and performance, and develop user interfaces.",Apply testing techniques,0d6cd3ccd7000e1b,,1.0,1.0
67,Kỹ Sư Lập Trình Hệ Thống,parallel processing,Collaborate with team members,Work together to complete group projects on time.,Collaborate with team members,0a0f671c3883b77f,,1.0,1.0
67,Kỹ Sư Lập Trình Hệ Thống,parallel processing,Describe the operation of software on a computer,Understand how Java works and apply basic programming techniques.,Describe the operation of software on a computer,f680c529c103da4c,,1.0,1.0
67,Kỹ Sư Lập Trình Hệ Thống,parallel processing,Execute code segments,Complete assignments and solve problems related to Java programming.,Execute code segments,b2bc6356f1ce6286,,1.0,1.0
67,Kỹ Sư Lập Trình Hệ Thống,parallel processing,Implement instructor-assigned projects,Collaborate with team members to complete assigned tasks.,Implement instructor-assigned projects,5b3599b15e16341e,,1.0,1.0
67,Kỹ Sư Lập Trình Hệ Thống,parallel processing,Participate in group discussions,Defend personal opinions before a group.,Participate in group discussions,b0127e8c7738eb69,,1.0,1.0
753,Middle/Senior UI/UX Designer,A/B Testing,Team Collaboration Skills,"Organize group activities, execute and evaluate the quality of work done by team members.",Team Collaboration Skills,741815bcf4287fb6,,1.0,1.0
753,Middle/Senior UI/UX Designer,A/B Testing,Functional Analysis and Design,"Analyze and design software using functional analysis techniques such as BFD, CD, and DFD diagrams.",Functional Analysis and Design,2bbb44579b134037,,1.0,1.0
753,Middle/Senior UI/UX Designer,A/B Testing,Independent Work,Work independently or actively participate in group activities.,Working independently or actively participating in group activities,cb30603c4782dc9b,,1.0,1.0
753,Middle/Senior UI/UX Designer,A/B Testing,Object-Oriented Analysis and Design,Apply object-oriented analysis and design techniques using UML diagrams.,Object-Oriented Analysis and Design,b00679b1f3107f17,,1.0,1.0
753,Middle/Senior UI/UX Designer,A/B Testing,Project Management for Software Development,"Manage software development projects, including quality management, configuration management, and risk management.",Project Management for Software Development,2d31b2a008606b05,,1.0,1.0
753,Middle/Senior UI/UX Designer,A/B Testing,Real-Time System Design,Understand and apply real-time system design principles and methods.,Real-Time System Design,00eb3aec04c963ec,,1.0,1.0
753,Middle/Senior UI/UX Designer,A/B Testing,Requirements Specification,"Understand and apply the process of specifying software requirements, including analysis and documentation.",Requirements Specification,3ad7203832e57573,,1.0,1.0
753,Middle/Senior UI/UX Designer,A/B Testing,Social Responsibility and Professional Ethics,Demonstrate social responsibility and professional ethics in the field of information systems management.,Social responsibility and professional ethics,7744d87d7fa8a642,,1.0,1.0
753,Middle/Senior UI/UX Designer,A/B Testing,Software Design Fundamentals,"Understand the role and strategies of software design, including various design methods and tools.",Software Design Fundamentals,65a3aaef3877d176,,1.0,1.0
753,Middle/Senior UI/UX Designer,A/B Testing,Software Engineering Overview,"Understand the importance of software engineering on computers, concepts of software, classification of software, quality assessment of software, and principles of software engineering.",Software Engineering Overview,02ce8e60e2b45790,,1.0,1.0
753,Middle/Senior UI/UX Designer,A/B Testing,Software Maintenance,Understand and apply software maintenance processes and activities.,Software Maintenance,bd5b7d448f44da32,,1.0,1.0
753,Middle/Senior UI/UX Designer,AI Copilot Studio,Automated Testing Techniques,Understand and apply automated testing techniques using tools like NUnit and .NET Framework.,Automated Testing Techniques,7209ac90fac75884,,1.0,1.0
753,Middle/Senior UI/UX Designer,AI Copilot Studio,Black Box Testing Methods,"Apply black box testing methods and distinguish between different levels of testing such as unit, integration, and system testing.",Black Box Testing Methods,2672f7b51b46e0c8,,1.0,1.0
753,Middle/Senior UI/UX Designer,AI Copilot Studio,Software Testing Overview,"Understand the role of software testing in SDLC, processes and planning, and techniques in design and execution.",Software Testing Overview,91ec854c3fff68a5,,1.0,1.0
753,Middle/Senior UI/UX Designer,AI Copilot Studio,Team Collaboration Skills,"Organize group activities, execute and evaluate the quality of work done by team members.",Team Collaboration Skills,741815bcf4287fb6,,1.0,1.0
753,Middle/Senior UI/UX Designer,AI Copilot Studio,Testing Process Management,"Manage the testing process from planning to completion, including reading and understanding test plans, exit criteria, and defect logs.",Testing Process Management,7d58e187d0938570,,1.0,1.0
753,Middle/Senior UI/UX Designer,AI Copilot Studio,White Box Testing Methods,Apply white box testing methods including control flow analysis and data flow analysis.,White Box Testing Methods,f9f37f3cfd56b039,,1.0,1.0
753,Middle/Senior UI/UX Designer,AI Copilot Studio,Functional Analysis and Design,"Analyze and design software using functional analysis techniques such as BFD, CD, and DFD diagrams.",Functional Analysis and Design,2bbb44579b134037,,1.0,1.0
753,Middle/Senior UI/UX Designer,AI Copilot Studio,Independent Work,Work independently or actively participate in group activities.,Working independently or actively participating in group activities,cb30603c4782dc9b,,1.0,1.0
753,Middle/Senior UI/UX Designer,AI Copilot Studio,Object-Oriented Analysis and Design,Apply object-oriented analysis and design techniques using UML diagrams.,Object-Oriented Analysis and Design,b00679b1f3107f17,,1.0,1.0
753,Middle/Senior UI/UX Designer,AI Copilot Studio,Project Management for Software Development,"Manage software development projects, including quality management, configuration management, and risk management.",Project Management for Software Development,2d31b2a008606b05,,1.0,1.0
753,Middle/Senior UI/UX Designer,AI Copilot Studio,Real-Time System Design,Understand and apply real-time system design principles and methods.,Real-Time System Design,00eb3aec04c963ec,,1.0,1.0
753,Middle/Senior UI/UX Designer,AI Copilot Studio,Requirements Specification,"Understand and apply the process of specifying software requirements, including analysis and documentation.",Requirements Specification,3ad7203832e57573,,1.0,1.0
753,Middle/Senior UI/UX Designer,AI Copilot Studio,Social Responsibility and Professional Ethics,Demonstrate social responsibility and professional ethics in the field of information systems management.,Social responsibility and professional ethics,7744d87d7fa8a642,,1.0,1.0
753,Middle/Senior UI/UX Designer,AI Copilot Studio,Software Design Fundamentals,"Understand the role and strategies of software design, including various design methods and tools.",Software Design Fundamentals,65a3aaef3877d176,,1.0,1.0
753,Middle/Senior UI/UX Designer,AI Copilot Studio,Software Engineering Overview,"Understand the importance of software engineering on computers, concepts of software, classification of software, quality assessment of software, and principles of software engineering.",Software Engineering Overview,02ce8e60e2b45790,,1.0,1.0
753,Middle/Senior UI/UX Designer,AI Copilot Studio,Software Maintenance,Understand and apply software maintenance processes and activities.,Software Maintenance,bd5b7d448f44da32,,1.0,1.0
753,Middle/Senior UI/UX Designer,Design Tokens,Automated Testing Techniques,Understand and apply automated testing techniques using tools like NUnit and .NET Framework.,Automated Testing Techniques,7209ac90fac75884,,1.0,1.0
753,Middle/Senior UI/UX Designer,Design Tokens,Black Box Testing Methods,"Apply black box testing methods and distinguish between different levels of testing such as unit, integration, and system testing.",Black Box Testing Methods,2672f7b51b46e0c8,,1.0,1.0
753,Middle/Senior UI/UX Designer,Design Tokens,Team Collaboration Skills,"Organize group activities, execute and evaluate the quality of work done by team members.",Team Collaboration Skills,741815bcf4287fb6,,1.0,1.0
753,Middle/Senior UI/UX Designer,Design Tokens,Testing Process Management,"Manage the testing process from planning to completion, including reading and understanding test plans, exit criteria, and defect logs.",Testing Process Management,7d58e187d0938570,,1.0,1.0
753,Middle/Senior UI/UX Designer,Design Tokens,White Box Testing Methods,Apply white box testing methods including control flow analysis and data flow analysis.,White Box Testing Methods,f9f37f3cfd56b039,,1.0,1.0
753,Middle/Senior UI/UX Designer,Design Tokens,Independent Work,Work independently or actively participate in group activities.,Working independently or actively participating in group activities,cb30603c4782dc9b,,1.0,1.0
753,Middle/Senior UI/UX Designer,Design Tokens,Project Management for Software Development,"Manage software development projects, including quality management, configuration management, and risk management.",Project Management for Software Development,2d31b2a008606b05,,1.0,1.0
753,Middle/Senior UI/UX Designer,Design Tokens,Requirements Specification,"Understand and apply the process of specifying software requirements, including analysis and documentation.",Requirements Specification,3ad7203832e57573,,1.0,1.0
753,Middle/Senior UI/UX Designer,Design Tokens,Social Responsibility and Professional Ethics,Demonstrate social responsibility and professional ethics in the field of information systems management.,Social responsibility and professional ethics,7744d87d7fa8a642,,1.0,1.0
753,Middle/Senior UI/UX Designer,Design Tokens,Software Engineering Overview,"Understand the importance of software engineering on computers, concepts of software, classification of software, quality assessment of software, and principles of software engineering.",Software Engineering Overview,02ce8e60e2b45790,,1.0,1.0
753,Middle/Senior UI/UX Designer,Design Tokens,Software Maintenance,Understand and apply software maintenance processes and activities.,Software Maintenance,bd5b7d448f44da32,,1.0,1.0
753,Middle/Senior UI/UX Designer,Heuristic Evaluation,Automated Testing Techniques,Understand and apply automated testing techniques using tools like NUnit and .NET Framework.,Automated Testing Techniques,7209ac90fac75884,,1.0,1.0
753,Middle/Senior UI/UX Designer,Heuristic Evaluation,Black Box Testing Methods,"Apply black box testing methods and distinguish between different levels of testing such as unit, integration, and system testing.",Black Box Testing Methods,2672f7b51b46e0c8,,1.0,1.0
753,Middle/Senior UI/UX Designer,Heuristic Evaluation,Software Testing Overview,"Understand the role of software testing in SDLC, processes and planning, and techniques in design and execution.",Software Testing Overview,91ec854c3fff68a5,,1.0,1.0
753,Middle/Senior UI/UX Designer,Heuristic Evaluation,Team Collaboration Skills,"Organize group activities, execute and evaluate the quality of work done by team members.",Team Collaboration Skills,741815bcf4287fb6,,1.0,1.0
753,Middle/Senior UI/UX Designer,Heuristic Evaluation,Testing Process Management,"Manage the testing process from planning to completion, including reading and understanding test plans, exit criteria, and defect logs.",Testing Process Management,7d58e187d0938570,,1.0,1.0
753,Middle/Senior UI/UX Designer,Heuristic Evaluation,White Box Testing Methods,Apply white box testing methods including control flow analysis and data flow analysis.,White Box Testing Methods,f9f37f3cfd56b039,,1.0,1.0
753,Middle/Senior UI/UX Designer,Heuristic Evaluation,Functional Analysis and Design,"Analyze and design software using functional analysis techniques such as BFD, CD, and DFD diagrams.",Functional Analysis and Design,2bbb44579b134037,,1.0,1.0
753,Middle/Senior UI/UX Designer,Heuristic Evaluation,Independent Work,Work independently or actively participate in group activities.,Working independently or actively participating in group activities,cb30603c4782dc9b,,1.0,1.0
753,Middle/Senior UI/UX Designer,Heuristic Evaluation,Object-Oriented Analysis and Design,Apply object-oriented analysis and design techniques using UML diagrams.,Object-Oriented Analysis and Design,b00679b1f3107f17,,1.0,1.0
753,Middle/Senior UI/UX Designer,Heuristic Evaluation,Project Management for Software Development,"Manage software development projects, including quality management, configuration management, and risk management.",Project Management for Software Development,2d31b2a008606b05,,1.0,1.0
753,Middle/Senior UI/UX Designer,Heuristic Evaluation,Real-Time System Design,Understand and apply real-time system design principles and methods.,Real-Time System Design,00eb3aec04c963ec,,1.0,1.0
753,Middle/Senior UI/UX Designer,Heuristic Evaluation,Requirements Specification,"Understand and apply the process of specifying software requirements, including analysis and documentation.",Requirements Specification,3ad7203832e57573,,1.0,1.0
753,Middle/Senior UI/UX Designer,Heuristic Evaluation,Social Responsibility and Professional Ethics,Demonstrate social responsibility and professional ethics in the field of information systems management.,Social responsibility and professional ethics,7744d87d7fa8a642,,1.0,1.0
753,Middle/Senior UI/UX Designer,Heuristic Evaluation,Software Design Fundamentals,"Understand the role and strategies of software design, including various design methods and tools.",Software Design Fundamentals,65a3aaef3877d176,,1.0,1.0
753,Middle/Senior UI/UX Designer,Heuristic Evaluation,Software Engineering Overview,"Understand the importance of software engineering on computers, concepts of software, classification of software, quality assessment of software, and principles of software engineering.",Software Engineering Overview,02ce8e60e2b45790,,1.0,1.0
753,Middle/Senior UI/UX Designer,Heuristic Evaluation,Software Maintenance,Understand and apply software maintenance processes and activities.,Software Maintenance,bd5b7d448f44da32,,1.0,1.0
79,"Phụ Trách Kinh Doanh, Bảo Hiểm Phi Nhân Thọ",Non-life Insurance Products,Work independently and in groups,"Demonstrate the ability to work independently and in groups, logical thinking and critical thinking, legal awareness, and responsibility towards society.",Work independently and in groups,724d5280e7c5728f,,1.0,1.0
79,"Phụ Trách Kinh Doanh, Bảo Hiểm Phi Nhân Thọ",Non-life Insurance Products,Analyzing business-customer relationships,Analyze the quality and development of business-customer relationships.,Analyzing business-customer relationships,3499e99bd6e0737f,,1.0,1.0
79,"Phụ Trách Kinh Doanh, Bảo Hiểm Phi Nhân Thọ",Non-life Insurance Products,Building CRM strategies,Develop comprehensive strategies for managing customer relationships.,Building CRM strategies,16125868162c9e57,,1.0,1.0
79,"Phụ Trách Kinh Doanh, Bảo Hiểm Phi Nhân Thọ",Non-life Insurance Products,CRM analysis,Conduct analysis and manage operations in customer relationship management.,CRM analysis,310348cd2ca04b15,,1.0,1.0
79,"Phụ Trách Kinh Doanh, Bảo Hiểm Phi Nhân Thọ",Non-life Insurance Products,Customer care and conflict resolution,Provide customer care and resolve conflicts effectively.,Customer care and conflict resolution,0de93e6320b1c204,,1.0,1.0
79,"Phụ Trách Kinh Doanh, Bảo Hiểm Phi Nhân Thọ",Non-life Insurance Products,Managing customer lifecycle,Manage the various stages of the customer lifecycle.,Managing customer lifecycle,3397ba5e53781cb5,,1.0,1.0
79,"Phụ Trách Kinh Doanh, Bảo Hiểm Phi Nhân Thọ",Non-life Insurance Products,Strategic decisions in CRM,Make strategic decisions related to customer relationship management.,Strategic decisions in CRM,2af41337e1ff7abc,,1.0,1.0
79,"Phụ Trách Kinh Doanh, Bảo Hiểm Phi Nhân Thọ",Non-life Insurance Products,Understanding the nature of customer relationships,Understand the fundamental aspects of customer relationships and their management.,Understanding the nature of customer relationships,8a4b0d5cb714fa14,,1.0,1.0
79,"Phụ Trách Kinh Doanh, Bảo Hiểm Phi Nhân Thọ",Partner Relationship Management,Calculate premiums for some basic life insurance products,Apply formulas and assumptions to calculate premiums for some types of life insurance products.,Calculate premiums for some basic life insurance products,97a24dfbc218f2df,,1.0,1.0
79,"Phụ Trách Kinh Doanh, Bảo Hiểm Phi Nhân Thọ",Partner Relationship Management,Calculate premiums for some basic non-life insurance products,Apply formulas and assumptions to calculate premiums for some types of non-life insurance products.,Calculate premiums for some basic life insurance products,97a24dfbc218f2df,,1.0,1.0
79,"Phụ Trách Kinh Doanh, Bảo Hiểm Phi Nhân Thọ",Partner Relationship Management,Understand the basic theoretical knowledge about actuarial pricing,"Grasp the concepts, characteristics, scientific foundations in the process of calculating insurance premiums, assumptions applied when pricing.",Understand the basic theoretical knowledge about actuarial pricing,22cc350b50f8f5b0,,1.0,1.0
79,"Phụ Trách Kinh Doanh, Bảo Hiểm Phi Nhân Thọ",Partner Relationship Management,Understand the basis of actuarial pricing for life insurance,"Comprehend the principles and bases of actuarial pricing for life insurance, factors constituting the premium of each type of life insurance product.",Understand the basis of actuarial pricing for life insurance,07bd25214fb6f503,,1.0,1.0
79,"Phụ Trách Kinh Doanh, Bảo Hiểm Phi Nhân Thọ",Partner Relationship Management,Understand the principles and bases of actuarial pricing for non-life insurance,"Grasp the principles and bases of actuarial pricing for non-life insurance, methods and formulas for calculating premiums for some basic non-life insurance products.",Understand the principles and bases of actuarial pricing for non-life insurance,4ac368fb3772fc16,,1.0,1.0
79,"Phụ Trách Kinh Doanh, Bảo Hiểm Phi Nhân Thọ",Partner Relationship Management,Work independently and in groups,"Demonstrate the ability to work independently and in groups, logical thinking and critical thinking, legal awareness, and responsibility towards society.",Work independently and in groups,724d5280e7c5728f,,1.0,1.0
79,"Phụ Trách Kinh Doanh, Bảo Hiểm Phi Nhân Thọ",Partner Relationship Management,Analyzing business-customer relationships,Analyze the quality and development of business-customer relationships.,Analyzing business-customer relationships,3499e99bd6e0737f,,1.0,1.0
79,"Phụ Trách Kinh Doanh, Bảo Hiểm Phi Nhân Thọ",Partner Relationship Management,Customer care and conflict resolution,Provide customer care and resolve conflicts effectively.,Customer care and conflict resolution,0de93e6320b1c204,,1.0,1.0
79,"Phụ Trách Kinh Doanh, Bảo Hiểm Phi Nhân Thọ",Sales Agent Training,Calculate premiums for some basic life insurance products,Apply formulas and assumptions to calculate premiums for some types of life insurance products.,Calculate premiums for some basic life insurance products,97a24dfbc218f2df,,1.0,1.0
79,"Phụ Trách Kinh Doanh, Bảo Hiểm Phi Nhân Thọ",Sales Agent Training,Calculate premiums for some basic non-life insurance products,Apply formulas and assumptions to calculate premiums for some types of non-life insurance products.,Calculate premiums for some basic life insurance products,97a24dfbc218f2df,,1.0,1.0
79,"Phụ Trách Kinh Doanh, Bảo Hiểm Phi Nhân Thọ",Sales Agent Training,Understand the basic theoretical knowledge about actuarial pricing,"Grasp the concepts, characteristics, scientific foundations in the process of calculating insurance premiums, assumptions applied when pricing.",Understand the basic theoretical knowledge about actuarial pricing,22cc350b50f8f5b0,,1.0,1.0
79,"Phụ Trách Kinh Doanh, Bảo Hiểm Phi Nhân Thọ",Sales Agent Training,Understand the basis of actuarial pricing for life insurance,"Comprehend the principles and bases of actuarial pricing for life insurance, factors constituting the premium of each type of life insurance product.",Understand the basis of actuarial pricing for life insurance,07bd25214fb6f503,,1.0,1.0
79,"Phụ Trách Kinh Doanh, Bảo Hiểm Phi Nhân Thọ",Sales Agent Training,Understand the principles and bases of actuarial pricing for non-life insurance,"Grasp the principles and bases of actuarial pricing for non-life insurance, methods and formulas for calculating premiums for some basic non-life insurance products.",Understand the principles and bases of actuarial pricing for non-life insurance,4ac368fb3772fc16,,1.0,1.0
79,"Phụ Trách Kinh Doanh, Bảo Hiểm Phi Nhân Thọ",Sales Agent Training,Work independently and in groups,"Demonstrate the ability to work independently and in groups, logical thinking and critical thinking, legal awareness, and responsibility towards society.",Work independently and in groups,724d5280e7c5728f,,1.0,1.0
79,"Phụ Trách Kinh Doanh, Bảo Hiểm Phi Nhân Thọ",Sales Agent Training,Analyzing business-customer relationships,Analyze the quality and development of business-customer relationships.,Analyzing business-customer relationships,3499e99bd6e0737f,,1.0,1.0
79,"Phụ Trách Kinh Doanh, Bảo Hiểm Phi Nhân Thọ",Sales Agent Training,Building CRM strategies,Develop comprehensive strategies for managing customer relationships.,Building CRM strategies,16125868162c9e57,,1.0,1.0
79,"Phụ Trách Kinh Doanh, Bảo Hiểm Phi Nhân Thọ",Sales Agent Training,CRM analysis,Conduct analysis and manage operations in customer relationship management.,CRM analysis,310348cd2ca04b15,,1.0,1.0
79,"Phụ Trách Kinh Doanh, Bảo Hiểm Phi Nhân Thọ",Sales Agent Training,Customer care and conflict resolution,Provide customer care and resolve conflicts effectively.,Customer care and conflict resolution,0de93e6320b1c204,,1.0,1.0
79,"Phụ Trách Kinh Doanh, Bảo Hiểm Phi Nhân Thọ",Sales Agent Training,Managing customer lifecycle,Manage the various stages of the customer lifecycle.,Managing customer lifecycle,3397ba5e53781cb5,,1.0,1.0
79,"Phụ Trách Kinh Doanh, Bảo Hiểm Phi Nhân Thọ",Sales Agent Training,Strategic decisions in CRM,Make strategic decisions related to customer relationship management.,Strategic decisions in CRM,2af41337e1ff7abc,,1.0,1.0
79,"Phụ Trách Kinh Doanh, Bảo Hiểm Phi Nhân Thọ",Sales Agent Training,Understanding the nature of customer relationships,Understand the fundamental aspects of customer relationships and their management.,Understanding the nature of customer relationships,8a4b0d5cb714fa14,,1.0,1.0
87,Process Quality Assurance (PQA),FMEA,Classroom Discipline Awareness,Have awareness of classroom discipline and follow class rules.,Classroom Discipline Awareness,9654301f48e6c7c1,,1.0,1.0
87,Process Quality Assurance (PQA),FMEA,IT Project Management Knowledge,Apply project management knowledge to manage IT projects effectively.,IT Project Management Knowledge,b5386c88e430ad1d,,1.0,1.0
87,Process Quality Assurance (PQA),FMEA,Interdisciplinary Knowledge,Recognize interdisciplinary knowledge for managing IT projects.,Interdisciplinary Knowledge,6a7bcd293fecf4ee,,1.0,1.0
87,Process Quality Assurance (PQA),FMEA,Practical Application of Project Management Skills,Apply project management skills to real-world problems.,Practical Application of Project Management Skills,9855031340aa8cf7,,1.0,1.0
87,Process Quality Assurance (PQA),FMEA,Report Writing and Project Evaluation,Write reports and evaluate IT projects.,Report Writing and Project Evaluation,a0bd802981822cf9,,1.0,1.0
87,Process Quality Assurance (PQA),FMEA,Teamwork and Responsibility,Demonstrate teamwork skills and understand personal responsibility.,Personal responsibility and teamwork,1293cfeced952eaa,,1.0,1.0
87,Process Quality Assurance (PQA),FMEA,Problem Solving Skills,Ability to handle situations and issues arising during the management of information systems.,Problem Solving Ability,7906fcc9ffa480dc,,1.0,1.0
87,Process Quality Assurance (PQA),FMEA,Project Management Tools Usage,"Proficient use of tools like MS Project, Draw.io for reporting progress and drawing various diagrams such as BFD, IFD, CD, DFD, ERD during the system analysis phase.",Project Management Tools Usage,65b6419b2b14b4a3,,1.0,1.0
87,Process Quality Assurance (PQA),FMEA,Social Responsibility and Professional Ethics,Social responsibility and professional ethics in the field of information systems management.,Social responsibility and professional ethics,7744d87d7fa8a642,,1.0,1.0
87,Process Quality Assurance (PQA),FMEA,Survey Skills,"Develop skills in conducting practical surveys, planning, analyzing, designing, developing, operating, and maintaining management information systems.",Survey Skills,8c97b9ea74a14189,,1.0,1.0
87,Process Quality Assurance (PQA),FMEA,System Analysis and Design Thinking,"Understand and explain system analysis and design thinking; understand logical and physical design, database design, algorithm design, human-machine interaction design, hardware design.",System Analysis and Design Thinking,83be607df9b26ce7,,1.0,1.0
87,Process Quality Assurance (PQA),project-management-tools-JIRA,Classroom Discipline Awareness,Have awareness of classroom discipline and follow class rules.,Classroom Discipline Awareness,9654301f48e6c7c1,,1.0,1.0
87,Process Quality Assurance (PQA),project-management-tools-JIRA,Interdisciplinary Knowledge,Recognize interdisciplinary knowledge for managing IT projects.,Interdisciplinary Knowledge,6a7bcd293fecf4ee,,1.0,1.0
87,Process Quality Assurance (PQA),project-management-tools-JIRA,Teamwork and Responsibility,Demonstrate teamwork skills and understand personal responsibility.,Personal responsibility and teamwork,1293cfeced952eaa,,1.0,1.0
87,Process Quality Assurance (PQA),project-management-tools-JIRA,Problem Solving Skills,Ability to handle situations and issues arising during the management of information systems.,Problem Solving Ability,7906fcc9ffa480dc,,1.0,1.0
87,Process Quality Assurance (PQA),project-management-tools-JIRA,Social Responsibility and Professional Ethics,Social responsibility and professional ethics in the field of information systems management.,Social responsibility and professional ethics,7744d87d7fa8a642,,1.0,1.0
87,Process Quality Assurance (PQA),project-management-tools-JIRA,Survey Skills,"Develop skills in conducting practical surveys, planning, analyzing, designing, developing, operating, and maintaining management information systems.",Survey Skills,8c97b9ea74a14189,,1.0,1.0
87,Process Quality Assurance (PQA),project-management-tools-JIRA,System Analysis and Design Thinking,"Understand and explain system analysis and design thinking; understand logical and physical design, database design, algorithm design, human-machine interaction design, hardware design.",System Analysis and Design Thinking,83be607df9b26ce7,,1.0,1.0
9,Chuyên Viên Nhân Sự Tổng Hợp,AWS,Critical Thinking,"Participate in discussions, defend personal opinions, and contribute to group problem-solving.",Participate in group discussions,b0127e8c7738eb69,,1.0,1.0
9,Chuyên Viên Nhân Sự Tổng Hợp,AWS,Data Representation,"Explain and apply methods of data representation in electronic computers, describe components of computer systems.",Data Representation,e4e4a1256b2c80ca,,1.0,1.0
9,Chuyên Viên Nhân Sự Tổng Hợp,AWS,Information and Data Processing,"Describe knowledge about information, data processing, information systems, electronic computers, hardware, software, organization of electronic computers, solving problems with computers.",Information and Data Processing,ae658c64c2eb3c00,,1.0,1.0
9,Chuyên Viên Nhân Sự Tổng Hợp,AWS,Office Application Proficiency,"Proficiently use office applications such as Word, Excel, PowerPoint, and basic programming with Python.",Office Application Proficiency,cf670c697ea9d74d,,1.0,1.0
9,Chuyên Viên Nhân Sự Tổng Hợp,AWS,Python Programming Basics,"Understand basic concepts in Python, data types, operators, expressions, input/output operations, programming structures in Python, and apply them to build simple programs.",Python Programming Basics,04b10f24999a0cca,,1.0,1.0
9,Chuyên Viên Nhân Sự Tổng Hợp,AWS,Windows OS Operations,"Perform operations in Windows operating system and use common office applications like Word, Excel, PowerPoint.",Windows OS Operations,d68b7f91a3d337eb,,1.0,1.0
9,Chuyên Viên Nhân Sự Tổng Hợp,AWS,Critical Thinking,Apply critical thinking skills to solve complex problems.,Applying Critical Thinking to Solve Practical Problems,f1912dde62fc5adf,,1.0,1.0
9,Chuyên Viên Nhân Sự Tổng Hợp,AWS,Database Backup and Recovery,Perform backup and recovery operations on databases.,Database Backup and Recovery,75c12111651f2778,,1.0,1.0
9,Chuyên Viên Nhân Sự Tổng Hợp,AWS,Database Security,Implement security measures in SQL Server.,Database Security,8d3e67ac69e47e22,,1.0,1.0
9,Chuyên Viên Nhân Sự Tổng Hợp,AWS,Microsoft SQL Server,Use Microsoft SQL Server for database management tasks.,Microsoft SQL Server,ed346bb14786b438,,1.0,1.0
9,Chuyên Viên Nhân Sự Tổng Hợp,AWS,SQL Programming,Write SQL scripts for data manipulation and retrieval.,SQL Programming,3117f8304b70d114,,1.0,1.0
9,Chuyên Viên Nhân Sự Tổng Hợp,AWS,SQL Server Architecture,Understand and apply the functions and architecture of database management systems in various software.,SQL Server Architecture,ddc6d4e3d2daab20,,1.0,1.0
9,Chuyên Viên Nhân Sự Tổng Hợp,AWS,SQL Server Management Studio,Utilize SQL Server Management Studio for database management tasks.,SQL Server Management Studio,7fb492d807a274a9,,1.0,1.0
9,Chuyên Viên Nhân Sự Tổng Hợp,AWS,SQL Server Modeling,Understand and apply the modeling techniques for database management systems in various software.,SQL Server Modeling,1e7640da024ecbec,,1.0,1.0
9,Chuyên Viên Nhân Sự Tổng Hợp,AWS,Stored Procedures Creation,Create stored procedures in SQL Server.,Stored Procedures Creation,51940ce2bc522db7,,1.0,1.0
9,Chuyên Viên Nhân Sự Tổng Hợp,AWS,Triggers Programming,Program triggers in SQL Server.,Triggers Programming,5d0dad4570c2ec11,,1.0,1.0
9,Chuyên Viên Nhân Sự Tổng Hợp,AWS,File Handling,Work with files in Python.,File Handling,d311d55d4cd0fdd8,,1.0,1.0
9,Chuyên Viên Nhân Sự Tổng Hợp,AWS,Functions,Design and implement functions in Python.,Functions,ef7d009c7e812da1,,1.0,1.0
9,Chuyên Viên Nhân Sự Tổng Hợp,AWS,Google Colab,Use Google Colab for Python development.,Google Colab,70f0d3e18d498cc9,,1.0,1.0
9,Chuyên Viên Nhân Sự Tổng Hợp,AWS,Jupyter Notebook,Use Jupyter Notebook for Python development.,Jupyter Notebook,09f25c69a7726d83,,1.0,1.0
9,Chuyên Viên Nhân Sự Tổng Hợp,AWS,Modules,Use modules and packages in Python.,Modules,fbc6c1d4c3b6db8f,,1.0,1.0
9,Chuyên Viên Nhân Sự Tổng Hợp,AWS,PyCharm,Use PyCharm for Python development.,PyCharm,fe798171f07a9d14,,1.0,1.0
9,Chuyên Viên Nhân Sự Tổng Hợp,AWS,Python Libraries,"Utilize Python libraries such as Pandas, Numpy, and Matplotlib for data analysis.",Python Libraries,b79b2b496fa42e37,,1.0,1.0
9,Chuyên Viên Nhân Sự Tổng Hợp,AWS,Variable Handling,Understand and apply variable handling in Python.,Variable Handling,dd23eb36ba0dbe6f,,1.0,1.0
9,Chuyên Viên Nhân Sự Tổng Hợp,AWS,Visual Studio Code,Use Visual Studio Code for Python development.,Visual Studio Code,19034ff2846dd635,,1.0,1.0
9,Chuyên Viên Nhân Sự Tổng Hợp,AWS,Brand building skills,Develop brand building skills,Brand building skills,8940067d34b44f1d,,1.0,1.0
9,Chuyên Viên Nhân Sự Tổng Hợp,AWS,Business planning skills,Develop business planning skills,Business planning skills,88be4d62eb4ec017,,1.0,1.0
9,Chuyên Viên Nhân Sự Tổng Hợp,AWS,Decision-making skills,Develop decision-making skills,Decision-making skills,a23f2949740d4a06,,1.0,1.0
9,Chuyên Viên Nhân Sự Tổng Hợp,AWS,Negotiation skills,Develop negotiation skills,Negotiation skills,bb750c5ebfa0e300,,1.0,1.0
9,Chuyên Viên Nhân Sự Tổng Hợp,AWS,Personal time management,Manage personal time effectively,Personal time management,ceaddc8a923e568f,,1.0,1.0
9,Chuyên Viên Nhân Sự Tổng Hợp,AWS,Stress management,Manage stress effectively,Stress management,4fd4599c7a74d06e,,1.0,1.0
9,Chuyên Viên Nhân Sự Tổng Hợp,AWS,Understanding the concept and role of management,Understand the concept and role of management,Understanding the concept and role of management,ce305b920d520494,,1.0,1.0
9,Chuyên Viên Nhân Sự Tổng Hợp,AWS,Data Analysis and Information Support,Analyze and synthesize data to provide information support for decision-making processes.,Data Analysis and Information Support,8215ba1a64f8508f,,1.0,1.0
9,Chuyên Viên Nhân Sự Tổng Hợp,AWS,Database Management System Concepts,"Understand fundamental concepts of database management systems including indexing, views, triggers, stored procedures, user management, and data security.",Database Management System Concepts,26b97749bed6a730,,1.0,1.0
9,Chuyên Viên Nhân Sự Tổng Hợp,AWS,Database Querying,Understand basic to advanced concepts of database querying.,Database Querying,bebe8fe7d553f62f,,1.0,1.0
9,Chuyên Viên Nhân Sự Tổng Hợp,AWS,Independent Work,"Work independently or actively, positively, and effectively in group activities.",Working independently or actively participating in group activities,cb30603c4782dc9b,,1.0,1.0
9,Chuyên Viên Nhân Sự Tổng Hợp,AWS,Normalized Database Design,Design databases up to 5NF normalization level and apply basic principles of database design processes for operational activities.,Normalized Database Design,d2e8f7ed4f19bed2,,1.0,1.0
9,Chuyên Viên Nhân Sự Tổng Hợp,AWS,SQL Syntax Application,"Apply theoretical models, relational algebra expressions, and SQL syntax to analyze, evaluate, and explain issues related to query optimization and data integrity.",SQL Syntax Application,d190fe4b306f94b0,,1.0,1.0
9,Chuyên Viên Nhân Sự Tổng Hợp,AWS,Social Responsibility and Professional Ethics,Demonstrate social responsibility and professional ethics in the field of Information Systems Management.,Social responsibility and professional ethics,7744d87d7fa8a642,,1.0,1.0
9,Chuyên Viên Nhân Sự Tổng Hợp,AWS,Data Relationships,"Understand and explain relationships within databases, normalize data up to 3NF.",Data Relationships,8b53f344b0896cf3,,1.0,1.0
9,Chuyên Viên Nhân Sự Tổng Hợp,AWS,Database Design,Design databases according to normalization standards and apply basic principles of database design processes for operational activities.,Database Design Principles,9a930353bd438a0e,,1.0,1.0
9,Chuyên Viên Nhân Sự Tổng Hợp,AWS,Independent Work,"Work independently or actively, positively, and effectively in group activities.",Working independently or actively participating in group activities,cb30603c4782dc9b,,1.0,1.0
9,Chuyên Viên Nhân Sự Tổng Hợp,AWS,Query Optimization,"Apply theories, models, relational algebra expressions, and SQL syntax to analyze, evaluate, and explain query optimization and data integrity issues.",Query Optimization,9aae78751eb7d681,,1.0,1.0
9,Chuyên Viên Nhân Sự Tổng Hợp,AWS,Social Responsibility,Have social responsibility and professional ethics in the field of information systems management.,Social responsibility and professional ethics,7744d87d7fa8a642,,1.0,1.0
9,Chuyên Viên Nhân Sự Tổng Hợp,Lean,Critical Thinking,"Participate in discussions, defend personal opinions, and contribute to group problem-solving.",Participate in group discussions,b0127e8c7738eb69,,1.0,1.0
9,Chuyên Viên Nhân Sự Tổng Hợp,Lean,Data Representation,"Explain and apply methods of data representation in electronic computers, describe components of computer systems.",Data Representation,e4e4a1256b2c80ca,,1.0,1.0
9,Chuyên Viên Nhân Sự Tổng Hợp,Lean,Information and Data Processing,"Describe knowledge about information, data processing, information systems, electronic computers, hardware, software, organization of electronic computers, solving problems with computers.",Information and Data Processing,ae658c64c2eb3c00,,1.0,1.0
9,Chuyên Viên Nhân Sự Tổng Hợp,Lean,Office Application Proficiency,"Proficiently use office applications such as Word, Excel, PowerPoint, and basic programming with Python.",Office Application Proficiency,cf670c697ea9d74d,,1.0,1.0
9,Chuyên Viên Nhân Sự Tổng Hợp,Lean,Python Programming Basics,"Understand basic concepts in Python, data types, operators, expressions, input/output operations, programming structures in Python, and apply them to build simple programs.",Python Programming Basics,04b10f24999a0cca,,1.0,1.0
9,Chuyên Viên Nhân Sự Tổng Hợp,Lean,Windows OS Operations,"Perform operations in Windows operating system and use common office applications like Word, Excel, PowerPoint.",Windows OS Operations,d68b7f91a3d337eb,,1.0,1.0
9,Chuyên Viên Nhân Sự Tổng Hợp,Lean,Critical Thinking,Apply critical thinking skills to solve complex problems.,Applying Critical Thinking to Solve Practical Problems,f1912dde62fc5adf,,1.0,1.0
9,Chuyên Viên Nhân Sự Tổng Hợp,Lean,Database Backup and Recovery,Perform backup and recovery operations on databases.,Database Backup and Recovery,75c12111651f2778,,1.0,1.0
9,Chuyên Viên Nhân Sự Tổng Hợp,Lean,Database Security,Implement security measures in SQL Server.,Database Security,8d3e67ac69e47e22,,1.0,1.0
9,Chuyên Viên Nhân Sự Tổng Hợp,Lean,Microsoft SQL Server,Use Microsoft SQL Server for database management tasks.,Microsoft SQL Server,ed346bb14786b438,,1.0,1.0
9,Chuyên Viên Nhân Sự Tổng Hợp,Lean,SQL Programming,Write SQL scripts for data manipulation and retrieval.,SQL Programming,3117f8304b70d114,,1.0,1.0
9,Chuyên Viên Nhân Sự Tổng Hợp,Lean,SQL Server Architecture,Understand and apply the functions and architecture of database management systems in various software.,SQL Server Architecture,ddc6d4e3d2daab20,,1.0,1.0
9,Chuyên Viên Nhân Sự Tổng Hợp,Lean,SQL Server Management Studio,Utilize SQL Server Management Studio for database management tasks.,SQL Server Management Studio,7fb492d807a274a9,,1.0,1.0
9,Chuyên Viên Nhân Sự Tổng Hợp,Lean,SQL Server Modeling,Understand and apply the modeling techniques for database management systems in various software.,SQL Server Modeling,1e7640da024ecbec,,1.0,1.0
9,Chuyên Viên Nhân Sự Tổng Hợp,Lean,Stored Procedures Creation,Create stored procedures in SQL Server.,Stored Procedures Creation,51940ce2bc522db7,,1.0,1.0
9,Chuyên Viên Nhân Sự Tổng Hợp,Lean,Triggers Programming,Program triggers in SQL Server.,Triggers Programming,5d0dad4570c2ec11,,1.0,1.0
9,Chuyên Viên Nhân Sự Tổng Hợp,Lean,File Handling,Work with files in Python.,File Handling,d311d55d4cd0fdd8,,1.0,1.0
9,Chuyên Viên Nhân Sự Tổng Hợp,Lean,Functions,Design and implement functions in Python.,Functions,ef7d009c7e812da1,,1.0,1.0
9,Chuyên Viên Nhân Sự Tổng Hợp,Lean,Google Colab,Use Google Colab for Python development.,Google Colab,70f0d3e18d498cc9,,1.0,1.0
9,Chuyên Viên Nhân Sự Tổng Hợp,Lean,Jupyter Notebook,Use Jupyter Notebook for Python development.,Jupyter Notebook,09f25c69a7726d83,,1.0,1.0
9,Chuyên Viên Nhân Sự Tổng Hợp,Lean,Modules,Use modules and packages in Python.,Modules,fbc6c1d4c3b6db8f,,1.0,1.0
9,Chuyên Viên Nhân Sự Tổng Hợp,Lean,PyCharm,Use PyCharm for Python development.,PyCharm,fe798171f07a9d14,,1.0,1.0
9,Chuyên Viên Nhân Sự Tổng Hợp,Lean,Python Libraries,"Utilize Python libraries such as Pandas, Numpy, and Matplotlib for data analysis.",Python Libraries,b79b2b496fa42e37,,1.0,1.0
9,Chuyên Viên Nhân Sự Tổng Hợp,Lean,Variable Handling,Understand and apply variable handling in Python.,Variable Handling,dd23eb36ba0dbe6f,,1.0,1.0
9,Chuyên Viên Nhân Sự Tổng Hợp,Lean,Visual Studio Code,Use Visual Studio Code for Python development.,Visual Studio Code,19034ff2846dd635,,1.0,1.0
9,Chuyên Viên Nhân Sự Tổng Hợp,Lean,Brand building skills,Develop brand building skills,Brand building skills,8940067d34b44f1d,,1.0,1.0
9,Chuyên Viên Nhân Sự Tổng Hợp,Lean,Business planning skills,Develop business planning skills,Business planning skills,88be4d62eb4ec017,,1.0,1.0
9,Chuyên Viên Nhân Sự Tổng Hợp,Lean,Decision-making skills,Develop decision-making skills,Decision-making skills,a23f2949740d4a06,,1.0,1.0
9,Chuyên Viên Nhân Sự Tổng Hợp,Lean,Negotiation skills,Develop negotiation skills,Negotiation skills,bb750c5ebfa0e300,,1.0,1.0
9,Chuyên Viên Nhân Sự Tổng Hợp,Lean,Personal time management,Manage personal time effectively,Personal time management,ceaddc8a923e568f,,1.0,1.0
9,Chuyên Viên Nhân Sự Tổng Hợp,Lean,Stress management,Manage stress effectively,Stress management,4fd4599c7a74d06e,,1.0,1.0
9,Chuyên Viên Nhân Sự Tổng Hợp,Lean,Understanding the concept and role of management,Understand the concept and role of management,Understanding the concept and role of management,ce305b920d520494,,1.0,1.0
9,Chuyên Viên Nhân Sự Tổng Hợp,Lean,Data Analysis and Information Support,Analyze and synthesize data to provide information support for decision-making processes.,Data Analysis and Information Support,8215ba1a64f8508f,,1.0,1.0
9,Chuyên Viên Nhân Sự Tổng Hợp,Lean,Database Management System Concepts,"Understand fundamental concepts of database management systems including indexing, views, triggers, stored procedures, user management, and data security.",Database Management System Concepts,26b97749bed6a730,,1.0,1.0
9,Chuyên Viên Nhân Sự Tổng Hợp,Lean,Database Querying,Understand basic to advanced concepts of database querying.,Database Querying,bebe8fe7d553f62f,,1.0,1.0
9,Chuyên Viên Nhân Sự Tổng Hợp,Lean,Independent Work,"Work independently or actively, positively, and effectively in group activities.",Working independently or actively participating in group activities,cb30603c4782dc9b,,1.0,1.0
9,Chuyên Viên Nhân Sự Tổng Hợp,Lean,Normalized Database Design,Design databases up to 5NF normalization level and apply basic principles of database design processes for operational activities.,Normalized Database Design,d2e8f7ed4f19bed2,,1.0,1.0
9,Chuyên Viên Nhân Sự Tổng Hợp,Lean,SQL Syntax Application,"Apply theoretical models, relational algebra expressions, and SQL syntax to analyze, evaluate, and explain issues related to query optimization and data integrity.",SQL Syntax Application,d190fe4b306f94b0,,1.0,1.0
9,Chuyên Viên Nhân Sự Tổng Hợp,Lean,Social Responsibility and Professional Ethics,Demonstrate social responsibility and professional ethics in the field of Information Systems Management.,Social responsibility and professional ethics,7744d87d7fa8a642,,1.0,1.0
9,Chuyên Viên Nhân Sự Tổng Hợp,Lean,Data Relationships,"Understand and explain relationships within databases, normalize data up to 3NF.",Data Relationships,8b53f344b0896cf3,,1.0,1.0
9,Chuyên Viên Nhân Sự Tổng Hợp,Lean,Database Design,Design databases according to normalization standards and apply basic principles of database design processes for operational activities.,Database Design Principles,9a930353bd438a0e,,1.0,1.0
9,Chuyên Viên Nhân Sự Tổng Hợp,Lean,Independent Work,"Work independently or actively, positively, and effectively in group activities.",Working independently or actively participating in group activities,cb30603c4782dc9b,,1.0,1.0
9,Chuyên Viên Nhân Sự Tổng Hợp,Lean,Query Optimization,"Apply theories, models, relational algebra expressions, and SQL syntax to analyze, evaluate, and explain query optimization and data integrity issues.",Query Optimization,9aae78751eb7d681,,1.0,1.0
9,Chuyên Viên Nhân Sự Tổng Hợp,Lean,Social Responsibility,Have social responsibility and professional ethics in the field of information systems management.,Social responsibility and professional ethics,7744d87d7fa8a642,,1.0,1.0
9,Chuyên Viên Nhân Sự Tổng Hợp,Python,Critical Thinking,"Participate in discussions, defend personal opinions, and contribute to group problem-solving.",Participate in group discussions,b0127e8c7738eb69,,1.0,1.0
9,Chuyên Viên Nhân Sự Tổng Hợp,Python,Data Representation,"Explain and apply methods of data representation in electronic computers, describe components of computer systems.",Data Representation,e4e4a1256b2c80ca,,1.0,1.0
9,Chuyên Viên Nhân Sự Tổng Hợp,Python,Information and Data Processing,"Describe knowledge about information, data processing, information systems, electronic computers, hardware, software, organization of electronic computers, solving problems with computers.",Information and Data Processing,ae658c64c2eb3c00,,1.0,1.0
9,Chuyên Viên Nhân Sự Tổng Hợp,Python,Windows OS Operations,"Perform operations in Windows operating system and use common office applications like Word, Excel, PowerPoint.",Windows OS Operations,d68b7f91a3d337eb,,1.0,1.0
9,Chuyên Viên Nhân Sự Tổng Hợp,Python,Critical Thinking,Apply critical thinking skills to solve complex problems.,Applying Critical Thinking to Solve Practical Problems,f1912dde62fc5adf,,1.0,1.0
9,Chuyên Viên Nhân Sự Tổng Hợp,Python,Database Backup and Recovery,Perform backup and recovery operations on databases.,Database Backup and Recovery,75c12111651f2778,,1.0,1.0
9,Chuyên Viên Nhân Sự Tổng Hợp,Python,Database Security,Implement security measures in SQL Server.,Database Security,8d3e67ac69e47e22,,1.0,1.0
9,Chuyên Viên Nhân Sự Tổng Hợp,Python,Microsoft SQL Server,Use Microsoft SQL Server for database management tasks.,Microsoft SQL Server,ed346bb14786b438,,1.0,1.0
9,Chuyên Viên Nhân Sự Tổng Hợp,Python,SQL Programming,Write SQL scripts for data manipulation and retrieval.,SQL Programming,3117f8304b70d114,,1.0,1.0
9,Chuyên Viên Nhân Sự Tổng Hợp,Python,SQL Server Architecture,Understand and apply the functions and architecture of database management systems in various software.,SQL Server Architecture,ddc6d4e3d2daab20,,1.0,1.0
9,Chuyên Viên Nhân Sự Tổng Hợp,Python,SQL Server Management Studio,Utilize SQL Server Management Studio for database management tasks.,SQL Server Management Studio,7fb492d807a274a9,,1.0,1.0
9,Chuyên Viên Nhân Sự Tổng Hợp,Python,SQL Server Modeling,Understand and apply the modeling techniques for database management systems in various software.,SQL Server Modeling,1e7640da024ecbec,,1.0,1.0
9,Chuyên Viên Nhân Sự Tổng Hợp,Python,Stored Procedures Creation,Create stored procedures in SQL Server.,Stored Procedures Creation,51940ce2bc522db7,,1.0,1.0
9,Chuyên Viên Nhân Sự Tổng Hợp,Python,Triggers Programming,Program triggers in SQL Server.,Triggers Programming,5d0dad4570c2ec11,,1.0,1.0
9,Chuyên Viên Nhân Sự Tổng Hợp,Python,Brand building skills,Develop brand building skills,Brand building skills,8940067d34b44f1d,,1.0,1.0
9,Chuyên Viên Nhân Sự Tổng Hợp,Python,Business planning skills,Develop business planning skills,Business planning skills,88be4d62eb4ec017,,1.0,1.0
9,Chuyên Viên Nhân Sự Tổng Hợp,Python,Decision-making skills,Develop decision-making skills,Decision-making skills,a23f2949740d4a06,,1.0,1.0
9,Chuyên Viên Nhân Sự Tổng Hợp,Python,Negotiation skills,Develop negotiation skills,Negotiation skills,bb750c5ebfa0e300,,1.0,1.0
9,Chuyên Viên Nhân Sự Tổng Hợp,Python,Personal time management,Manage personal time effectively,Personal time management,ceaddc8a923e568f,,1.0,1.0
9,Chuyên Viên Nhân Sự Tổng Hợp,Python,Stress management,Manage stress effectively,Stress management,4fd4599c7a74d06e,,1.0,1.0
9,Chuyên Viên Nhân Sự Tổng Hợp,Python,Understanding the concept and role of management,Understand the concept and role of management,Understanding the concept and role of management,ce305b920d520494,,1.0,1.0
9,Chuyên Viên Nhân Sự Tổng Hợp,Python,Data Analysis and Information Support,Analyze and synthesize data to provide information support for decision-making processes.,Data Analysis and Information Support,8215ba1a64f8508f,,1.0,1.0
9,Chuyên Viên Nhân Sự Tổng Hợp,Python,Database Management System Concepts,"Understand fundamental concepts of database management systems including indexing, views, triggers, stored procedures, user management, and data security.",Database Management System Concepts,26b97749bed6a730,,1.0,1.0
9,Chuyên Viên Nhân Sự Tổng Hợp,Python,Database Querying,Understand basic to advanced concepts of database querying.,Database Querying,bebe8fe7d553f62f,,1.0,1.0
9,Chuyên Viên Nhân Sự Tổng Hợp,Python,Independent Work,"Work independently or actively, positively, and effectively in group activities.",Working independently or actively participating in group activities,cb30603c4782dc9b,,1.0,1.0
9,Chuyên Viên Nhân Sự Tổng Hợp,Python,Normalized Database Design,Design databases up to 5NF normalization level and apply basic principles of database design processes for operational activities.,Normalized Database Design,d2e8f7ed4f19bed2,,1.0,1.0
9,Chuyên Viên Nhân Sự Tổng Hợp,Python,SQL Syntax Application,"Apply theoretical models, relational algebra expressions, and SQL syntax to analyze, evaluate, and explain issues related to query optimization and data integrity.",SQL Syntax Application,d190fe4b306f94b0,,1.0,1.0
9,Chuyên Viên Nhân Sự Tổng Hợp,Python,Social Responsibility and Professional Ethics,Demonstrate social responsibility and professional ethics in the field of Information Systems Management.,Social responsibility and professional ethics,7744d87d7fa8a642,,1.0,1.0
9,Chuyên Viên Nhân Sự Tổng Hợp,Python,Data Relationships,"Understand and explain relationships within databases, normalize data up to 3NF.",Data Relationships,8b53f344b0896cf3,,1.0,1.0
9,Chuyên Viên Nhân Sự Tổng Hợp,Python,Database Design,Design databases according to normalization standards and apply basic principles of database design processes for operational activities.,Database Design Principles,9a930353bd438a0e,,1.0,1.0
9,Chuyên Viên Nhân Sự Tổng Hợp,Python,Independent Work,"Work independently or actively, positively, and effectively in group activities.",Working independently or actively participating in group activities,cb30603c4782dc9b,,1.0,1.0
9,Chuyên Viên Nhân Sự Tổng Hợp,Python,Query Optimization,"Apply theories, models, relational algebra expressions, and SQL syntax to analyze, evaluate, and explain query optimization and data integrity issues.",Query Optimization,9aae78751eb7d681,,1.0,1.0
9,Chuyên Viên Nhân Sự Tổng Hợp,Python,Social Responsibility,Have social responsibility and professional ethics in the field of information systems management.,Social responsibility and professional ethics,7744d87d7fa8a642,,1.0,1.0
9,Chuyên Viên Nhân Sự Tổng Hợp,SEO,Critical Thinking,"Participate in discussions, defend personal opinions, and contribute to group problem-solving.",Participate in group discussions,b0127e8c7738eb69,,1.0,1.0
9,Chuyên Viên Nhân Sự Tổng Hợp,SEO,Data Representation,"Explain and apply methods of data representation in electronic computers, describe components of computer systems.",Data Representation,e4e4a1256b2c80ca,,1.0,1.0
9,Chuyên Viên Nhân Sự Tổng Hợp,SEO,Information and Data Processing,"Describe knowledge about information, data processing, information systems, electronic computers, hardware, software, organization of electronic computers, solving problems with computers.",Information and Data Processing,ae658c64c2eb3c00,,1.0,1.0
9,Chuyên Viên Nhân Sự Tổng Hợp,SEO,Office Application Proficiency,"Proficiently use office applications such as Word, Excel, PowerPoint, and basic programming with Python.",Office Application Proficiency,cf670c697ea9d74d,,1.0,1.0
9,Chuyên Viên Nhân Sự Tổng Hợp,SEO,Python Programming Basics,"Understand basic concepts in Python, data types, operators, expressions, input/output operations, programming structures in Python, and apply them to build simple programs.",Python Programming Basics,04b10f24999a0cca,,1.0,1.0
9,Chuyên Viên Nhân Sự Tổng Hợp,SEO,Windows OS Operations,"Perform operations in Windows operating system and use common office applications like Word, Excel, PowerPoint.",Windows OS Operations,d68b7f91a3d337eb,,1.0,1.0
9,Chuyên Viên Nhân Sự Tổng Hợp,SEO,Critical Thinking,Apply critical thinking skills to solve complex problems.,Applying Critical Thinking to Solve Practical Problems,f1912dde62fc5adf,,1.0,1.0
9,Chuyên Viên Nhân Sự Tổng Hợp,SEO,Database Backup and Recovery,Perform backup and recovery operations on databases.,Database Backup and Recovery,75c12111651f2778,,1.0,1.0
9,Chuyên Viên Nhân Sự Tổng Hợp,SEO,Database Security,Implement security measures in SQL Server.,Database Security,8d3e67ac69e47e22,,1.0,1.0
9,Chuyên Viên Nhân Sự Tổng Hợp,SEO,Microsoft SQL Server,Use Microsoft SQL Server for database management tasks.,Microsoft SQL Server,ed346bb14786b438,,1.0,1.0
9,Chuyên Viên Nhân Sự Tổng Hợp,SEO,SQL Programming,Write SQL scripts for data manipulation and retrieval.,SQL Programming,3117f8304b70d114,,1.0,1.0
9,Chuyên Viên Nhân Sự Tổng Hợp,SEO,SQL Server Architecture,Understand and apply the functions and architecture of database management systems in various software.,SQL Server Architecture,ddc6d4e3d2daab20,,1.0,1.0
9,Chuyên Viên Nhân Sự Tổng Hợp,SEO,SQL Server Management Studio,Utilize SQL Server Management Studio for database management tasks.,SQL Server Management Studio,7fb492d807a274a9,,1.0,1.0
9,Chuyên Viên Nhân Sự Tổng Hợp,SEO,SQL Server Modeling,Understand and apply the modeling techniques for database management systems in various software.,SQL Server Modeling,1e7640da024ecbec,,1.0,1.0
9,Chuyên Viên Nhân Sự Tổng Hợp,SEO,Stored Procedures Creation,Create stored procedures in SQL Server.,Stored Procedures Creation,51940ce2bc522db7,,1.0,1.0
9,Chuyên Viên Nhân Sự Tổng Hợp,SEO,Triggers Programming,Program triggers in SQL Server.,Triggers Programming,5d0dad4570c2ec11,,1.0,1.0
9,Chuyên Viên Nhân Sự Tổng Hợp,SEO,File Handling,Work with files in Python.,File Handling,d311d55d4cd0fdd8,,1.0,1.0
9,Chuyên Viên Nhân Sự Tổng Hợp,SEO,Functions,Design and implement functions in Python.,Functions,ef7d009c7e812da1,,1.0,1.0
9,Chuyên Viên Nhân Sự Tổng Hợp,SEO,Google Colab,Use Google Colab for Python development.,Google Colab,70f0d3e18d498cc9,,1.0,1.0
9,Chuyên Viên Nhân Sự Tổng Hợp,SEO,Jupyter Notebook,Use Jupyter Notebook for Python development.,Jupyter Notebook,09f25c69a7726d83,,1.0,1.0
9,Chuyên Viên Nhân Sự Tổng Hợp,SEO,Modules,Use modules and packages in Python.,Modules,fbc6c1d4c3b6db8f,,1.0,1.0
9,Chuyên Viên Nhân Sự Tổng Hợp,SEO,PyCharm,Use PyCharm for Python development.,PyCharm,fe798171f07a9d14,,1.0,1.0
9,Chuyên Viên Nhân Sự Tổng Hợp,SEO,Python Libraries,"Utilize Python libraries such as Pandas, Numpy, and Matplotlib for data analysis.",Python Libraries,b79b2b496fa42e37,,1.0,1.0
9,Chuyên Viên Nhân Sự Tổng Hợp,SEO,Variable Handling,Understand and apply variable handling in Python.,Variable Handling,dd23eb36ba0dbe6f,,1.0,1.0
9,Chuyên Viên Nhân Sự Tổng Hợp,SEO,Visual Studio Code,Use Visual Studio Code for Python development.,Visual Studio Code,19034ff2846dd635,,1.0,1.0
9,Chuyên Viên Nhân Sự Tổng Hợp,SEO,Brand building skills,Develop brand building skills,Brand building skills,8940067d34b44f1d,,1.0,1.0
9,Chuyên Viên Nhân Sự Tổng Hợp,SEO,Business planning skills,Develop business planning skills,Business planning skills,88be4d62eb4ec017,,1.0,1.0
9,Chuyên Viên Nhân Sự Tổng Hợp,SEO,Decision-making skills,Develop decision-making skills,Decision-making skills,a23f2949740d4a06,,1.0,1.0
9,Chuyên Viên Nhân Sự Tổng Hợp,SEO,Negotiation skills,Develop negotiation skills,Negotiation skills,bb750c5ebfa0e300,,1.0,1.0
9,Chuyên Viên Nhân Sự Tổng Hợp,SEO,Personal time management,Manage personal time effectively,Personal time management,ceaddc8a923e568f,,1.0,1.0
9,Chuyên Viên Nhân Sự Tổng Hợp,SEO,Stress management,Manage stress effectively,Stress management,4fd4599c7a74d06e,,1.0,1.0
9,Chuyên Viên Nhân Sự Tổng Hợp,SEO,Understanding the concept and role of management,Understand the concept and role of management,Understanding the concept and role of management,ce305b920d520494,,1.0,1.0
9,Chuyên Viên Nhân Sự Tổng Hợp,SEO,Data Analysis and Information Support,Analyze and synthesize data to provide information support for decision-making processes.,Data Analysis and Information Support,8215ba1a64f8508f,,1.0,1.0
9,Chuyên Viên Nhân Sự Tổng Hợp,SEO,Database Management System Concepts,"Understand fundamental concepts of database management systems including indexing, views, triggers, stored procedures, user management, and data security.",Database Management System Concepts,26b97749bed6a730,,1.0,1.0
9,Chuyên Viên Nhân Sự Tổng Hợp,SEO,Database Querying,Understand basic to advanced concepts of database querying.,Database Querying,bebe8fe7d553f62f,,1.0,1.0
9,Chuyên Viên Nhân Sự Tổng Hợp,SEO,Independent Work,"Work independently or actively, positively, and effectively in group activities.",Working independently or actively participating in group activities,cb30603c4782dc9b,,1.0,1.0
9,Chuyên Viên Nhân Sự Tổng Hợp,SEO,Normalized Database Design,Design databases up to 5NF normalization level and apply basic principles of database design processes for operational activities.,Normalized Database Design,d2e8f7ed4f19bed2,,1.0,1.0
9,Chuyên Viên Nhân Sự Tổng Hợp,SEO,SQL Syntax Application,"Apply theoretical models, relational algebra expressions, and SQL syntax to analyze, evaluate, and explain issues related to query optimization and data integrity.",SQL Syntax Application,d190fe4b306f94b0,,1.0,1.0
9,Chuyên Viên Nhân Sự Tổng Hợp,SEO,Social Responsibility and Professional Ethics,Demonstrate social responsibility and professional ethics in the field of Information Systems Management.,Social responsibility and professional ethics,7744d87d7fa8a642,,1.0,1.0
9,Chuyên Viên Nhân Sự Tổng Hợp,SEO,Data Relationships,"Understand and explain relationships within databases, normalize data up to 3NF.",Data Relationships,8b53f344b0896cf3,,1.0,1.0
9,Chuyên Viên Nhân Sự Tổng Hợp,SEO,Database Design,Design databases according to normalization standards and apply basic principles of database design processes for operational activities.,Database Design Principles,9a930353bd438a0e,,1.0,1.0
9,Chuyên Viên Nhân Sự Tổng Hợp,SEO,Independent Work,"Work independently or actively, positively, and effectively in group activities.",Working independently or actively participating in group activities,cb30603c4782dc9b,,1.0,1.0
9,Chuyên Viên Nhân Sự Tổng Hợp,SEO,Query Optimization,"Apply theories, models, relational algebra expressions, and SQL syntax to analyze, evaluate, and explain query optimization and data integrity issues.",Query Optimization,9aae78751eb7d681,,1.0,1.0
9,Chuyên Viên Nhân Sự Tổng Hợp,SEO,Social Responsibility,Have social responsibility and professional ethics in the field of information systems management.,Social responsibility and professional ethics,7744d87d7fa8a642,,1.0,1.0
9,Chuyên Viên Nhân Sự Tổng Hợp,SQL,Critical Thinking,"Participate in discussions, defend personal opinions, and contribute to group problem-solving.",Participate in group discussions,b0127e8c7738eb69,,1.0,1.0
9,Chuyên Viên Nhân Sự Tổng Hợp,SQL,Data Representation,"Explain and apply methods of data representation in electronic computers, describe components of computer systems.",Data Representation,e4e4a1256b2c80ca,,1.0,1.0
9,Chuyên Viên Nhân Sự Tổng Hợp,SQL,Information and Data Processing,"Describe knowledge about information, data processing, information systems, electronic computers, hardware, software, organization of electronic computers, solving problems with computers.",Information and Data Processing,ae658c64c2eb3c00,,1.0,1.0
9,Chuyên Viên Nhân Sự Tổng Hợp,SQL,Office Application Proficiency,"Proficiently use office applications such as Word, Excel, PowerPoint, and basic programming with Python.",Office Application Proficiency,cf670c697ea9d74d,,1.0,1.0
9,Chuyên Viên Nhân Sự Tổng Hợp,SQL,Python Programming Basics,"Understand basic concepts in Python, data types, operators, expressions, input/output operations, programming structures in Python, and apply them to build simple programs.",Python Programming Basics,04b10f24999a0cca,,1.0,1.0
9,Chuyên Viên Nhân Sự Tổng Hợp,SQL,Windows OS Operations,"Perform operations in Windows operating system and use common office applications like Word, Excel, PowerPoint.",Windows OS Operations,d68b7f91a3d337eb,,1.0,1.0
9,Chuyên Viên Nhân Sự Tổng Hợp,SQL,Critical Thinking,Apply critical thinking skills to solve complex problems.,Applying Critical Thinking to Solve Practical Problems,f1912dde62fc5adf,,1.0,1.0
9,Chuyên Viên Nhân Sự Tổng Hợp,SQL,File Handling,Work with files in Python.,File Handling,d311d55d4cd0fdd8,,1.0,1.0
9,Chuyên Viên Nhân Sự Tổng Hợp,SQL,Functions,Design and implement functions in Python.,Functions,ef7d009c7e812da1,,1.0,1.0
9,Chuyên Viên Nhân Sự Tổng Hợp,SQL,Google Colab,Use Google Colab for Python development.,Google Colab,70f0d3e18d498cc9,,1.0,1.0
9,Chuyên Viên Nhân Sự Tổng Hợp,SQL,Jupyter Notebook,Use Jupyter Notebook for Python development.,Jupyter Notebook,09f25c69a7726d83,,1.0,1.0
9,Chuyên Viên Nhân Sự Tổng Hợp,SQL,Modules,Use modules and packages in Python.,Modules,fbc6c1d4c3b6db8f,,1.0,1.0
9,Chuyên Viên Nhân Sự Tổng Hợp,SQL,PyCharm,Use PyCharm for Python development.,PyCharm,fe798171f07a9d14,,1.0,1.0
9,Chuyên Viên Nhân Sự Tổng Hợp,SQL,Python Libraries,"Utilize Python libraries such as Pandas, Numpy, and Matplotlib for data analysis.",Python Libraries,b79b2b496fa42e37,,1.0,1.0
9,Chuyên Viên Nhân Sự Tổng Hợp,SQL,Variable Handling,Understand and apply variable handling in Python.,Variable Handling,dd23eb36ba0dbe6f,,1.0,1.0
9,Chuyên Viên Nhân Sự Tổng Hợp,SQL,Visual Studio Code,Use Visual Studio Code for Python development.,Visual Studio Code,19034ff2846dd635,,1.0,1.0
9,Chuyên Viên Nhân Sự Tổng Hợp,SQL,Brand building skills,Develop brand building skills,Brand building skills,8940067d34b44f1d,,1.0,1.0
9,Chuyên Viên Nhân Sự Tổng Hợp,SQL,Business planning skills,Develop business planning skills,Business planning skills,88be4d62eb4ec017,,1.0,1.0
9,Chuyên Viên Nhân Sự Tổng Hợp,SQL,Decision-making skills,Develop decision-making skills,Decision-making skills,a23f2949740d4a06,,1.0,1.0
9,Chuyên Viên Nhân Sự Tổng Hợp,SQL,Negotiation skills,Develop negotiation skills,Negotiation skills,bb750c5ebfa0e300,,1.0,1.0
9,Chuyên Viên Nhân Sự Tổng Hợp,SQL,Personal time management,Manage personal time effectively,Personal time management,ceaddc8a923e568f,,1.0,1.0
9,Chuyên Viên Nhân Sự Tổng Hợp,SQL,Stress management,Manage stress effectively,Stress management,4fd4599c7a74d06e,,1.0,1.0
9,Chuyên Viên Nhân Sự Tổng Hợp,SQL,Understanding the concept and role of management,Understand the concept and role of management,Understanding the concept and role of management,ce305b920d520494,,1.0,1.0
9,Chuyên Viên Nhân Sự Tổng Hợp,SQL,Data Analysis and Information Support,Analyze and synthesize data to provide information support for decision-making processes.,Data Analysis and Information Support,8215ba1a64f8508f,,1.0,1.0
9,Chuyên Viên Nhân Sự Tổng Hợp,SQL,Database Management System Concepts,"Understand fundamental concepts of database management systems including indexing, views, triggers, stored procedures, user management, and data security.",Database Management System Concepts,26b97749bed6a730,,1.0,1.0
9,Chuyên Viên Nhân Sự Tổng Hợp,SQL,Independent Work,"Work independently or actively, positively, and effectively in group activities.",Working independently or actively participating in group activities,cb30603c4782dc9b,,1.0,1.0
9,Chuyên Viên Nhân Sự Tổng Hợp,SQL,Normalized Database Design,Design databases up to 5NF normalization level and apply basic principles of database design processes for operational activities.,Normalized Database Design,d2e8f7ed4f19bed2,,1.0,1.0
9,Chuyên Viên Nhân Sự Tổng Hợp,SQL,Social Responsibility and Professional Ethics,Demonstrate social responsibility and professional ethics in the field of Information Systems Management.,Social responsibility and professional ethics,7744d87d7fa8a642,,1.0,1.0
9,Chuyên Viên Nhân Sự Tổng Hợp,SQL,Data Relationships,"Understand and explain relationships within databases, normalize data up to 3NF.",Data Relationships,8b53f344b0896cf3,,1.0,1.0
9,Chuyên Viên Nhân Sự Tổng Hợp,SQL,Database Design,Design databases according to normalization standards and apply basic principles of database design processes for operational activities.,Database Design Principles,9a930353bd438a0e,,1.0,1.0
9,Chuyên Viên Nhân Sự Tổng Hợp,SQL,Independent Work,"Work independently or actively, positively, and effectively in group activities.",Working independently or actively participating in group activities,cb30603c4782dc9b,,1.0,1.0
9,Chuyên Viên Nhân Sự Tổng Hợp,SQL,Social Responsibility,Have social responsibility and professional ethics in the field of information systems management.,Social responsibility and professional ethics,7744d87d7fa8a642,,1.0,1.0
90,"IT Comtor (PHP, Python, Laravel, WordPress, Japanese)",Docker,Critical Thinking,"Participate in discussions, defend personal opinions, and contribute to group problem-solving.",Participate in group discussions,b0127e8c7738eb69,,1.0,1.0
90,"IT Comtor (PHP, Python, Laravel, WordPress, Japanese)",Docker,Data Representation,"Explain and apply methods of data representation in electronic computers, describe components of computer systems.",Data Representation,e4e4a1256b2c80ca,,1.0,1.0
90,"IT Comtor (PHP, Python, Laravel, WordPress, Japanese)",Docker,Information and Data Processing,"Describe knowledge about information, data processing, information systems, electronic computers, hardware, software, organization of electronic computers, solving problems with computers.",Information and Data Processing,ae658c64c2eb3c00,,1.0,1.0
90,"IT Comtor (PHP, Python, Laravel, WordPress, Japanese)",Docker,Office Application Proficiency,"Proficiently use office applications such as Word, Excel, PowerPoint, and basic programming with Python.",Office Application Proficiency,cf670c697ea9d74d,,1.0,1.0
90,"IT Comtor (PHP, Python, Laravel, WordPress, Japanese)",Docker,Python Programming Basics,"Understand basic concepts in Python, data types, operators, expressions, input/output operations, programming structures in Python, and apply them to build simple programs.",Python Programming Basics,04b10f24999a0cca,,1.0,1.0
90,"IT Comtor (PHP, Python, Laravel, WordPress, Japanese)",Docker,Windows OS Operations,"Perform operations in Windows operating system and use common office applications like Word, Excel, PowerPoint.",Windows OS Operations,d68b7f91a3d337eb,,1.0,1.0
90,"IT Comtor (PHP, Python, Laravel, WordPress, Japanese)",Docker,File Handling,Work with files in Python.,File Handling,d311d55d4cd0fdd8,,1.0,1.0
90,"IT Comtor (PHP, Python, Laravel, WordPress, Japanese)",Docker,Functions,Design and implement functions in Python.,Functions,ef7d009c7e812da1,,1.0,1.0
