pair_id,skill,old_description,new_description,has_gt_anchor,gt_anchor_name,gt_anchor_canonical,gt_anchor_score
152,Corporate banking credit operations,Competency in managing credit application procedures and risk assessment processes for diverse corporate clients.,"Capability to apply Corporate banking credit operations in practical job tasks with correct tools, standards, and outcomes. Related competency alignment: Central Bank Legal Status.",True,Central Bank Legal Status,Central Bank Legal Status,1.0
152,Knowledge of CBRC rules,Familiarity with regulatory frameworks and compliance standards established by the China Banking Regulatory Commission.,"Capability to apply Knowledge of CBRC rules in practical job tasks with correct tools, standards, and outcomes. Related competency alignment: Banking Law Fundamentals.",True,Banking Law Fundamentals,Banking Law Fundamentals,1.0
152,Commercial banking laws (MGA),Understanding of legal regulations and MGA requirements governing commercial banking operations and corporate lending.,"Capability to apply Commercial banking laws (MGA) in practical job tasks with correct tools, standards, and outcomes. Related competency alignment: Central Bank Legal Status.",True,Central Bank Legal Status,Central Bank Legal Status,1.0
155,E-learning product knowledge,Lack of understanding regarding digital education platforms and features necessary to effectively consult students on various online course offerings.,"Capability to apply E-learning product knowledge in practical job tasks with correct tools, standards, and outcomes. Related competency alignment: Speaking Ability.",True,Speaking Ability,Speaking Ability,1.0
155,English proficiency (IELTS 5.5 or equivalent),"Need for intermediate English skills, specifically IELTS 5.5 level, to effectively communicate and support educational consulting activities.","Capability to apply English proficiency (IELTS 5.5 or equivalent) in practical job tasks with correct tools, standards, and outcomes. Related competency alignment: Speaking Ability.",True,Speaking Ability,Speaking Ability,1.0
171,credit operations,"Lack of proficiency in executing banking procedures for loans, fundraising, and post-disbursement management for individual clients.","Capability to apply credit operations in practical job tasks with correct tools, standards, and outcomes. Related competency alignment: Personal Responsibility.",True,Personal Responsibility,Personal Responsibility,1.0
171,risk management,Need to master credit risk identification and adherence to PGBank's safety regulations for diverse financial products.,"Capability to apply risk management in practical job tasks with correct tools, standards, and outcomes. Related competency alignment: Personal Responsibility.",True,Personal Responsibility,Personal Responsibility,1.0
171,appraisal,Inability to effectively evaluate customer financial profiles and creditworthiness for personal loan or credit card approvals.,"Capability to apply appraisal in practical job tasks with correct tools, standards, and outcomes. Related competency alignment: Personal Responsibility.",True,Personal Responsibility,Personal Responsibility,1.0
171,valuation,Gap in assessing asset values and collateral worth to ensure accurate loan security and minimize banking losses.,"Capability to apply valuation in practical job tasks with correct tools, standards, and outcomes. Related competency alignment: Personal Responsibility.",True,Personal Responsibility,Personal Responsibility,1.0
170,Legal consultation,Gap in advising clients on complex property laws and transaction documentation across various Vietnamese real estate project types.,"Capability to apply Legal consultation in practical job tasks with correct tools, standards, and outcomes. Related competency alignment: Professional Ethics and Responsibility.",True,Professional Ethics and Responsibility,Professional Ethics and Responsibility,1.0
170,Urban planning knowledge,Missing understanding of regional development plans and zoning regulations that affect real estate investment safety and profitability.,"Capability to apply Urban planning knowledge in practical job tasks with correct tools, standards, and outcomes. Related competency alignment: Analyzing Legal Consultation Principles.",True,Analyzing Legal Consultation Principles,Analyzing Legal Consultation Principles,1.0
170,Feng shui consultation,"Inability to provide spatial orientation and harmonious living advice, a key factor for customers choosing high-end residential properties.","Capability to apply Feng shui consultation in practical job tasks with correct tools, standards, and outcomes. Related competency alignment: Professional Ethics and Responsibility.",True,Professional Ethics and Responsibility,Professional Ethics and Responsibility,1.0
170,Real estate investment analysis,Lacking the analytical skills to evaluate ROI and market trends for diverse property portfolios from top Vietnamese developers.,"Capability to apply Real estate investment analysis in practical job tasks with correct tools, standards, and outcomes. Related competency alignment: Analyzing Legal Consultation Principles.",True,Analyzing Legal Consultation Principles,Analyzing Legal Consultation Principles,1.0
153,accessibility,"Competency in WCAG standards is required to ensure inclusive, compliant user interfaces for premium cybersecurity web and mobile applications.","Capability to apply accessibility in practical job tasks with correct tools, standards, and outcomes. Related competency alignment: CSS Styling.",True,CSS Styling,CSS Styling,1.0
153,security-by-design principles,Understanding how to integrate security and privacy safeguards directly into the UI/UX design process for secure digital touchpoints.,"Capability to apply security-by-design principles in practical job tasks with correct tools, standards, and outcomes. Related competency alignment: CSS Styling.",True,CSS Styling,CSS Styling,1.0
153,Fluent in English (written and oral),Ability to communicate complex design decisions and collaborate effectively with global stakeholders in professional written and oral English.,"Capability to apply Fluent in English (written and oral) in practical job tasks with correct tools, standards, and outcomes. Related competency alignment: CSS Styling.",True,CSS Styling,CSS Styling,1.0
177,contracts negotiation,Lacks proficiency in negotiating payout ratios and drafting agency or service contracts with insurance partners for business operations.,"Capability to apply contracts negotiation in practical job tasks with correct tools, standards, and outcomes. Related competency alignment: Evaluate contract performance levels.",True,Evaluate contract performance levels,Evaluate contract performance levels,1.0
177,product promotion,Missing skills in promoting insurance initiatives and developing incentive programs to boost sales revenue across diverse business channels.,"Capability to apply product promotion in practical job tasks with correct tools, standards, and outcomes. Related competency alignment: Evaluate contract performance levels.",True,Evaluate contract performance levels,Evaluate contract performance levels,1.0
149,Sketch,Proficiency in using Sketch to design professional web interfaces and enterprise dashboards for the sports fashion industry.,"Capability to apply Sketch in practical job tasks with correct tools, standards, and outcomes. Related competency alignment: CSS Styling.",True,CSS Styling,CSS Styling,1.0
149,component,Ability to build and manage reusable UI components to ensure design consistency across web and mobile applications.,"Capability to apply component in practical job tasks with correct tools, standards, and outcomes. Related competency alignment: CSS Styling.",True,CSS Styling,CSS Styling,1.0
149,usability,Competency in evaluating and optimizing the ease of use for complex web application workflows and user journeys.,"Capability to apply usability in practical job tasks with correct tools, standards, and outcomes. Related competency alignment: CSS Styling.",True,CSS Styling,CSS Styling,1.0
149,accessibility,Knowledge of web accessibility standards to ensure inclusive digital experiences for a wide range of sports enthusiasts.,"Capability to apply accessibility in practical job tasks with correct tools, standards, and outcomes. Related competency alignment: CSS Styling.",True,CSS Styling,CSS Styling,1.0
149,responsive design,Expertise in creating flexible layouts that provide optimal viewing experiences across various screen sizes and devices.,"Capability to apply responsive design in practical job tasks with correct tools, standards, and outcomes. Related competency alignment: CSS Styling.",True,CSS Styling,CSS Styling,1.0
168,JavaScript,"Missing proficiency in JavaScript for designing, developing, and maintaining automated test scripts and frameworks for web applications.","Capability to apply JavaScript in practical job tasks with correct tools, standards, and outcomes. Related competency alignment: CSS Styling.",True,CSS Styling,CSS Styling,1.0
168,C#,Lacking C# expertise required to develop and enhance automation scripts for software quality assurance and defect tracking.,"Capability to apply C# in practical job tasks with correct tools, standards, and outcomes. Related competency alignment: CSS Styling.",True,CSS Styling,CSS Styling,1.0
168,Playwright,Need experience with Playwright to implement and optimize automated UI testing within project-specific software quality frameworks.,"Capability to apply Playwright in practical job tasks with correct tools, standards, and outcomes. Related competency alignment: CSS Styling.",True,CSS Styling,CSS Styling,1.0
181,Logistics,Missing understanding of logistics operations like delivery and warehousing to effectively pitch service solutions to potential GHTK clients.,"Capability to apply Logistics in practical job tasks with correct tools, standards, and outcomes. Related competency alignment: Analyzing and evaluating information and data to solve e-logistics problems.",True,Analyzing and evaluating information and data to solve e-logistics problems,Analyzing and evaluating information and data to solve e-logistics problems,1.0
181,Fulfillment services,Need to master fulfillment and supply chain services to propose tailored operational solutions meeting diverse customer business needs.,"Capability to apply Fulfillment services in practical job tasks with correct tools, standards, and outcomes. Related competency alignment: Analyzing and evaluating information and data to solve e-logistics problems.",True,Analyzing and evaluating information and data to solve e-logistics problems,Analyzing and evaluating information and data to solve e-logistics problems,1.0
188,Financial Analysis,Missing competency in evaluating P&L and Cash Flow reports to provide actionable financial insights for business management.,"Capability to apply Financial Analysis in practical job tasks with correct tools, standards, and outcomes. Related competency alignment: Calculating interest rates and cash flows.",True,Calculating interest rates and cash flows,Calculating interest rates and cash flows,1.0
188,Corporate accounting regulations,Inadequate knowledge of legal accounting frameworks required to maintain compliant internal records and optimize department procedures.,"Capability to apply Corporate accounting regulations in practical job tasks with correct tools, standards, and outcomes. Related competency alignment: Analyzing financial situations based on reports.",True,Analyzing financial situations based on reports,Analyzing financial situations based on reports,1.0
156,Financial Analysis,Missing ability to analyze financial reports and accounting figures to assess business performance and manage economic activities effectively.,"Capability to apply Financial Analysis in practical job tasks with correct tools, standards, and outcomes. Related competency alignment: Accounting Software Proficiency.",True,Accounting Software Proficiency,Accounting Software Proficiency,1.0
195,international payment methods,"Knowledge of securing cross-border transactions using L/C, T/T, or D/P within export sales and logistics workflows.","Capability to apply international payment methods in practical job tasks with correct tools, standards, and outcomes. Related competency alignment: Ethical Conduct.",True,Ethical Conduct,Ethical Conduct,1.0
180,MongoDB,Proficiency in utilizing MongoDB for NoSQL database management within backend web application development projects.,"Capability to apply MongoDB in practical job tasks with correct tools, standards, and outcomes. Related competency alignment: Cloud Service Analysis.",True,Cloud Service Analysis,Cloud Service Analysis,1.0
180,Kubernetes,Experience deploying and managing containerized backend applications within Kubernetes environments and cloud platforms like AWS or GCP.,"Capability to apply Kubernetes in practical job tasks with correct tools, standards, and outcomes. Related competency alignment: Cloud Service Analysis.",True,Cloud Service Analysis,Cloud Service Analysis,1.0
180,GO,Technical knowledge of the GO programming language for developing efficient and scalable backend systems.,"Capability to apply GO in practical job tasks with correct tools, standards, and outcomes. Related competency alignment: Cloud Service Analysis.",True,Cloud Service Analysis,Cloud Service Analysis,1.0
197,TikTok marketing,Lacks proficiency in using TikTok to promote stock investment services and develop a new customer base.,"Capability to apply TikTok marketing in practical job tasks with correct tools, standards, and outcomes. Related competency alignment: Applying general communication skills.",True,Applying general communication skills,Applying general communication skills,1.0
197,YouTube marketing,Needs expertise in YouTube content strategies to attract potential investors and expand investment consultation reach.,"Capability to apply YouTube marketing in practical job tasks with correct tools, standards, and outcomes. Related competency alignment: Applying general communication skills.",True,Applying general communication skills,Applying general communication skills,1.0
197,Technical analysis (TA),Lacks competency in interpreting stock charts and technical indicators to provide precise investment timing and stock selection.,"Capability to apply Technical analysis (TA) in practical job tasks with correct tools, standards, and outcomes. Related competency alignment: Applying general communication skills.",True,Applying general communication skills,Applying general communication skills,1.0
197,Financial analysis (FA),Missing the ability to analyze financial statements and market news to guide clients toward sound investment decisions.,"Capability to apply Financial analysis (FA) in practical job tasks with correct tools, standards, and outcomes. Related competency alignment: Applying general communication skills.",True,Applying general communication skills,Applying general communication skills,1.0
201,CAD/CAM software,Lack of technical knowledge regarding computer-aided design and manufacturing tools for effective B2B selling to industrial clients.,"Capability to apply CAD/CAM software in practical job tasks with correct tools, standards, and outcomes. Related competency alignment: Cloud Service Analysis.",True,Cloud Service Analysis,Cloud Service Analysis,1.0
201,cloud computing,Insufficient understanding of cloud infrastructure and service models required to position enterprise software solutions within modern IT environments.,"Capability to apply cloud computing in practical job tasks with correct tools, standards, and outcomes. Related competency alignment: Hadoop Model Explanation.",True,Hadoop Model Explanation,Hadoop Model Explanation,1.0
198,Real Estate Law,Requires deep understanding of property laws to draft and review complex leasing and purchasing contracts for high-end transactions.,"Capability to apply Real Estate Law in practical job tasks with correct tools, standards, and outcomes. Related competency alignment: Skimming and Scanning Skills.",True,Skimming and Scanning Skills,Skimming and Scanning Skills,1.0
198,Labor Law,Necessary for providing internal legal counsel and ensuring the company's operational compliance with national employment and labor regulations.,"Capability to apply Labor Law in practical job tasks with correct tools, standards, and outcomes. Related competency alignment: Skimming and Scanning Skills.",True,Skimming and Scanning Skills,Skimming and Scanning Skills,1.0
198,English proficiency,Needs fluent reading and writing skills to manage bilingual real estate contracts and communicate with international clients effectively.,"Capability to apply English proficiency in practical job tasks with correct tools, standards, and outcomes. Related competency alignment: Labor Law Theoretical Knowledge.",True,Labor Law Theoretical Knowledge,Labor Law Theoretical Knowledge,1.0
208,Kubernetes,Missing proficiency in container orchestration for managing and scaling Java backend applications in cloud-native environments.,"Capability to apply Kubernetes in practical job tasks with correct tools, standards, and outcomes. Related competency alignment: Cloud Service Analysis.",True,Cloud Service Analysis,Cloud Service Analysis,1.0
208,AWS,"Lacks experience with Amazon Web Services for deploying, hosting, and managing enterprise-grade backend systems and databases.","Capability to apply AWS in practical job tasks with correct tools, standards, and outcomes. Related competency alignment: Cloud Service Analysis.",True,Cloud Service Analysis,Cloud Service Analysis,1.0
208,GCP,Requires knowledge of Google Cloud Platform tools and infrastructure for building and operating cloud-based backend services.,"Capability to apply GCP in practical job tasks with correct tools, standards, and outcomes. Related competency alignment: Cloud Service Analysis.",True,Cloud Service Analysis,Cloud Service Analysis,1.0
208,GOC,Lacks experience with GOC frameworks or operational standards required for LG CNS backend development projects.,"Capability to apply GOC in practical job tasks with correct tools, standards, and outcomes. Related competency alignment: Cloud Service Analysis.",True,Cloud Service Analysis,Cloud Service Analysis,1.0
219,Zalo Ads,Lacking proficiency in deploying and optimizing advertising campaigns specifically on the Zalo platform to reach local audiences.,"Capability to apply Zalo Ads in practical job tasks with correct tools, standards, and outcomes. Related competency alignment: Classify problem-solving methods using search techniques.",True,Classify problem-solving methods using search techniques,Classify problem-solving methods using search techniques,1.0
219,AI,Need to apply artificial intelligence tools to automate marketing activities and improve customer engagement efficiency.,"Capability to apply AI in practical job tasks with correct tools, standards, and outcomes. Related competency alignment: Classify problem-solving methods using search techniques.",True,Classify problem-solving methods using search techniques,Classify problem-solving methods using search techniques,1.0
219,chatbots,Missing experience in implementing and managing automated chatbots to streamline customer interactions and support marketing automation.,"Capability to apply chatbots in practical job tasks with correct tools, standards, and outcomes. Related competency alignment: Classify problem-solving methods using search techniques.",True,Classify problem-solving methods using search techniques,Classify problem-solving methods using search techniques,1.0
221,Python,Missing competency in Python for automating recruitment reporting and performing advanced HR data analysis.,"Capability to apply Python in practical job tasks with correct tools, standards, and outcomes. Related competency alignment: Data Representation.",True,Data Representation,Data Representation,1.0
221,SQL,Lack of SQL skills to query and manage candidate databases or HR information systems effectively.,"Capability to apply SQL in practical job tasks with correct tools, standards, and outcomes. Related competency alignment: Data Representation.",True,Data Representation,Data Representation,1.0
221,AWS,Missing knowledge of AWS cloud platforms for deploying and managing HR-related applications and infrastructure.,"Capability to apply AWS in practical job tasks with correct tools, standards, and outcomes. Related competency alignment: Data Representation.",True,Data Representation,Data Representation,1.0
221,CISSP,Lacks information security expertise required to safeguard recruitment platforms and sensitive candidate information.,"Capability to apply CISSP in practical job tasks with correct tools, standards, and outcomes. Related competency alignment: Data Representation.",True,Data Representation,Data Representation,1.0
221,Machine Learning,Inability to utilize machine learning for optimizing candidate matching and predicting training program effectiveness.,"Capability to apply Machine Learning in practical job tasks with correct tools, standards, and outcomes. Related competency alignment: Data Representation.",True,Data Representation,Data Representation,1.0
223,purchase order management,Competency needed to manage internal purchase orders and organize accounting data efficiently within the administrative workflow.,"Capability to apply purchase order management in practical job tasks with correct tools, standards, and outcomes. Related competency alignment: Dynamic Value-Based Pricing.",True,Dynamic Value-Based Pricing,Dynamic Value-Based Pricing,1.0
223,inventory management,Missing ability to perform basic inventory tracking and monitoring as part of the overall internal accounting data management.,"Capability to apply inventory management in practical job tasks with correct tools, standards, and outcomes. Related competency alignment: Dynamic Value-Based Pricing.",True,Dynamic Value-Based Pricing,Dynamic Value-Based Pricing,1.0
223,human resources management,"Lacks experience in managing payroll, social insurance procedures, and human resources documentation alongside administrative and accounting tasks.","Capability to apply human resources management in practical job tasks with correct tools, standards, and outcomes. Related competency alignment: Dynamic Value-Based Pricing.",True,Dynamic Value-Based Pricing,Dynamic Value-Based Pricing,1.0
224,Stock investment advice,Missing the ability to professionally consult clients on stock selection and portfolio management for optimal investment returns.,"Capability to apply Stock investment advice in practical job tasks with correct tools, standards, and outcomes. Related competency alignment: Business Behavior Analysis.",True,Business Behavior Analysis,Business Behavior Analysis,1.0
224,Trading strategies,Needs proficiency in designing and implementing systematic buy/sell approaches based on technical analysis and market volatility.,"Capability to apply Trading strategies in practical job tasks with correct tools, standards, and outcomes. Related competency alignment: Business Behavior Analysis.",True,Business Behavior Analysis,Business Behavior Analysis,1.0
224,Market analysis,Lacking skills to evaluate financial data and market trends to provide informed insights for stock recommendations.,"Capability to apply Market analysis in practical job tasks with correct tools, standards, and outcomes. Related competency alignment: Economic Cycle Understanding.",True,Economic Cycle Understanding,Economic Cycle Understanding,1.0
0,Azure,"Missing proficiency in designing, building, and operating database systems within the Microsoft Azure public cloud environment.","Capability to apply Azure in practical job tasks with correct tools, standards, and outcomes. Related competency alignment: Cloud Service Analysis.",True,Cloud Service Analysis,Cloud Service Analysis,1.0
0,Redshift,Lacks experience managing and optimizing Amazon Redshift databases for large-scale data engineering and cloud operations.,"Capability to apply Redshift in practical job tasks with correct tools, standards, and outcomes. Related competency alignment: Cloud Service Analysis.",True,Cloud Service Analysis,Cloud Service Analysis,1.0
0,BigQuery,Inadequate experience in operating Google BigQuery databases for cloud-based data management and engineering tasks.,"Capability to apply BigQuery in practical job tasks with correct tools, standards, and outcomes. Related competency alignment: Cloud Service Analysis.",True,Cloud Service Analysis,Cloud Service Analysis,1.0
225,Health insurance,Understand health policy options and digital consulting to effectively offer coverage through the MIC application.,"Capability to apply Health insurance in practical job tasks with correct tools, standards, and outcomes. Related competency alignment: Analytical Thinking.",True,Analytical Thinking,Analytical Thinking,1.0
225,Auto insurance,Master motor vehicle insurance product details and policy entry using the app's 100% digital process.,"Capability to apply Auto insurance in practical job tasks with correct tools, standards, and outcomes. Related competency alignment: Analytical Thinking.",True,Analytical Thinking,Analytical Thinking,1.0
225,Travel insurance,Gain proficiency in explaining travel risk coverage and managing online contract signing for travel policies.,"Capability to apply Travel insurance in practical job tasks with correct tools, standards, and outcomes. Related competency alignment: Analytical Thinking.",True,Analytical Thinking,Analytical Thinking,1.0
225,Property insurance,Learn to consult on property protection products and complete data entry tasks via the QR-code system.,"Capability to apply Property insurance in practical job tasks with correct tools, standards, and outcomes. Related competency alignment: Analytical Thinking.",True,Analytical Thinking,Analytical Thinking,1.0
225,Market sales,Develop techniques to identify potential leads and drive non-life insurance sales in a digital-first environment.,"Capability to apply Market sales in practical job tasks with correct tools, standards, and outcomes. Related competency alignment: Analytical Thinking.",True,Analytical Thinking,Analytical Thinking,1.0
225,Team management,Acquire skills to supervise insurance collaborators and manage partner networks to optimize passive income streams.,"Capability to apply Team management in practical job tasks with correct tools, standards, and outcomes. Related competency alignment: Analytical Thinking.",True,Analytical Thinking,Analytical Thinking,1.0
226,database management,Lacks proficiency in managing inventory databases to ensure accurate tracking and reporting of warehouse stock movements.,"Capability to apply database management in practical job tasks with correct tools, standards, and outcomes. Related competency alignment: Critical Thinking.",True,Critical Thinking,Applying Critical Thinking to Solve Practical Problems,1.0
1,n8n,Ability to design automated test strategies for complex API orchestration workflows and headless logic validation in n8n.,"Capability to apply n8n in practical job tasks with correct tools, standards, and outcomes. Related competency alignment: Classify problem-solving methods using search techniques.",True,Classify problem-solving methods using search techniques,Classify problem-solving methods using search techniques,1.0
1,AI-Native,Proficiency in leveraging artificial intelligence to accelerate test creation and maintain living documentation as a force multiplier.,"Capability to apply AI-Native in practical job tasks with correct tools, standards, and outcomes. Related competency alignment: Classify problem-solving methods using search techniques.",True,Classify problem-solving methods using search techniques,Classify problem-solving methods using search techniques,1.0
1,AI-Augmented Daily Workflows,"Competency in using AI tools daily to optimize QA analysis, accelerate documentation, and improve technical execution efficiency.","Capability to apply AI-Augmented Daily Workflows in practical job tasks with correct tools, standards, and outcomes. Related competency alignment: Classify problem-solving methods using search techniques.",True,Classify problem-solving methods using search techniques,Classify problem-solving methods using search techniques,1.0
232,Salary calculation,"Competency in processing payroll, calculating monthly salaries, and managing deductions based on attendance and labor regulations.","Capability to apply Salary calculation in practical job tasks with correct tools, standards, and outcomes. Related competency alignment: Adaptability in international working environments.",True,Adaptability in international working environments,Adaptability in international working environments,1.0
232,Social insurance procedures,Expertise in handling statutory social insurance reporting and ensuring legal compliance for health and unemployment benefits.,"Capability to apply Social insurance procedures in practical job tasks with correct tools, standards, and outcomes. Related competency alignment: Adaptability in international working environments.",True,Adaptability in international working environments,Adaptability in international working environments,1.0
232,Accounting principles,Applying core accounting standards to verify administrative documents and maintain accurate financial records per JD requirements.,"Capability to apply Accounting principles in practical job tasks with correct tools, standards, and outcomes. Related competency alignment: Adaptability in international working environments.",True,Adaptability in international working environments,Adaptability in international working environments,1.0
2,GraphQL,Ability to build and optimize GraphQL APIs for delivering real-time transaction data and price updates.,"Capability to apply GraphQL in practical job tasks with correct tools, standards, and outcomes. Related competency alignment: Cloud Service Analysis.",True,Cloud Service Analysis,Cloud Service Analysis,1.0
2,Kubernetes,"Experience deploying, monitoring, and scaling microservices within Kubernetes environments to ensure high reliability and low latency.","Capability to apply Kubernetes in practical job tasks with correct tools, standards, and outcomes. Related competency alignment: Cloud Service Analysis.",True,Cloud Service Analysis,Cloud Service Analysis,1.0
2,lock-free programming,Deep understanding of lock-free programming to optimize performance for critical modules like order books and signal processing.,"Capability to apply lock-free programming in practical job tasks with correct tools, standards, and outcomes. Related competency alignment: Cloud Service Analysis.",True,Cloud Service Analysis,Cloud Service Analysis,1.0
2,log analysis,Proficiency in log analysis to identify system issues and ensure backend code quality within trading environments.,"Capability to apply log analysis in practical job tasks with correct tools, standards, and outcomes. Related competency alignment: Hadoop Model Explanation.",True,Hadoop Model Explanation,Hadoop Model Explanation,1.0
2,production issue resolution,Competency in quickly resolving critical system outages and performance incidents during high-load peak trading periods.,"Capability to apply production issue resolution in practical job tasks with correct tools, standards, and outcomes. Related competency alignment: Cloud Service Analysis.",True,Cloud Service Analysis,Cloud Service Analysis,1.0
2,"cloud services (AWS, GCP)",Experience managing and scaling backend trading infrastructure using cloud service providers like AWS or GCP.,"Capability to apply cloud services (AWS, GCP) in practical job tasks with correct tools, standards, and outcomes. Related competency alignment: Hadoop Model Explanation.",True,Hadoop Model Explanation,Hadoop Model Explanation,1.0
240,.Net,"Expertise in .Net to integrate AI-first solutions within modular, production-grade cloud-native banking architectures.","Capability to apply .Net in practical job tasks with correct tools, standards, and outcomes. Related competency alignment: Analyzing and Designing Application Functions.",True,Analyzing and Designing Application Functions,Analyzing and Designing Application Functions,1.0
240,data pipelines,Ability to design automated data pipelines that support the continuous improvement and monitoring of advanced AI workloads.,"Capability to apply data pipelines in practical job tasks with correct tools, standards, and outcomes. Related competency alignment: Analyzing and Designing Application Functions.",True,Analyzing and Designing Application Functions,Analyzing and Designing Application Functions,1.0
240,modern data engineering stacks,"Knowledge of modern data engineering stacks to build foundational architectures for scalable, intelligent agentic banking ecosystems.","Capability to apply modern data engineering stacks in practical job tasks with correct tools, standards, and outcomes. Related competency alignment: Analyzing and Designing Application Functions.",True,Analyzing and Designing Application Functions,Analyzing and Designing Application Functions,1.0
240,computer vision,Competency in computer vision to implement advanced AI technologies alongside LLMs for comprehensive agent-driven financial services.,"Capability to apply computer vision in practical job tasks with correct tools, standards, and outcomes. Related competency alignment: Analyzing and Designing Application Functions.",True,Analyzing and Designing Application Functions,Analyzing and Designing Application Functions,1.0
4,Google Cloud Deployment Manager,Ability to automate cloud infrastructure provisioning and management using native Google Cloud Deployment Manager templates.,"Capability to apply Google Cloud Deployment Manager in practical job tasks with correct tools, standards, and outcomes. Related competency alignment: AES.",True,AES,AES,1.0
4,Go,Proficiency in the Go programming language for developing automation scripts and managing cloud-native infrastructure tools.,"Capability to apply Go in practical job tasks with correct tools, standards, and outcomes. Related competency alignment: AES.",True,AES,AES,1.0
4,encryption,"Competency in implementing data encryption best practices to ensure security, compliance, and data protection on GCP.","Capability to apply encryption in practical job tasks with correct tools, standards, and outcomes. Related competency alignment: AES.",True,AES,AES,1.0
4,disaster recovery strategies,Experience designing and executing disaster recovery strategies to maintain business continuity and minimize infrastructure downtime.,"Capability to apply disaster recovery strategies in practical job tasks with correct tools, standards, and outcomes. Related competency alignment: AES.",True,AES,AES,1.0
253,Tax regulations knowledge,Lack of expertise in tax laws and regulations affecting corporate F&B operations and financial compliance.,"Capability to apply Tax regulations knowledge in practical job tasks with correct tools, standards, and outcomes. Related competency alignment: Author's Rights and Related Rights.",True,Author's Rights and Related Rights,Author's Rights and Related Rights,1.0
253,Intellectual property law,Missing knowledge of intellectual property laws required for managing trademarks and protecting company-specific brand assets.,"Capability to apply Intellectual property law in practical job tasks with correct tools, standards, and outcomes. Related competency alignment: Author's Rights and Related Rights.",True,Author's Rights and Related Rights,Author's Rights and Related Rights,1.0
253,Food safety certification processes,Needs proficiency in legal procedures for obtaining and maintaining food safety certificates required for F&B operations.,"Capability to apply Food safety certification processes in practical job tasks with correct tools, standards, and outcomes. Related competency alignment: Author's Rights and Related Rights.",True,Author's Rights and Related Rights,Author's Rights and Related Rights,1.0
253,Alcohol consumption permit procedures,Deficiency in handling legal applications and regulatory compliance for alcohol consumption and distribution permits in restaurants.,"Capability to apply Alcohol consumption permit procedures in practical job tasks with correct tools, standards, and outcomes. Related competency alignment: Author's Rights and Related Rights.",True,Author's Rights and Related Rights,Author's Rights and Related Rights,1.0
257,Docker,Competency in containerizing data applications to ensure consistent deployment environments for ETL pipelines and processing tasks.,"Capability to apply Docker in practical job tasks with correct tools, standards, and outcomes. Related competency alignment: Cloud Service Analysis.",True,Cloud Service Analysis,Cloud Service Analysis,1.0
257,EC2,Ability to provision and manage virtual servers for hosting custom data engineering workloads and scalable computing resources.,"Capability to apply EC2 in practical job tasks with correct tools, standards, and outcomes. Related competency alignment: Cloud Service Analysis.",True,Cloud Service Analysis,Cloud Service Analysis,1.0
257,VPC,Knowledge of designing secure network architectures to protect data pipelines and manage connectivity between cloud-native services.,"Capability to apply VPC in practical job tasks with correct tools, standards, and outcomes. Related competency alignment: Cloud Service Analysis.",True,Cloud Service Analysis,Cloud Service Analysis,1.0
257,ECS/EKS,Proficiency in orchestrating containerized data services and scaling workloads using Amazon ECS or Kubernetes environments.,"Capability to apply ECS and EKS in practical job tasks with correct tools, standards, and outcomes. Related competency alignment: Cloud Service Analysis.",True,Cloud Service Analysis,Cloud Service Analysis,1.0
257,RDS,Skill in managing and integrating relational databases within AWS to support structured data storage and processing requirements.,"Capability to apply RDS in practical job tasks with correct tools, standards, and outcomes. Related competency alignment: Cloud Service Analysis.",True,Cloud Service Analysis,Cloud Service Analysis,1.0
257,Data Lakes,Expertise in building and maintaining scalable repositories on S3 to store and govern diverse datasets for analytics.,"Capability to apply Data Lakes in practical job tasks with correct tools, standards, and outcomes. Related competency alignment: Cloud Service Analysis.",True,Cloud Service Analysis,Cloud Service Analysis,1.0
263,Material Design,Expertise in Google’s Material Design standards is required to create compliant and intuitive mobile application user interfaces.,"Capability to apply Material Design in practical job tasks with correct tools, standards, and outcomes. Related competency alignment: Figma.",True,Figma,Figma,1.0
263,Information Architecture,Capability to structure complex content and logical flows to ensure intuitive navigation within mobile application environments.,"Capability to apply Information Architecture in practical job tasks with correct tools, standards, and outcomes. Related competency alignment: Figma.",True,Figma,Figma,1.0
263,Design System,Ability to develop and manage a unified design system to ensure aesthetic consistency and efficiency across mobile product updates.,"Capability to apply Design System in practical job tasks with correct tools, standards, and outcomes. Related competency alignment: Figma.",True,Figma,Figma,1.0
9,Python,Missing proficiency in Python to automate complex HR data processing and streamline monthly salary calculation workflows.,"Capability to apply Python in practical job tasks with correct tools, standards, and outcomes. Related competency alignment: Data Representation.",True,Data Representation,Data Representation,1.0
9,SQL,Lacks the ability to use SQL for querying and managing large employee datasets within integrated HR systems.,"Capability to apply SQL in practical job tasks with correct tools, standards, and outcomes. Related competency alignment: Data Representation.",True,Data Representation,Data Representation,1.0
9,AWS,Requires technical competency in utilizing AWS cloud infrastructure to manage and secure digital HR records and applications.,"Capability to apply AWS in practical job tasks with correct tools, standards, and outcomes. Related competency alignment: Data Representation.",True,Data Representation,Data Representation,1.0
9,SEO,Missing skills in SEO to optimize online job advertisements for better visibility and talent attraction.,"Capability to apply SEO in practical job tasks with correct tools, standards, and outcomes. Related competency alignment: Data Representation.",True,Data Representation,Data Representation,1.0
9,Lean,Lacks experience applying Lean methodologies to eliminate administrative waste and improve efficiency in HR operational processes.,"Capability to apply Lean in practical job tasks with correct tools, standards, and outcomes. Related competency alignment: Data Representation.",True,Data Representation,Data Representation,1.0
306,MISA accounting software,"Lacks proficiency in using MISA software to record transactions, manage invoices, and generate financial reports for general accounting duties.","Capability to apply MISA accounting software in practical job tasks with correct tools, standards, and outcomes. Related competency alignment: Social Responsibility and Professional Ethics.",True,Social Responsibility and Professional Ethics,Social responsibility and professional ethics,1.0
12,Docker,Needs proficiency in using Docker to package and deploy data engineering applications consistently across AWS cloud environments.,"Capability to apply Docker in practical job tasks with correct tools, standards, and outcomes. Related competency alignment: Cloud Service Analysis.",True,Cloud Service Analysis,Cloud Service Analysis,1.0
12,containerization,Missing experience with containerization strategies to ensure portability and scalability of Python-based ETL workflows and Spark jobs.,"Capability to apply containerization in practical job tasks with correct tools, standards, and outcomes. Related competency alignment: Cloud Service Analysis.",True,Cloud Service Analysis,Cloud Service Analysis,1.0
12,ECS/EKS,Lacks skills in orchestrating containerized applications using AWS ECS or EKS for scalable and managed data processing tasks.,"Capability to apply ECS and EKS in practical job tasks with correct tools, standards, and outcomes. Related competency alignment: Cloud Service Analysis.",True,Cloud Service Analysis,Cloud Service Analysis,1.0
17,PowerPoint,Need skills in PowerPoint to present management accounting reports and financial summaries to the Board of Directors.,"Capability to apply PowerPoint in practical job tasks with correct tools, standards, and outcomes. Related competency alignment: Accounting Software Proficiency.",True,Accounting Software Proficiency,Accounting Software Proficiency,1.0
17,accounting software (Fast),"Requires proficiency in Fast accounting software for processing business transactions, closing entries, and generating accurate financial reports.","Capability to apply accounting software (Fast) in practical job tasks with correct tools, standards, and outcomes. Related competency alignment: Analytical Techniques Application.",True,Analytical Techniques Application,Analytical Techniques Application,1.0
311,Air & sea logistics solutions,Requires the ability to develop professional air and sea freight logistics solutions tailored for cross-border e-commerce clients.,"Capability to apply Air & sea logistics solutions in practical job tasks with correct tools, standards, and outcomes. Related competency alignment: Evaluate contract performance levels.",True,Evaluate contract performance levels,Evaluate contract performance levels,1.0
311,E-commerce platform client insights,Needs understanding of e-commerce marketplace operations and seller needs to effectively drive business development in Vietnam.,"Capability to apply E-commerce platform client insights in practical job tasks with correct tools, standards, and outcomes. Related competency alignment: Evaluate contract performance levels.",True,Evaluate contract performance levels,Evaluate contract performance levels,1.0
311,Contract signing administration,Lacks experience in managing the end-to-end contract execution process and administrative formalities for logistics service agreements.,"Capability to apply Contract signing administration in practical job tasks with correct tools, standards, and outcomes. Related competency alignment: Negotiation skills for contracts.",True,Negotiation skills for contracts,Negotiation skills for contracts,1.0
7,Docker,Lacks experience with containerization for deploying security services and managing environment configurations within the cybersecurity product ecosystem.,"Capability to apply Docker in practical job tasks with correct tools, standards, and outcomes. Related competency alignment: Basic Network Device Functionality.",True,Basic Network Device Functionality,Basic Network Device Functionality,1.0
7,"Networking (TCP/IP Routing, Switching)",Missing foundational knowledge of network protocols and infrastructure necessary for implementing and troubleshooting security solutions at client sites.,"Capability to apply Networking (TCP/IP Routing, Switching) in practical job tasks with correct tools, standards, and outcomes. Related competency alignment: Basic Network Device Functionality.",True,Basic Network Device Functionality,Basic Network Device Functionality,1.0
7,vCenter,Lacks competency in managing VMware environments to facilitate lab setup and resource management for security product deployments.,"Capability to apply vCenter in practical job tasks with correct tools, standards, and outcomes. Related competency alignment: Basic Network Device Functionality.",True,Basic Network Device Functionality,Basic Network Device Functionality,1.0
7,Virtualization Systems Management (Full stack),Requires comprehensive expertise in virtualization platforms to manage deployment resources and maintain synchronization of cybersecurity product versions.,"Capability to apply Virtualization Systems Management (Full stack) in practical job tasks with correct tools, standards, and outcomes. Related competency alignment: Basic Network Device Functionality.",True,Basic Network Device Functionality,Basic Network Device Functionality,1.0
315,B2B and B2C Pharmaceutical Sales,Needs proficiency in managing dual sales cycles for healthcare providers and modern retail distribution channels to meet business goals.,"Capability to apply B2B and B2C Pharmaceutical Sales in practical job tasks with correct tools, standards, and outcomes. Related competency alignment: Understanding basic communication skills.",True,Understanding basic communication skills,Understanding basic communication skills,1.0
315,Sales Strategy Planning,Requires the ability to design actionable sales plans and promotional programs to effectively achieve allocated revenue targets.,"Capability to apply Sales Strategy Planning in practical job tasks with correct tools, standards, and outcomes. Related competency alignment: Understanding basic communication skills.",True,Understanding basic communication skills,Understanding basic communication skills,1.0
315,Knowledge of Pharmacy Channel,Lacks deep understanding of drug store operations and clinical consulting requirements necessary for the professional Pharma channel.,"Capability to apply Knowledge of Pharmacy Channel in practical job tasks with correct tools, standards, and outcomes. Related competency alignment: Understanding basic communication skills.",True,Understanding basic communication skills,Understanding basic communication skills,1.0
14,presentation skills,Competency in clearly presenting requirements documents to stakeholders to support technical understanding of banking system needs.,"Capability to apply presentation skills in practical job tasks with correct tools, standards, and outcomes. Related competency alignment: Analyzing and Defining Solutions.",True,Analyzing and Defining Solutions,Analyzing and Defining Solutions,1.0
14,technical analysis and solution design,Ability to evaluate feasibility and propose technical solutions that align business requirements with fintech system capabilities.,"Capability to apply technical analysis and solution design in practical job tasks with correct tools, standards, and outcomes. Related competency alignment: Analyzing and Defining Solutions.",True,Analyzing and Defining Solutions,Analyzing and Defining Solutions,1.0
14,group work and communication skills,Proficiency in collaborating with cross-functional teams and stakeholders to ensure successful banking project deployment and risk management.,"Capability to apply group work and communication skills in practical job tasks with correct tools, standards, and outcomes. Related competency alignment: Analyzing and Defining Solutions.",True,Analyzing and Defining Solutions,Analyzing and Defining Solutions,1.0
23,Python,Missing proficiency in Python to design and develop automated test scripts for systematic software quality assurance.,"Capability to apply Python in practical job tasks with correct tools, standards, and outcomes. Related competency alignment: Automated Testing Techniques.",True,Automated Testing Techniques,Automated Testing Techniques,1.0
23,C#,Lacks the ability to use C# for building and maintaining automation frameworks and scripts within Agile development environments.,"Capability to apply C# in practical job tasks with correct tools, standards, and outcomes. Related competency alignment: Automated Testing Techniques.",True,Automated Testing Techniques,Automated Testing Techniques,1.0
23,Playwright,Needs competency in Playwright to lead web automation testing and ensure functionality across diverse application environments.,"Capability to apply Playwright in practical job tasks with correct tools, standards, and outcomes. Related competency alignment: Automated Testing Techniques.",True,Automated Testing Techniques,Automated Testing Techniques,1.0
343,HTML/CSS,Proficiency in front-end basics to improve handoff collaboration and ensure technical feasibility of mobile-integrated web interfaces for developers.,"Capability to apply HTML/CSS in practical job tasks with correct tools, standards, and outcomes. Related competency alignment: CSS Styling.",True,CSS Styling,CSS Styling,1.0
435,Material Design,"Mastering Google’s design system for creating consistent, high-quality mobile app interfaces that meet global platform standards.","Capability to apply Material Design in practical job tasks with correct tools, standards, and outcomes. Related competency alignment: Classify problem-solving methods using search techniques.",True,Classify problem-solving methods using search techniques,Classify problem-solving methods using search techniques,1.0
435,AI,Leveraging artificial intelligence tools to optimize design workflows and boost creativity in mobile app UI/UX development.,"Capability to apply AI in practical job tasks with correct tools, standards, and outcomes. Related competency alignment: Classify problem-solving methods using search techniques.",True,Classify problem-solving methods using search techniques,Classify problem-solving methods using search techniques,1.0
31,Real estate industry experience,Lacks specialized knowledge of the real estate market needed to create industry-specific SEO content for property-focused projects.,"Capability to apply Real estate industry experience in practical job tasks with correct tools, standards, and outcomes. Related competency alignment: Ethical responsibility in work.",True,Ethical responsibility in work,Ethical responsibility in work,1.0
31,Project management,"Needs ability to organize tasks, prioritize stakeholders, and manage timelines for content delivery across multiple website projects.","Capability to apply Project management in practical job tasks with correct tools, standards, and outcomes. Related competency alignment: Analyzing Real Estate Transactions.",True,Analyzing Real Estate Transactions,Analyzing Real Estate Transactions,1.0
31,Managing outsourced content providers,Requires competency in coordinating external contributors and performing quality control for a high volume of outsourced SEO articles.,"Capability to apply Managing outsourced content providers in practical job tasks with correct tools, standards, and outcomes. Related competency alignment: Analyzing Real Estate Transactions.",True,Analyzing Real Estate Transactions,Analyzing Real Estate Transactions,1.0
21,Financial banking operations knowledge,Understanding essential banking regulations and operational procedures required to manage individual customer accounts and service delivery effectively.,"Capability to apply Financial banking operations knowledge in practical job tasks with correct tools, standards, and outcomes. Related competency alignment: Dynamic, flexible, and friendly team working ability.",True,"Dynamic, flexible, and friendly team working ability","Dynamic, flexible, and friendly team working ability",1.0
21,Credit profiling and evaluation,Analyzing customer financial data and assessing creditworthiness to recommend appropriate credit options according to bank risk standards.,"Capability to apply Credit profiling and evaluation in practical job tasks with correct tools, standards, and outcomes. Related competency alignment: Dynamic, flexible, and friendly team working ability.",True,"Dynamic, flexible, and friendly team working ability","Dynamic, flexible, and friendly team working ability",1.0
21,Product advisory,Developing competency in matching individual customer needs with suitable banking products and services through professional financial consultation.,"Capability to apply Product advisory in practical job tasks with correct tools, standards, and outcomes. Related competency alignment: Dynamic, flexible, and friendly team working ability.",True,"Dynamic, flexible, and friendly team working ability","Dynamic, flexible, and friendly team working ability",1.0
35,information security governance frameworks,Lacks expertise in using governance frameworks to align information security strategies with business goals and ISO 27001 requirements.,"Capability to apply information security governance frameworks in practical job tasks with correct tools, standards, and outcomes. Related competency alignment: Cryptographic Algorithms.",True,Cryptographic Algorithms,Cryptographic Algorithms,1.0
35,compliance management,Requires the ability to manage and enforce organizational adherence to internal security policies and external regulatory mandates.,"Capability to apply compliance management in practical job tasks with correct tools, standards, and outcomes. Related competency alignment: Cryptographic Algorithms.",True,Cryptographic Algorithms,Cryptographic Algorithms,1.0
35,periodic review processes,Needs competence in executing scheduled audits and reviews to maintain continuous compliance with ISO 27001 certification standards.,"Capability to apply periodic review processes in practical job tasks with correct tools, standards, and outcomes. Related competency alignment: Cryptographic Algorithms.",True,Cryptographic Algorithms,Cryptographic Algorithms,1.0
35,security compliance standards,Lacks knowledge of specific security standards and protocols necessary for passing external audits and maintaining formal certifications.,"Capability to apply security compliance standards in practical job tasks with correct tools, standards, and outcomes. Related competency alignment: Cryptographic Algorithms.",True,Cryptographic Algorithms,Cryptographic Algorithms,1.0
35,cloud security principles,Requires understanding of security protocols and risk mitigation strategies specifically designed for cloud-based infrastructure and service delivery.,"Capability to apply cloud security principles in practical job tasks with correct tools, standards, and outcomes. Related competency alignment: Cryptographic Algorithms.",True,Cryptographic Algorithms,Cryptographic Algorithms,1.0
320,R,Expertise in R for statistical processing and analyzing system logs to detect information security anomalies.,"Capability to apply R in practical job tasks with correct tools, standards, and outcomes. Related competency alignment: Analytic Hierarchy Process (AHP).",True,Analytic Hierarchy Process (AHP),Analytic Hierarchy Process (AHP),1.0
320,Tableau,Proficiency in Tableau for designing dashboards that visualize information security metrics and support executive decision-making.,"Capability to apply Tableau in practical job tasks with correct tools, standards, and outcomes. Related competency alignment: Analytic Hierarchy Process (AHP).",True,Analytic Hierarchy Process (AHP),Analytic Hierarchy Process (AHP),1.0
320,Qlik,Competency using Qlik to standardize and visualize data from multiple sources for security operation monitoring.,"Capability to apply Qlik in practical job tasks with correct tools, standards, and outcomes. Related competency alignment: Analytic Hierarchy Process (AHP).",True,Analytic Hierarchy Process (AHP),Analytic Hierarchy Process (AHP),1.0
320,Machine Learning,Knowledge of Machine Learning to build predictive models and identify security threats within system logs and behavior.,"Capability to apply Machine Learning in practical job tasks with correct tools, standards, and outcomes. Related competency alignment: Analytic Hierarchy Process (AHP).",True,Analytic Hierarchy Process (AHP),Analytic Hierarchy Process (AHP),1.0
37,JPA,Proficiency in using JPA for object-relational mapping to manage database interactions within the backend architecture.,"Capability to apply JPA in practical job tasks with correct tools, standards, and outcomes. Related competency alignment: Answer questions posed by instructors.",True,Answer questions posed by instructors,Answer questions posed by instructors,1.0
37,Flyway,Experience with Flyway for database version control and schema migration management in cloud-based environments.,"Capability to apply Flyway in practical job tasks with correct tools, standards, and outcomes. Related competency alignment: Answer questions posed by instructors.",True,Answer questions posed by instructors,Answer questions posed by instructors,1.0
37,AWS Cognito,Competency in implementing secure user authentication and identity management via AWS Cognito for cloud applications.,"Capability to apply AWS Cognito in practical job tasks with correct tools, standards, and outcomes. Related competency alignment: Answer questions posed by instructors.",True,Answer questions posed by instructors,Answer questions posed by instructors,1.0
37,AWS SES,Skill in integrating AWS SES to handle scalable email communications and notifications within the backend.,"Capability to apply AWS SES in practical job tasks with correct tools, standards, and outcomes. Related competency alignment: Answer questions posed by instructors.",True,Answer questions posed by instructors,Answer questions posed by instructors,1.0
37,Digital Marketing domain,Domain-specific knowledge required to develop and optimize backend solutions tailored for digital marketing business needs.,"Capability to apply Digital Marketing domain in practical job tasks with correct tools, standards, and outcomes. Related competency alignment: Answer questions posed by instructors.",True,Answer questions posed by instructors,Answer questions posed by instructors,1.0
481,salary calculation procedures,"Lacks proficiency in executing systematic payroll workflows, ensuring accurate monthly salary, bonus, and benefit calculations for personnel.","Capability to apply salary calculation procedures in practical job tasks with correct tools, standards, and outcomes. Related competency alignment: Tax Law Fundamentals.",True,Tax Law Fundamentals,Tax Law Fundamentals,1.0
481,income tax laws,"Needs understanding of current tax regulations to manage employee income deductions, filing declarations, and performing mandatory year-end settlements.","Capability to apply income tax laws in practical job tasks with correct tools, standards, and outcomes. Related competency alignment: Export and Import Taxes.",True,Export and Import Taxes,Export and Import Taxes,1.0
453,Tableau,Lacks experience in creating visual financial dashboards and automated reporting to support management decisions and internal accounting oversight.,"Capability to apply Tableau in practical job tasks with correct tools, standards, and outcomes. Related competency alignment: File Handling.",True,File Handling,File Handling,1.0
453,Python,Missing the ability to automate repetitive accounting tasks and process complex financial datasets within the company's digital transformation.,"Capability to apply Python in practical job tasks with correct tools, standards, and outcomes. Related competency alignment: File Handling.",True,File Handling,File Handling,1.0
453,SQL,Lacks proficiency in querying internal databases to extract and analyze financial data for accurate reporting and ERP integration.,"Capability to apply SQL in practical job tasks with correct tools, standards, and outcomes. Related competency alignment: File Handling.",True,File Handling,File Handling,1.0
39,.Net,"Proficiency in .Net for architecting robust, modular banking backends that integrate seamlessly with agentic AI systems.","Capability to apply .Net in practical job tasks with correct tools, standards, and outcomes. Related competency alignment: Analyzing and Designing Application Functions.",True,Analyzing and Designing Application Functions,Analyzing and Designing Application Functions,1.0
39,data pipelines,"Ability to design automated, production-grade data flows that support real-time AI agents and scalable banking ecosystems.","Capability to apply data pipelines in practical job tasks with correct tools, standards, and outcomes. Related competency alignment: Analyzing and Designing Application Functions.",True,Analyzing and Designing Application Functions,Analyzing and Designing Application Functions,1.0
39,generative AI,Mastery of Large Language Models to architect autonomous agents delivering personalized and proactive financial services.,"Capability to apply generative AI in practical job tasks with correct tools, standards, and outcomes. Related competency alignment: Analyzing and Designing Application Functions.",True,Analyzing and Designing Application Functions,Analyzing and Designing Application Functions,1.0
39,NLP,Expertise in Natural Language Processing to enable conversational intelligence and complex text analysis in banking applications.,"Capability to apply NLP in practical job tasks with correct tools, standards, and outcomes. Related competency alignment: Analyzing and Designing Application Functions.",True,Analyzing and Designing Application Functions,Analyzing and Designing Application Functions,1.0
39,computer vision,Skill in implementing vision-based AI for automated document processing and identity verification within financial services.,"Capability to apply computer vision in practical job tasks with correct tools, standards, and outcomes. Related competency alignment: Analyzing and Designing Application Functions.",True,Analyzing and Designing Application Functions,Analyzing and Designing Application Functions,1.0
39,"cloud environments (Azure, AWS, GCP)","Competency in architecting scalable, cloud-native AI infrastructures across Azure, AWS, or GCP platforms for banking.","Capability to apply cloud environments (Azure, AWS, GCP) in practical job tasks with correct tools, standards, and outcomes. Related competency alignment: Analyzing and Designing Application Functions.",True,Analyzing and Designing Application Functions,Analyzing and Designing Application Functions,1.0
39,AI workloads optimization,"Ability to enhance performance, security, and cost-efficiency of production-grade AI models in cloud-native environments.","Capability to apply AI workloads optimization in practical job tasks with correct tools, standards, and outcomes. Related competency alignment: Analyzing and Designing Application Functions.",True,Analyzing and Designing Application Functions,Analyzing and Designing Application Functions,1.0
468,Access,Proficiency in using Microsoft Access to manage sales databases and track customer records effectively within sales administration.,"Capability to apply Access in practical job tasks with correct tools, standards, and outcomes. Related competency alignment: Analytic Hierarchy Process (AHP).",True,Analytic Hierarchy Process (AHP),Analytic Hierarchy Process (AHP),1.0
468,Data analysis,Competency in analyzing sales data to generate insights and support weekly or quarterly reporting for the BOD team.,"Capability to apply Data analysis in practical job tasks with correct tools, standards, and outcomes. Related competency alignment: Analytic Hierarchy Process (AHP).",True,Analytic Hierarchy Process (AHP),Analytic Hierarchy Process (AHP),1.0
468,Reports,Ability to collect and generate accurate weekly and quarterly sales reports to support administrative and management decision-making.,"Capability to apply Reports in practical job tasks with correct tools, standards, and outcomes. Related competency alignment: Analytic Hierarchy Process (AHP).",True,Analytic Hierarchy Process (AHP),Analytic Hierarchy Process (AHP),1.0
468,Interpreting,Proven experience in verbal interpretation between Chinese and/or English to facilitate communication and support the sales department's needs.,"Capability to apply Interpreting in practical job tasks with correct tools, standards, and outcomes. Related competency alignment: Analytic Hierarchy Process (AHP).",True,Analytic Hierarchy Process (AHP),Analytic Hierarchy Process (AHP),1.0
492,Microsoft Teams,Needs proficiency in configuring and troubleshooting Microsoft Teams to support enterprise collaboration and end-user communication.,"Capability to apply Microsoft Teams in practical job tasks with correct tools, standards, and outcomes. Related competency alignment: Application of Grammar Structures.",True,Application of Grammar Structures,Application of Grammar Structures,1.0
492,Basic English reading comprehension,"Requires better English skills to understand technical manuals, system messages, and documentation during IT troubleshooting.","Capability to apply Basic English reading comprehension in practical job tasks with correct tools, standards, and outcomes. Related competency alignment: Application of Grammar Structures.",True,Application of Grammar Structures,Application of Grammar Structures,1.0
492,General office software,"Lacks the ability to install, update, and resolve common issues within standard productivity suites like Microsoft Office.","Capability to apply General office software in practical job tasks with correct tools, standards, and outcomes. Related competency alignment: Application of Grammar Structures.",True,Application of Grammar Structures,Application of Grammar Structures,1.0
350,web security,Ability to implement security protocols and protect PHP-based websites from common web vulnerabilities and data breaches.,"Capability to apply web security in practical job tasks with correct tools, standards, and outcomes. Related competency alignment: Data Representation.",True,Data Representation,Data Representation,1.0
350,Node.js,Experience leveraging Node.js for server-side logic and frontend build tools within a full-stack development environment.,"Capability to apply Node.js in practical job tasks with correct tools, standards, and outcomes. Related competency alignment: Data Representation.",True,Data Representation,Data Representation,1.0
350,Python,Competency in Python for backend tasks or scripting to complement the development of scalable and optimized websites.,"Capability to apply Python in practical job tasks with correct tools, standards, and outcomes. Related competency alignment: Data Representation.",True,Data Representation,Data Representation,1.0
509,Understanding of Transportation and Logistics,Lacks foundational knowledge of transport workflows and logistics operations required to consult clients and provide accurate service quotations.,"Capability to apply Understanding of Transportation and Logistics in practical job tasks with correct tools, standards, and outcomes. Related competency alignment: Effective participation in class discussions.",True,Effective participation in class discussions,Effective participation in class discussions,1.0
49,Cloud platforms,Proficiency in deploying and managing database systems within cloud environments to ensure scalability for digital transformation projects.,"Capability to apply Cloud platforms in practical job tasks with correct tools, standards, and outcomes. Related competency alignment: Hadoop Model Explanation.",True,Hadoop Model Explanation,Hadoop Model Explanation,1.0
49,AWS,"Competency in deploying, managing, and optimizing database solutions on the AWS platform, including security and disaster recovery procedures.","Capability to apply AWS in practical job tasks with correct tools, standards, and outcomes. Related competency alignment: Cloud Service Analysis.",True,Cloud Service Analysis,Cloud Service Analysis,1.0
486,telesales,Master phone-based communication and sales techniques to effectively reach and engage potential airline ticket agents and travel partners.,"Capability to apply telesales in practical job tasks with correct tools, standards, and outcomes. Related competency alignment: Understanding basic communication skills.",True,Understanding basic communication skills,Understanding basic communication skills,1.0
38,Financial Analysis,Competency in evaluating business performance reports and financial statements to provide insights into project profitability and fiscal health.,"Capability to apply Financial Analysis in practical job tasks with correct tools, standards, and outcomes. Related competency alignment: Calculating interest rates and cash flows.",True,Calculating interest rates and cash flows,Calculating interest rates and cash flows,1.0
38,Managerial Accounting,Proficiency in preparing internal reports to support management decisions regarding resource allocation and project-specific financial performance.,"Capability to apply Managerial Accounting in practical job tasks with correct tools, standards, and outcomes. Related competency alignment: Analyzing financial situations based on reports.",True,Analyzing financial situations based on reports,Analyzing financial situations based on reports,1.0
38,Budget Management,Experience in planning and monitoring budgets to ensure project expenditures stay aligned with monthly cash flow forecasts.,"Capability to apply Budget Management in practical job tasks with correct tools, standards, and outcomes. Related competency alignment: Analyzing financial situations based on reports.",True,Analyzing financial situations based on reports,Analyzing financial situations based on reports,1.0
52,ERP,Master Enterprise Resource Planning systems to analyze and blueprint complex business processes for large-scale client solutions.,"Capability to apply ERP in practical job tasks with correct tools, standards, and outcomes. Related competency alignment: Applying general communication skills.",True,Applying general communication skills,Applying general communication skills,1.0
52,digital marketing,Understand digital marketing strategies to support sales opportunities and align client requirements with modern marketing objectives.,"Capability to apply digital marketing in practical job tasks with correct tools, standards, and outcomes. Related competency alignment: Applying general communication skills.",True,Applying general communication skills,Applying general communication skills,1.0
52,technical writing,Enhance technical writing capabilities to document clear requirements and user stories for project stakeholders and development teams.,"Capability to apply technical writing in practical job tasks with correct tools, standards, and outcomes. Related competency alignment: Applying general communication skills.",True,Applying general communication skills,Applying general communication skills,1.0
30,AWS,Expertise in deploying and managing database systems on AWS to support scalable digital transformation and cloud-based data workflows.,"Capability to apply AWS in practical job tasks with correct tools, standards, and outcomes. Related competency alignment: Cloud Service Analysis.",True,Cloud Service Analysis,Cloud Service Analysis,1.0
30,cloud platforms,"Experience architecting and maintaining databases across cloud platforms to ensure performance, high availability, and robust disaster recovery solutions.","Capability to apply cloud platforms in practical job tasks with correct tools, standards, and outcomes. Related competency alignment: Hadoop Model Explanation.",True,Hadoop Model Explanation,Hadoop Model Explanation,1.0
523,preparing test reports,Missing the ability to document defect analysis and communicate testing outcomes through structured formal reports for stakeholders.,"Capability to apply preparing test reports in practical job tasks with correct tools, standards, and outcomes. Related competency alignment: Automated Testing Techniques.",True,Automated Testing Techniques,Automated Testing Techniques,1.0
523,Python,Lack of Python scripting skills required to develop test scripts and support testing frameworks in an agile environment.,"Capability to apply Python in practical job tasks with correct tools, standards, and outcomes. Related competency alignment: Automated Testing Techniques.",True,Automated Testing Techniques,Automated Testing Techniques,1.0
57,Production Cost Optimization,Competency in identifying and implementing cost-saving measures for production and operational expenses in manufacturing environments.,"Capability to apply Production Cost Optimization in practical job tasks with correct tools, standards, and outcomes. Related competency alignment: Analyzing cost-volume-profit relationships.",True,Analyzing cost-volume-profit relationships,Analyzing cost-volume-profit relationships,1.0
57,Product Costing,Skill in establishing accurate product costs and allocating expenses reasonably according to industrial accounting standards.,"Capability to apply Product Costing in practical job tasks with correct tools, standards, and outcomes. Related competency alignment: Analyzing cost-volume-profit relationships.",True,Analyzing cost-volume-profit relationships,Analyzing cost-volume-profit relationships,1.0
57,Strategic Financial Analysis for Construction/Manufacturing,Ability to analyze financial data and provide strategic insights for decision-making in the construction and manufacturing sectors.,"Capability to apply Strategic Financial Analysis for Construction/Manufacturing in practical job tasks with correct tools, standards, and outcomes. Related competency alignment: Analyzing cost-volume-profit relationships.",True,Analyzing cost-volume-profit relationships,Analyzing cost-volume-profit relationships,1.0
57,Management of Industrial Accounting Systems,Proficiency in overseeing complex accounting frameworks and ensuring legal compliance for large-scale industrial or manufacturing operations.,"Capability to apply Management of Industrial Accounting Systems in practical job tasks with correct tools, standards, and outcomes. Related competency alignment: Analyzing cost-volume-profit relationships.",True,Analyzing cost-volume-profit relationships,Analyzing cost-volume-profit relationships,1.0
55,MongoDB,Proficiency in MongoDB for managing NoSQL data structures within high-performance backend application architectures.,"Capability to apply MongoDB in practical job tasks with correct tools, standards, and outcomes. Related competency alignment: Cloud Service Analysis.",True,Cloud Service Analysis,Cloud Service Analysis,1.0
55,Kubernetes,Ability to manage and scale containerized applications using Kubernetes for robust backend service orchestration.,"Capability to apply Kubernetes in practical job tasks with correct tools, standards, and outcomes. Related competency alignment: Cloud Service Analysis.",True,Cloud Service Analysis,Cloud Service Analysis,1.0
55,AWS,Skill in leveraging Amazon Web Services to deploy and maintain scalable cloud-native backend solutions.,"Capability to apply AWS in practical job tasks with correct tools, standards, and outcomes. Related competency alignment: Cloud Service Analysis.",True,Cloud Service Analysis,Cloud Service Analysis,1.0
55,GCP,Proficiency in Google Cloud Platform services for building and managing modern backend infrastructure and applications.,"Capability to apply GCP in practical job tasks with correct tools, standards, and outcomes. Related competency alignment: Cloud Service Analysis.",True,Cloud Service Analysis,Cloud Service Analysis,1.0
55,GO,"Knowledge of the Go language for developing efficient, concurrent backend services to complement the existing Java environment.","Capability to apply GO in practical job tasks with correct tools, standards, and outcomes. Related competency alignment: Cloud Service Analysis.",True,Cloud Service Analysis,Cloud Service Analysis,1.0
527,Social Insurance,Lacks knowledge of social insurance regulations and procedures required for managing employee benefits and labor law compliance.,"Capability to apply Social Insurance in practical job tasks with correct tools, standards, and outcomes. Related competency alignment: Team Leadership.",True,Team Leadership,Team Leadership,1.0
527,KPI,Needs proficiency in developing and monitoring Key Performance Indicators to evaluate employee performance and administrative efficiency.,"Capability to apply KPI in practical job tasks with correct tools, standards, and outcomes. Related competency alignment: Team Leadership.",True,Team Leadership,Team Leadership,1.0
64,GCP,Proficiency in designing and operating database management systems within Google Cloud Platform environments.,"Capability to apply GCP in practical job tasks with correct tools, standards, and outcomes. Related competency alignment: Cloud Service Analysis.",True,Cloud Service Analysis,Cloud Service Analysis,1.0
64,Azure,Experience in deploying and managing database architectures on the Microsoft Azure public cloud platform.,"Capability to apply Azure in practical job tasks with correct tools, standards, and outcomes. Related competency alignment: Cloud Service Analysis.",True,Cloud Service Analysis,Cloud Service Analysis,1.0
64,BigQuery,Competency in designing and operating large-scale cloud data warehouses specifically using Google BigQuery.,"Capability to apply BigQuery in practical job tasks with correct tools, standards, and outcomes. Related competency alignment: Cloud Service Analysis.",True,Cloud Service Analysis,Cloud Service Analysis,1.0
528,NumPy,Proficiency in numerical computing for efficient financial data manipulation and mathematical modeling within Python-based workflows.,"Capability to apply NumPy in practical job tasks with correct tools, standards, and outcomes. Related competency alignment: Analytic Hierarchy Process (AHP).",True,Analytic Hierarchy Process (AHP),Analytic Hierarchy Process (AHP),1.0
528,Scikit-learn,Ability to apply machine learning libraries for trend analysis and simple predictive modeling in liquidity planning.,"Capability to apply Scikit-learn in practical job tasks with correct tools, standards, and outcomes. Related competency alignment: Analytic Hierarchy Process (AHP).",True,Analytic Hierarchy Process (AHP),Analytic Hierarchy Process (AHP),1.0
528,R,"Expertise in statistical programming for advanced data analysis, cohort studies, and generating automated fintech business insights.","Capability to apply R in practical job tasks with correct tools, standards, and outcomes. Related competency alignment: Analytic Hierarchy Process (AHP).",True,Analytic Hierarchy Process (AHP),Analytic Hierarchy Process (AHP),1.0
528,OKR,Experience designing and tracking Objectives and Key Results to align performance monitoring with senior management reporting standards.,"Capability to apply OKR in practical job tasks with correct tools, standards, and outcomes. Related competency alignment: Analytic Hierarchy Process (AHP).",True,Analytic Hierarchy Process (AHP),Analytic Hierarchy Process (AHP),1.0
528,Agile methodologies,Knowledge of iterative project management frameworks to streamline data reporting and cross-functional collaboration in dynamic environments.,"Capability to apply Agile methodologies in practical job tasks with correct tools, standards, and outcomes. Related competency alignment: Analytic Hierarchy Process (AHP).",True,Analytic Hierarchy Process (AHP),Analytic Hierarchy Process (AHP),1.0
552,Real Estate industry knowledge,Lacks deep understanding of real estate market trends and specific candidate profiles needed for property sales and management.,"Capability to apply Real Estate industry knowledge in practical job tasks with correct tools, standards, and outcomes. Related competency alignment: Critical Thinking.",True,Critical Thinking,Applying Critical Thinking to Solve Practical Problems,1.0
552,OKR implementation,Needs proficiency in setting and tracking recruitment objectives and key results to align with the company's strategic goals.,"Capability to apply OKR implementation in practical job tasks with correct tools, standards, and outcomes. Related competency alignment: Critical Thinking.",True,Critical Thinking,Applying Critical Thinking to Solve Practical Problems,1.0
552,Advanced recruitment reporting,"Requires skills in creating comprehensive data-driven reports on recruitment status, costs, and efficiency for upper management review.","Capability to apply Advanced recruitment reporting in practical job tasks with correct tools, standards, and outcomes. Related competency alignment: Critical Thinking.",True,Critical Thinking,Applying Critical Thinking to Solve Practical Problems,1.0
552,Database management (ATS/CRM systems),Missing technical ability to optimize candidate databases or ATS/CRM tools for streamlined tracking and faster hiring workflows.,"Capability to apply Database management (ATS/CRM systems) in practical job tasks with correct tools, standards, and outcomes. Related competency alignment: Critical Thinking.",True,Critical Thinking,Applying Critical Thinking to Solve Practical Problems,1.0
66,AWS Glue,Designing and optimizing scalable ETL/ELT pipelines and Spark-based workflows within AWS cloud environments.,"Capability to apply AWS Glue in practical job tasks with correct tools, standards, and outcomes. Related competency alignment: Cloud Service Analysis.",True,Cloud Service Analysis,Cloud Service Analysis,1.0
66,EC2,Deploying and managing scalable compute instances to support data engineering infrastructure and processing tasks.,"Capability to apply EC2 in practical job tasks with correct tools, standards, and outcomes. Related competency alignment: Cloud Service Analysis.",True,Cloud Service Analysis,Cloud Service Analysis,1.0
66,VPC,Configuring isolated network architectures to secure data pipelines and cloud infrastructure from unauthorized access.,"Capability to apply VPC in practical job tasks with correct tools, standards, and outcomes. Related competency alignment: Cloud Service Analysis.",True,Cloud Service Analysis,Cloud Service Analysis,1.0
66,ECS/EKS,Managing and orchestrating containerized data applications using Amazon's container service or managed Kubernetes clusters.,"Capability to apply ECS and EKS in practical job tasks with correct tools, standards, and outcomes. Related competency alignment: Cloud Service Analysis.",True,Cloud Service Analysis,Cloud Service Analysis,1.0
66,IAM,Implementing robust access controls and security policies to protect sensitive data and cloud infrastructure resources.,"Capability to apply IAM in practical job tasks with correct tools, standards, and outcomes. Related competency alignment: Cloud Service Analysis.",True,Cloud Service Analysis,Cloud Service Analysis,1.0
67,Java,Proficiency in Java for building high-performance system-level applications and control system modules as per requirements.,"Capability to apply Java in practical job tasks with correct tools, standards, and outcomes. Related competency alignment: Amdahl's Law Application.",True,Amdahl's Law Application,Amdahl's Law Application,1.0
67,multithreading,Ability to implement multithreading for efficient concurrent execution and synchronization within complex system software.,"Capability to apply multithreading in practical job tasks with correct tools, standards, and outcomes. Related competency alignment: Amdahl's Law Application.",True,Amdahl's Law Application,Amdahl's Law Application,1.0
67,parallel processing,Competency in parallel processing to optimize performance and execute mathematical models for system analysis.,"Capability to apply parallel processing in practical job tasks with correct tools, standards, and outcomes. Related competency alignment: Amdahl's Law Application.",True,Amdahl's Law Application,Amdahl's Law Application,1.0
67,CAN,Practical knowledge of the CAN protocol for reliable hardware-software communication in embedded control systems.,"Capability to apply CAN in practical job tasks with correct tools, standards, and outcomes. Related competency alignment: Amdahl's Law Application.",True,Amdahl's Law Application,Amdahl's Law Application,1.0
67,Ethernet,Skills in Ethernet protocol implementation and socket programming for networking hardware/software communication modules.,"Capability to apply Ethernet in practical job tasks with correct tools, standards, and outcomes. Related competency alignment: Amdahl's Law Application.",True,Amdahl's Law Application,Amdahl's Law Application,1.0
67,IPCore,Experience deploying IPCore on hardware platforms to develop and optimize high-performance system-level features.,"Capability to apply IPCore in practical job tasks with correct tools, standards, and outcomes. Related competency alignment: Amdahl's Law Application.",True,Amdahl's Law Application,Amdahl's Law Application,1.0
67,FPGA,Proficiency in using FPGA platforms to implement and test hardware-level control logic and system modules.,"Capability to apply FPGA in practical job tasks with correct tools, standards, and outcomes. Related competency alignment: Amdahl's Law Application.",True,Amdahl's Law Application,Amdahl's Law Application,1.0
560,Tax laws,"Need to master Vietnamese tax regulations to accurately manage VAT, CIT, and ensure legal invoice compliance.","Capability to apply Tax laws in practical job tasks with correct tools, standards, and outcomes. Related competency alignment: Accounting Software Proficiency.",True,Accounting Software Proficiency,Accounting Software Proficiency,1.0
560,Fast accounting software,"Requires proficiency in Fast accounting software to process multi-industry transactions, asset tracking, and monthly financial reporting.","Capability to apply Fast accounting software in practical job tasks with correct tools, standards, and outcomes. Related competency alignment: Analytical Techniques Application.",True,Analytical Techniques Application,Analytical Techniques Application,1.0
560,Non-Resident Enterprise Income Tax (NDIT) knowledge,Lacks specialized knowledge in NDIT declarations required for managing tax obligations related to transactions with Japanese business partners.,"Capability to apply Non-Resident Enterprise Income Tax (NDIT) knowledge in practical job tasks with correct tools, standards, and outcomes. Related competency alignment: Accounting Software Proficiency.",True,Accounting Software Proficiency,Accounting Software Proficiency,1.0
595,AI (Azure OpenAI and GenAI),Lack of experience integrating generative AI and Azure OpenAI services into cloud-based full-stack applications.,"Capability to apply AI (Azure OpenAI and GenAI) in practical job tasks with correct tools, standards, and outcomes. Related competency alignment: Classify problem-solving methods using search techniques.",True,Classify problem-solving methods using search techniques,Classify problem-solving methods using search techniques,1.0
595,"Public cloud (Azure, AWS)",Missing proficiency in deploying and managing Java/React applications on Azure or AWS public cloud infrastructures.,"Capability to apply Public cloud (Azure, AWS) in practical job tasks with correct tools, standards, and outcomes. Related competency alignment: Classify problem-solving methods using search techniques.",True,Classify problem-solving methods using search techniques,Classify problem-solving methods using search techniques,1.0
595,Google Cloud,Absence of experience developing and maintaining applications within the Google Cloud Platform environment for cloud domain projects.,"Capability to apply Google Cloud in practical job tasks with correct tools, standards, and outcomes. Related competency alignment: Classify problem-solving methods using search techniques.",True,Classify problem-solving methods using search techniques,Classify problem-solving methods using search techniques,1.0
611,PostgreSQL,Lacks proficiency in managing and configuring PostgreSQL databases for core trading systems and enterprise data exploitation tasks.,"Capability to apply PostgreSQL in practical job tasks with correct tools, standards, and outcomes. Related competency alignment: Critical Thinking.",True,Critical Thinking,Applying Critical Thinking to Solve Practical Problems,1.0
611,SQL statements optimization,Needs experience fine-tuning complex SQL queries to ensure high-performance data retrieval and application troubleshooting in production environments.,"Capability to apply SQL statements optimization in practical job tasks with correct tools, standards, and outcomes. Related competency alignment: Critical Thinking.",True,Critical Thinking,Applying Critical Thinking to Solve Practical Problems,1.0
70,deploying local and remote notifications,Missing experience in configuring and managing local and push notifications for iOS and Android within the Expo ecosystem.,"Capability to apply deploying local and remote notifications in practical job tasks with correct tools, standards, and outcomes. Related competency alignment: Code Execution.",True,Code Execution,Code Execution,1.0
70,implementing in-app purchases,Lacks competency in integrating digital payment systems and handling subscription workflows for App Store and Google Play services.,"Capability to apply implementing in-app purchases in practical job tasks with correct tools, standards, and outcomes. Related competency alignment: Code Execution.",True,Code Execution,Code Execution,1.0
70,"application quality management and release processes (App Store / Google Play, etc.)","Requires knowledge of managing app store submissions, compliance guidelines, and the full production release cycle for mobile apps.","Capability to apply application quality management and release processes (App Store / Google Play, etc.) in practical job tasks with correct tools, standards, and outcomes. Related competency alignment: Code Execution.",True,Code Execution,Code Execution,1.0
70,"test code writing experience (Jest / React Native Testing Library, etc.)",Needs proficiency in writing automated unit and integration tests for React Native components to ensure stable application releases.,"Capability to apply test code writing experience (Jest / React Native Testing Library, etc.) in practical job tasks with correct tools, standards, and outcomes. Related competency alignment: Mobile Application Development.",True,Mobile Application Development,Mobile Application Development,1.0
70,Biome,Missing familiarity with Biome for high-performance linting and formatting within a modern TypeScript-based mobile development environment.,"Capability to apply Biome in practical job tasks with correct tools, standards, and outcomes. Related competency alignment: Code Execution.",True,Code Execution,Code Execution,1.0
753,Design Tokens,Requires expertise in implementing design tokens to maintain consistency and scalability within complex design systems.,"Capability to apply Design Tokens in practical job tasks with correct tools, standards, and outcomes. Related competency alignment: Automated Testing Techniques.",True,Automated Testing Techniques,Automated Testing Techniques,1.0
753,Heuristic Evaluation,Needs proficiency in auditing interfaces against usability principles to ensure intuitive and consistent user experiences.,"Capability to apply Heuristic Evaluation in practical job tasks with correct tools, standards, and outcomes. Related competency alignment: Automated Testing Techniques.",True,Automated Testing Techniques,Automated Testing Techniques,1.0
753,A/B Testing,Missing the ability to design and run comparative tests to validate design solutions using data-driven insights.,"Capability to apply A B Testing in practical job tasks with correct tools, standards, and outcomes. Related competency alignment: Team Collaboration Skills.",True,Team Collaboration Skills,Team Collaboration Skills,1.0
753,AI Copilot Studio,Lacks familiarity with AI Copilot Studio to streamline design workflows and integrate AI-powered productivity tools.,"Capability to apply AI Copilot Studio in practical job tasks with correct tools, standards, and outcomes. Related competency alignment: Automated Testing Techniques.",True,Automated Testing Techniques,Automated Testing Techniques,1.0
72,C#,Proficiency in designing and developing automated test scripts using the C# programming language for software quality assurance.,"Capability to apply C# in practical job tasks with correct tools, standards, and outcomes. Related competency alignment: Automated Testing Techniques.",True,Automated Testing Techniques,Automated Testing Techniques,1.0
72,Playwright,Competency in building and maintaining automated UI test frameworks using Playwright to ensure web application reliability.,"Capability to apply Playwright in practical job tasks with correct tools, standards, and outcomes. Related competency alignment: Automated Testing Techniques.",True,Automated Testing Techniques,Automated Testing Techniques,1.0
72,performance testing techniques and tools,"Expertise in applying performance testing methodologies and tools to evaluate application speed, stability, and reliability under load.","Capability to apply performance testing techniques and tools in practical job tasks with correct tools, standards, and outcomes. Related competency alignment: Team Collaboration Skills.",True,Team Collaboration Skills,Team Collaboration Skills,1.0
754,personal income tax laws,Lacks knowledge of personal income tax regulations required to accurately calculate payroll deductions and ensure statutory compliance for employees.,"Capability to apply personal income tax laws in practical job tasks with correct tools, standards, and outcomes. Related competency alignment: Export and Import Taxes.",True,Export and Import Taxes,Export and Import Taxes,1.0
68,customer onboarding,"Architecture expertise for designing seamless, secure digital account opening and identity verification processes for APAC clients.","Capability to apply customer onboarding in practical job tasks with correct tools, standards, and outcomes. Related competency alignment: Cloud Service Analysis.",True,Cloud Service Analysis,Cloud Service Analysis,1.0
68,loans,Proficiency in architecting end-to-end lending solutions and modernization of legacy loan processing systems within core banking.,"Capability to apply loans in practical job tasks with correct tools, standards, and outcomes. Related competency alignment: Cloud Service Analysis.",True,Cloud Service Analysis,Cloud Service Analysis,1.0
68,compliance,Ability to integrate mandatory financial regulatory checks and automated compliance monitoring into enterprise solution designs.,"Capability to apply compliance in practical job tasks with correct tools, standards, and outcomes. Related competency alignment: Cloud Service Analysis.",True,Cloud Service Analysis,Cloud Service Analysis,1.0
68,GCP,Experience designing and migrating financial workloads to Google Cloud Platform to support regional digital transformation initiatives.,"Capability to apply GCP in practical job tasks with correct tools, standards, and outcomes. Related competency alignment: Cloud Service Analysis.",True,Cloud Service Analysis,Cloud Service Analysis,1.0
68,AWS,"Technical expertise in leveraging Amazon Web Services to build scalable, secure, and resilient architectures for financial services.","Capability to apply AWS in practical job tasks with correct tools, standards, and outcomes. Related competency alignment: Cloud Service Analysis.",True,Cloud Service Analysis,Cloud Service Analysis,1.0
68,Kubernetes,Skill in orchestrating containerized microservices to ensure performance and resilience in modernized financial system deployments.,"Capability to apply Kubernetes in practical job tasks with correct tools, standards, and outcomes. Related competency alignment: Cloud Service Analysis.",True,Cloud Service Analysis,Cloud Service Analysis,1.0
68,data governance,"Competency in establishing frameworks for data quality, lifecycle management, and metadata within integrated financial data lakes.","Capability to apply data governance in practical job tasks with correct tools, standards, and outcomes. Related competency alignment: Cloud Service Analysis.",True,Cloud Service Analysis,Cloud Service Analysis,1.0
68,security protocols,Proficiency in implementing robust encryption and authentication protocols to safeguard sensitive data in cloud-integrated financial solutions.,"Capability to apply security protocols in practical job tasks with correct tools, standards, and outcomes. Related competency alignment: Cloud Service Analysis.",True,Cloud Service Analysis,Cloud Service Analysis,1.0
68,"regulatory frameworks (MAS, GDPR, PCI-DSS)","Knowledge of designing systems that adhere to MAS, GDPR, and PCI-DSS standards for regional financial compliance.","Capability to apply regulatory frameworks (MAS, GDPR, PCI-DSS) in practical job tasks with correct tools, standards, and outcomes. Related competency alignment: Cloud Service Analysis.",True,Cloud Service Analysis,Cloud Service Analysis,1.0
68,Oracle,Experience in architecting and optimizing enterprise-grade Oracle database solutions for core banking and financial system modernization.,"Capability to apply Oracle in practical job tasks with correct tools, standards, and outcomes. Related competency alignment: Cloud Service Analysis.",True,Cloud Service Analysis,Cloud Service Analysis,1.0
68,MongoDB,"Expertise in integrating NoSQL document databases to support flexible, high-performance data storage for modern financial applications.","Capability to apply MongoDB in practical job tasks with correct tools, standards, and outcomes. Related competency alignment: Cloud Service Analysis.",True,Cloud Service Analysis,Cloud Service Analysis,1.0
68,Cassandra,Proficiency in managing distributed NoSQL databases for high-availability financial transaction processing and large-scale data ingestion.,"Capability to apply Cassandra in practical job tasks with correct tools, standards, and outcomes. Related competency alignment: Cloud Service Analysis.",True,Cloud Service Analysis,Cloud Service Analysis,1.0
68,MySQL,"Skill in designing and maintaining scalable, open-source relational database architectures for financial service applications and platforms.","Capability to apply MySQL in practical job tasks with correct tools, standards, and outcomes. Related competency alignment: Cloud Service Analysis.",True,Cloud Service Analysis,Cloud Service Analysis,1.0
74,Fast accounting software,"Proficiency in using Fast software to manage construction project costs, financial reporting, and tax compliance as per job requirements.","Capability to apply Fast accounting software in practical job tasks with correct tools, standards, and outcomes. Related competency alignment: Analytical Techniques Application.",True,Analytical Techniques Application,Analytical Techniques Application,1.0
71,reactive programming,"Mastery of event-driven streams for responsive iOS and Flutter apps, focusing on asynchronous data flow and state management.","Capability to apply reactive programming in practical job tasks with correct tools, standards, and outcomes. Related competency alignment: Code Execution.",True,Code Execution,Code Execution,1.0
71,UI testing,Ability to implement automated interface tests ensuring mobile components perform reliably across diverse user scenarios and devices.,"Capability to apply UI testing in practical job tasks with correct tools, standards, and outcomes. Related competency alignment: Code Execution.",True,Code Execution,Code Execution,1.0
71,modern mobile development landscape,"In-depth understanding of current tools, trends, and architectural best practices in the evolving mobile and iOS ecosystem.","Capability to apply modern mobile development landscape in practical job tasks with correct tools, standards, and outcomes. Related competency alignment: Code Execution.",True,Code Execution,Code Execution,1.0
71,Golang,Technical proficiency in Go to effectively collaborate with and contribute to the existing backend microservice architecture.,"Capability to apply Golang in practical job tasks with correct tools, standards, and outcomes. Related competency alignment: Code Execution.",True,Code Execution,Code Execution,1.0
71,Microservices,"Experience navigating domain-oriented, event-driven service architectures to integrate mobile platforms with scalable backend systems.","Capability to apply Microservices in practical job tasks with correct tools, standards, and outcomes. Related competency alignment: Code Execution.",True,Code Execution,Code Execution,1.0
71,DevOps culture,"Embracing ownership of the full software lifecycle, from design and CI/CD to operating and monitoring services.","Capability to apply DevOps culture in practical job tasks with correct tools, standards, and outcomes. Related competency alignment: Code Execution.",True,Code Execution,Code Execution,1.0
75,Financial models,Develop competency in building and using financial models to support project reconciliation and business planning for clients.,"Capability to apply Financial models in practical job tasks with correct tools, standards, and outcomes. Related competency alignment: Binary Option Pricing.",True,Binary Option Pricing,Binary Option Pricing,1.0
75,Media coordination,Master coordinating between media teams and clients to ensure campaign deliverables meet requirements and project timelines.,"Capability to apply Media coordination in practical job tasks with correct tools, standards, and outcomes. Related competency alignment: Binary Option Pricing.",True,Binary Option Pricing,Binary Option Pricing,1.0
75,Profit margin management,Learn to monitor project execution and financial reconciliations to maintain target profit margins throughout the account lifecycle.,"Capability to apply Profit margin management in practical job tasks with correct tools, standards, and outcomes. Related competency alignment: Binary Option Pricing.",True,Binary Option Pricing,Binary Option Pricing,1.0
73,Vue.js,Proficiency in Vue.js framework is required to complement React expertise for diverse front-end development tasks.,"Capability to apply Vue.js in practical job tasks with correct tools, standards, and outcomes. Related competency alignment: E-commerce Website Development.",True,E-commerce Website Development,E-commerce Website Development,1.0
73,Unit test using Jest,"Missing competency in writing automated unit tests with Jest to ensure high-quality, reliable front-end code.","Capability to apply Unit test using Jest in practical job tasks with correct tools, standards, and outcomes. Related competency alignment: E-commerce Website Development.",True,E-commerce Website Development,E-commerce Website Development,1.0
73,Next.js,Lack of experience with Next.js for server-side rendering and optimizing React application performance.,"Capability to apply Next.js in practical job tasks with correct tools, standards, and outcomes. Related competency alignment: E-commerce Website Development.",True,E-commerce Website Development,E-commerce Website Development,1.0
73,Performance-oriented development,"Gap in skills required to optimize front-end performance, ensuring fast load times and efficient resource usage.","Capability to apply Performance-oriented development in practical job tasks with correct tools, standards, and outcomes. Related competency alignment: Model-View-Controller (MVC) Model.",True,Model-View-Controller (MVC) Model,Model-View-Controller (MVC) Model,1.0
73,Back-end development,Deficiency in back-end programming knowledge needed to support full-stack collaboration and application architecture.,"Capability to apply Back-end development in practical job tasks with correct tools, standards, and outcomes. Related competency alignment: Model-View-Controller (MVC) Model.",True,Model-View-Controller (MVC) Model,Model-View-Controller (MVC) Model,1.0
73,AWS,Lack of experience using AWS cloud services for deploying and managing web applications effectively.,"Capability to apply AWS in practical job tasks with correct tools, standards, and outcomes. Related competency alignment: E-commerce Website Development.",True,E-commerce Website Development,E-commerce Website Development,1.0
73,Google Analytics,Missing skills in integrating Google Analytics to track user behavior and inform data-driven front-end improvements.,"Capability to apply Google Analytics in practical job tasks with correct tools, standards, and outcomes. Related competency alignment: E-commerce Website Development.",True,E-commerce Website Development,E-commerce Website Development,1.0
84,Next.js,"Proficiency in using Next.js to develop performant, server-side rendered frontend components for modern mobile-web applications.","Capability to apply Next.js in practical job tasks with correct tools, standards, and outcomes. Related competency alignment: E-commerce Website Development.",True,E-commerce Website Development,E-commerce Website Development,1.0
84,cross-browser compatibility,Ability to ensure consistent UI appearance and functionality across multiple web browsers and mobile platforms.,"Capability to apply cross-browser compatibility in practical job tasks with correct tools, standards, and outcomes. Related competency alignment: E-commerce Website Development.",True,E-commerce Website Development,E-commerce Website Development,1.0
84,.NET Core APIs,Basic understanding of C# and .NET Core to facilitate backend integration and support API-related development tasks.,"Capability to apply .NET Core APIs in practical job tasks with correct tools, standards, and outcomes. Related competency alignment: E-commerce Website Development.",True,E-commerce Website Development,E-commerce Website Development,1.0
79,Non-life Insurance Products,Proficiency in understanding and explaining diverse non-life insurance coverage options to potential clients and sales teams.,"Capability to apply Non-life Insurance Products in practical job tasks with correct tools, standards, and outcomes. Related competency alignment: Understand the basic theoretical knowledge about actuarial pricing.",True,Understand the basic theoretical knowledge about actuarial pricing,Understand the basic theoretical knowledge about actuarial pricing,1.0
79,Sales Agent Training,Ability to educate and develop sales agents on product knowledge and selling techniques to meet business objectives.,"Capability to apply Sales Agent Training in practical job tasks with correct tools, standards, and outcomes. Related competency alignment: Understand the basic theoretical knowledge about actuarial pricing.",True,Understand the basic theoretical knowledge about actuarial pricing,Understand the basic theoretical knowledge about actuarial pricing,1.0
79,Partner Relationship Management,Skill in cultivating and maintaining strategic alliances with banks and partners to drive higher sales productivity.,"Capability to apply Partner Relationship Management in practical job tasks with correct tools, standards, and outcomes. Related competency alignment: Understand the basic theoretical knowledge about actuarial pricing.",True,Understand the basic theoretical knowledge about actuarial pricing,Understand the basic theoretical knowledge about actuarial pricing,1.0
78,Go,"Proficiency in Go is required to develop clean, maintainable microservices for the core network solution's cloud-native platform.","Capability to apply Go in practical job tasks with correct tools, standards, and outcomes. Related competency alignment: Cloud Service Analysis.",True,Cloud Service Analysis,Cloud Service Analysis,1.0
78,Kubernetes,Lacks experience designing and maintaining cloud-native services running on Kubernetes within a microservices-based environment.,"Capability to apply Kubernetes in practical job tasks with correct tools, standards, and outcomes. Related competency alignment: Cloud Service Analysis.",True,Cloud Service Analysis,Cloud Service Analysis,1.0
78,Helm,Needs competency using Helm to package and deploy applications onto Kubernetes clusters as part of the cloud infrastructure.,"Capability to apply Helm in practical job tasks with correct tools, standards, and outcomes. Related competency alignment: Cloud Service Analysis.",True,Cloud Service Analysis,Cloud Service Analysis,1.0
78,Kafka,Missing skills in implementing Kafka for distributed messaging and event streaming across the shared microservices architecture.,"Capability to apply Kafka in practical job tasks with correct tools, standards, and outcomes. Related competency alignment: Cloud Service Analysis.",True,Cloud Service Analysis,Cloud Service Analysis,1.0
78,Cassandra,Requires experience with Cassandra to manage distributed database storage and high-availability requirements for the cloud platform.,"Capability to apply Cassandra in practical job tasks with correct tools, standards, and outcomes. Related competency alignment: Cloud Service Analysis.",True,Cloud Service Analysis,Cloud Service Analysis,1.0
78,Zookeeper,Lacks knowledge of using Zookeeper for service coordination and configuration management within complex distributed environments.,"Capability to apply Zookeeper in practical job tasks with correct tools, standards, and outcomes. Related competency alignment: Cloud Service Analysis.",True,Cloud Service Analysis,Cloud Service Analysis,1.0
78,Geode,"Needs familiarity with Apache Geode for high-performance, in-memory data management across the distributed cloud-native architecture.","Capability to apply Geode in practical job tasks with correct tools, standards, and outcomes. Related competency alignment: Cloud Service Analysis.",True,Cloud Service Analysis,Cloud Service Analysis,1.0
78,Distributed systems,Missing expertise in solving complex technical problems and maintaining stability within large-scale distributed systems and architectures.,"Capability to apply Distributed systems in practical job tasks with correct tools, standards, and outcomes. Related competency alignment: Cloud Service Analysis.",True,Cloud Service Analysis,Cloud Service Analysis,1.0
87,FMEA,Ability to perform Failure Mode and Effects Analysis to identify potential process failures and implement corrective quality actions.,"Capability to apply FMEA in practical job tasks with correct tools, standards, and outcomes. Related competency alignment: System Analysis and Design Thinking.",True,System Analysis and Design Thinking,System Analysis and Design Thinking,1.0
87,project-management-tools-JIRA,"Experience using JIRA for tracking process audits, managing quality tasks, and reporting deviations within PQA project lifecycles.","Capability to apply project-management-tools-JIRA in practical job tasks with correct tools, standards, and outcomes. Related competency alignment: System Analysis and Design Thinking.",True,System Analysis and Design Thinking,System Analysis and Design Thinking,1.0
90,Python,Lacks experience using Python for project management and development support when communicating between Japanese clients and engineering teams.,"Capability to apply Python in practical job tasks with correct tools, standards, and outcomes. Related competency alignment: Data Representation.",True,Data Representation,Data Representation,1.0
90,WordPress,Missing technical competency in WordPress CMS to effectively translate requirements and manage web development projects for Japanese stakeholders.,"Capability to apply WordPress in practical job tasks with correct tools, standards, and outcomes. Related competency alignment: Data Representation.",True,Data Representation,Data Representation,1.0
90,Docker,Absence of proficiency in Docker infrastructure required to support development environments and bridge-related technical coordination within IT projects.,"Capability to apply Docker in practical job tasks with correct tools, standards, and outcomes. Related competency alignment: Data Representation.",True,Data Representation,Data Representation,1.0
85,big data technology,Proficiency in processing large-scale datasets for ride-hailing and food delivery vertical analytics.,"Capability to apply big data technology in practical job tasks with correct tools, standards, and outcomes. Related competency alignment: Classify problem-solving methods using search techniques.",True,Classify problem-solving methods using search techniques,Classify problem-solving methods using search techniques,1.0
85,NLP,Experience implementing Natural Language Processing models to extract insights from text-based customer interactions and data.,"Capability to apply NLP in practical job tasks with correct tools, standards, and outcomes. Related competency alignment: Classify problem-solving methods using search techniques.",True,Classify problem-solving methods using search techniques,Classify problem-solving methods using search techniques,1.0
85,LLM,Competency in deploying Large Language Models for advanced generative AI and text analysis within business workflows.,"Capability to apply LLM in practical job tasks with correct tools, standards, and outcomes. Related competency alignment: Classify problem-solving methods using search techniques.",True,Classify problem-solving methods using search techniques,Classify problem-solving methods using search techniques,1.0
85,VLM,Expertise in Vision Language Models for multimodal AI applications across diverse business and delivery services.,"Capability to apply VLM in practical job tasks with correct tools, standards, and outcomes. Related competency alignment: Classify problem-solving methods using search techniques.",True,Classify problem-solving methods using search techniques,Classify problem-solving methods using search techniques,1.0
98,cost management,Lacking proficiency in forecasting office expenses and managing project budgets as required for efficient administrative operations and reporting.,"Capability to apply cost management in practical job tasks with correct tools, standards, and outcomes. Related competency alignment: Data Processing Skills.",True,Data Processing Skills,Data Processing Skills,1.0
102,Redmine,"Lacks experience using Redmine for tracking project progress, schedules, and quality issues within the software development lifecycle.","Capability to apply Redmine in practical job tasks with correct tools, standards, and outcomes. Related competency alignment: E-commerce Website Development.",True,E-commerce Website Development,E-commerce Website Development,1.0
102,Chrome DevTools,Requires proficiency in Chrome DevTools for debugging web applications and performing technical frontend quality assurance checks.,"Capability to apply Chrome DevTools in practical job tasks with correct tools, standards, and outcomes. Related competency alignment: E-commerce Website Development.",True,E-commerce Website Development,E-commerce Website Development,1.0
102,Selenium,Needs experience implementing and operating automated testing for web applications using Selenium to enhance project quality assurance.,"Capability to apply Selenium in practical job tasks with correct tools, standards, and outcomes. Related competency alignment: E-commerce Website Development.",True,E-commerce Website Development,E-commerce Website Development,1.0
102,Appium,Lacks the ability to implement automated testing for mobile applications on iOS and Android using the Appium framework.,"Capability to apply Appium in practical job tasks with correct tools, standards, and outcomes. Related competency alignment: E-commerce Website Development.",True,E-commerce Website Development,E-commerce Website Development,1.0
95,ERP system experience,Lacks proficiency in using internal ERP software to manage client accounting tasks and update project statuses efficiently.,"Capability to apply ERP system experience in practical job tasks with correct tools, standards, and outcomes. Related competency alignment: Analyzing Tax Policies.",True,Analyzing Tax Policies,Analyzing Tax Policies,1.0
95,Corporate Income Tax (CIT) settlement,Missing the ability to finalize annual CIT settlements and ensure regulatory compliance for diverse SME client portfolios.,"Capability to apply Corporate Income Tax (CIT) settlement in practical job tasks with correct tools, standards, and outcomes. Related competency alignment: Export and Import Taxes.",True,Export and Import Taxes,Export and Import Taxes,1.0
94,WordPress,Expertise in WordPress CMS is required to develop and manage websites for Japanese clients effectively.,"Capability to apply WordPress in practical job tasks with correct tools, standards, and outcomes. Related competency alignment: E-commerce Website Development.",True,E-commerce Website Development,E-commerce Website Development,1.0
94,Docker,Proficiency in Docker is missing for managing containerized development environments and ensuring smooth application deployment.,"Capability to apply Docker in practical job tasks with correct tools, standards, and outcomes. Related competency alignment: E-commerce Website Development.",True,E-commerce Website Development,E-commerce Website Development,1.0
94,Website development,"Lacks comprehensive skills in website development using HTML, PHP, and CSS to deliver end-to-end technical solutions.","Capability to apply Website development in practical job tasks with correct tools, standards, and outcomes. Related competency alignment: Model-View-Controller (MVC) Model.",True,Model-View-Controller (MVC) Model,Model-View-Controller (MVC) Model,1.0
106,Google Cloud Deployment Manager,Missing ability to automate GCP resource provisioning using native infrastructure-as-code templates for scalable and consistent cloud management.,"Capability to apply Google Cloud Deployment Manager in practical job tasks with correct tools, standards, and outcomes. Related competency alignment: Hadoop Model Explanation.",True,Hadoop Model Explanation,Hadoop Model Explanation,1.0
106,Cloud SDK,Lacks proficiency in utilizing command-line tools to interact with Google Cloud services and automate infrastructure management workflows.,"Capability to apply Cloud SDK in practical job tasks with correct tools, standards, and outcomes. Related competency alignment: Hadoop Model Explanation.",True,Hadoop Model Explanation,Hadoop Model Explanation,1.0
106,Python,Missing scripting expertise required to automate cloud administration tasks and develop custom tools for infrastructure optimization and management.,"Capability to apply Python in practical job tasks with correct tools, standards, and outcomes. Related competency alignment: Cloud Service Analysis.",True,Cloud Service Analysis,Cloud Service Analysis,1.0
106,Go,Lacks programming competency in Go for building high-performance cloud-native tools and managing complex infrastructure components on GCP.,"Capability to apply Go in practical job tasks with correct tools, standards, and outcomes. Related competency alignment: Cloud Service Analysis.",True,Cloud Service Analysis,Cloud Service Analysis,1.0
103,GCP,Competency in designing and operating database services like BigQuery within the Google Cloud Platform environment.,"Capability to apply GCP in practical job tasks with correct tools, standards, and outcomes. Related competency alignment: Cloud Service Analysis.",True,Cloud Service Analysis,Cloud Service Analysis,1.0
103,Azure,Experience in building and managing database infrastructures specifically within the Microsoft Azure public cloud ecosystem.,"Capability to apply Azure in practical job tasks with correct tools, standards, and outcomes. Related competency alignment: Cloud Service Analysis.",True,Cloud Service Analysis,Cloud Service Analysis,1.0
103,MariaDB,Skills in SQL development and database administration for MariaDB to support robust data engineering operations.,"Capability to apply MariaDB in practical job tasks with correct tools, standards, and outcomes. Related competency alignment: Cloud Service Analysis.",True,Cloud Service Analysis,Cloud Service Analysis,1.0
103,Oracle,"Proficiency in designing, building, and operating Oracle database systems, including cloud-hosted instances like Amazon RDS.","Capability to apply Oracle in practical job tasks with correct tools, standards, and outcomes. Related competency alignment: Cloud Service Analysis.",True,Cloud Service Analysis,Cloud Service Analysis,1.0
103,Change management,"Ability to manage DBMS object changes including tables, indexes, views, and procedures during database updates.","Capability to apply Change management in practical job tasks with correct tools, standards, and outcomes. Related competency alignment: Cloud Service Analysis.",True,Cloud Service Analysis,Cloud Service Analysis,1.0
103,Performance tuning,Expertise in SQL performance tuning to optimize query execution and overall database efficiency across multiple platforms.,"Capability to apply Performance tuning in practical job tasks with correct tools, standards, and outcomes. Related competency alignment: Cloud Service Analysis.",True,Cloud Service Analysis,Cloud Service Analysis,1.0
100,SOAP,Needs competency in integrating SOAP web services for data exchange within iOS mobile applications.,"Capability to apply SOAP in practical job tasks with correct tools, standards, and outcomes. Related competency alignment: Code Execution.",True,Code Execution,Code Execution,1.0
100,Flutter,Missing cross-platform mobile development experience using Flutter as an additional framework for product delivery.,"Capability to apply Flutter in practical job tasks with correct tools, standards, and outcomes. Related competency alignment: Code Execution.",True,Code Execution,Code Execution,1.0
100,Android,Lacking secondary experience in Android development to support broader mobile application projects within the team.,"Capability to apply Android in practical job tasks with correct tools, standards, and outcomes. Related competency alignment: Code Execution.",True,Code Execution,Code Execution,1.0
100,cloud services,Requires knowledge of developing for cloud platforms and integrating cloud-based features into mobile solutions.,"Capability to apply cloud services in practical job tasks with correct tools, standards, and outcomes. Related competency alignment: Code Execution.",True,Code Execution,Code Execution,1.0
100,background communication,Missing experience handling background tasks and communication patterns to ensure seamless iOS app performance.,"Capability to apply background communication in practical job tasks with correct tools, standards, and outcomes. Related competency alignment: Code Execution.",True,Code Execution,Code Execution,1.0
108,unit tests,Missing experience in developing unit tests for PHP web applications to ensure high code quality and reliability.,"Capability to apply unit tests in practical job tasks with correct tools, standards, and outcomes. Related competency alignment: Classify problem-solving methods using search techniques.",True,Classify problem-solving methods using search techniques,Classify problem-solving methods using search techniques,1.0
108,test automation,Lack of proficiency in implementing automated testing frameworks and writing test specifications to streamline quality assurance processes.,"Capability to apply test automation in practical job tasks with correct tools, standards, and outcomes. Related competency alignment: Classify problem-solving methods using search techniques.",True,Classify problem-solving methods using search techniques,Classify problem-solving methods using search techniques,1.0
108,AI development,Inexperience in utilizing AI technologies for software development and integrating AI-based features into web applications.,"Capability to apply AI development in practical job tasks with correct tools, standards, and outcomes. Related competency alignment: Classify problem-solving methods using search techniques.",True,Classify problem-solving methods using search techniques,Classify problem-solving methods using search techniques,1.0
121,"Modern architectural styles (microservices, cloud-based, micro-kernel)","Experience in designing distributed, cloud-integrated microservices for large-scale payment systems is required.","Capability to apply Modern architectural styles (microservices, cloud-based, micro-kernel) in practical job tasks with correct tools, standards, and outcomes. Related competency alignment: Critical Thinking.",True,Critical Thinking,Applying Critical Thinking to Solve Practical Problems,1.0
121,"Design patterns (SOLID, GoF, MVVM)","Competency in applying SOLID and GoF principles to ensure clean, maintainable, and scalable backend code architecture.","Capability to apply Design patterns (SOLID, GoF, MVVM) in practical job tasks with correct tools, standards, and outcomes. Related competency alignment: Critical Thinking.",True,Critical Thinking,Applying Critical Thinking to Solve Practical Problems,1.0
121,CI/CD tools and practices,Knowledge of automated build and deployment pipelines to support rapid software delivery in an Agile Scrum environment.,"Capability to apply CI/CD tools and practices in practical job tasks with correct tools, standards, and outcomes. Related competency alignment: Critical Thinking.",True,Critical Thinking,Applying Critical Thinking to Solve Practical Problems,1.0
121,Oracle,Proficiency in utilizing Oracle databases for high-performance data management within Java-based payment applications.,"Capability to apply Oracle in practical job tasks with correct tools, standards, and outcomes. Related competency alignment: Critical Thinking.",True,Critical Thinking,Applying Critical Thinking to Solve Practical Problems,1.0
121,MS SQL,Experience in implementing MS SQL database solutions and ORM tools for robust enterprise backend development.,"Capability to apply MS SQL in practical job tasks with correct tools, standards, and outcomes. Related competency alignment: Critical Thinking.",True,Critical Thinking,Applying Critical Thinking to Solve Practical Problems,1.0
99,Python,"Lacks Python proficiency needed to design, develop, and maintain automated test scripts within various quality assurance frameworks.","Capability to apply Python in practical job tasks with correct tools, standards, and outcomes. Related competency alignment: Automated Testing Techniques.",True,Automated Testing Techniques,Automated Testing Techniques,1.0
99,C#,"Missing C# competency required to build, develop, and implement automated tests for diverse software applications and projects.","Capability to apply C# in practical job tasks with correct tools, standards, and outcomes. Related competency alignment: Automated Testing Techniques.",True,Automated Testing Techniques,Automated Testing Techniques,1.0
99,performance testing techniques and tools,Lacks expertise in performance testing techniques and tools required to ensure application stability and reliability before deployment.,"Capability to apply performance testing techniques and tools in practical job tasks with correct tools, standards, and outcomes. Related competency alignment: Team Collaboration Skills.",True,Team Collaboration Skills,Team Collaboration Skills,1.0
125,secure coding practices,Competency in security-first development to protect Flutter applications from vulnerabilities throughout the entire software development lifecycle.,"Capability to apply secure coding practices in practical job tasks with correct tools, standards, and outcomes. Related competency alignment: Cryptographic Algorithms.",True,Cryptographic Algorithms,Cryptographic Algorithms,1.0
125,encryption standards,Knowledge of implementing secure protocols for data storage and network communication to meet high-security mobile application requirements.,"Capability to apply encryption standards in practical job tasks with correct tools, standards, and outcomes. Related competency alignment: Cryptographic Algorithms.",True,Cryptographic Algorithms,Cryptographic Algorithms,1.0
136,English communication skills (average level),Needs intermediate English proficiency to communicate effectively with international customers and handle sales inquiries in the showroom.,"Capability to apply English communication skills (average level) in practical job tasks with correct tools, standards, and outcomes. Related competency alignment: Speaking Ability.",True,Speaking Ability,Speaking Ability,1.0
142,Data Analysis for Facebook Ad Campaigns,Lacks proficiency in analyzing campaign metrics and daily spend to optimize Facebook account performance and advertising effectiveness.,"Capability to apply Data Analysis for Facebook Ad Campaigns in practical job tasks with correct tools, standards, and outcomes. Related competency alignment: Dimensionality Reduction Techniques.",True,Dimensionality Reduction Techniques,Dimensionality Reduction Techniques,1.0
