{
  "total_samples": 300,
  "evaluated_samples": 300,
  "accuracy@1": 0.7666666666666667,
  "mrr@1": 0.7666666666666667,
  "precision@1": 0.7666666666666667,
  "recall@1": 0.7666666666666667,
  "accuracy@3": 0.9033333333333333,
  "mrr@3": 0.8277777777777778,
  "precision@3": 0.30111111111111105,
  "recall@3": 0.9033333333333333,
  "accuracy@5": 0.9266666666666666,
  "mrr@5": 0.8331111111111111,
  "precision@5": 0.18533333333333332,
  "recall@5": 0.9266666666666666,
  "accuracy@10": 0.9466666666666667,
  "mrr@10": 0.8361798941798942,
  "precision@10": 0.09466666666666666,
  "recall@10": 0.9466666666666667,
  "accuracy@20": 0.9533333333333334,
  "mrr@20": 0.8366537503890445,
  "precision@20": 0.047666666666666656,
  "recall@20": 0.9533333333333334
}