{
  "total_samples": 27291,
  "evaluated_samples": 27291,
  "accuracy@1": 0.6363269942471877,
  "mrr@1": 0.6363269942471877,
  "precision@1": 0.6363269942471877,
  "recall@1": 0.6363269942471877,
  "accuracy@3": 0.8010699498003004,
  "mrr@3": 0.7102036080270662,
  "precision@3": 0.2670233166001002,
  "recall@3": 0.8010699498003004,
  "accuracy@5": 0.8500604594921403,
  "mrr@5": 0.7214802193641372,
  "precision@5": 0.17001209189842803,
  "recall@5": 0.8500604594921403,
  "accuracy@10": 0.8939210728811696,
  "mrr@10": 0.7275031945527713,
  "precision@10": 0.08939210728811695,
  "recall@10": 0.8939210728811696,
  "accuracy@20": 0.9230515554578432,
  "mrr@20": 0.7295494476709,
  "precision@20": 0.04615257777289215,
  "recall@20": 0.9230515554578432
}