{
  "total_samples": 300,
  "evaluated_samples": 300,
  "accuracy@1": 0.7833333333333333,
  "mrr@1": 0.7833333333333333,
  "precision@1": 0.7833333333333333,
  "recall@1": 0.7833333333333333,
  "accuracy@3": 0.9166666666666666,
  "mrr@3": 0.8455555555555555,
  "precision@3": 0.3055555555555555,
  "recall@3": 0.9166666666666666,
  "accuracy@5": 0.96,
  "mrr@5": 0.8558888888888888,
  "precision@5": 0.19199999999999995,
  "recall@5": 0.96,
  "accuracy@10": 0.9766666666666667,
  "mrr@10": 0.8583888888888889,
  "precision@10": 0.09766666666666665,
  "recall@10": 0.9766666666666667,
  "accuracy@20": 0.9866666666666667,
  "mrr@20": 0.8591910279263221,
  "precision@20": 0.049333333333333326,
  "recall@20": 0.9866666666666667
}