{
  "total_samples": 3000,
  "evaluated_samples": 3000,
  "accuracy@1": 0.7256666666666667,
  "mrr@1": 0.7256666666666667,
  "precision@1": 0.7256666666666667,
  "recall@1": 0.7256666666666667,
  "accuracy@3": 0.897,
  "mrr@3": 0.8029444444444443,
  "precision@3": 0.299,
  "recall@3": 0.897,
  "accuracy@5": 0.9373333333333334,
  "mrr@5": 0.8122944444444444,
  "precision@5": 0.18746666666666661,
  "recall@5": 0.9373333333333334,
  "accuracy@10": 0.971,
  "mrr@10": 0.8168854497354499,
  "precision@10": 0.0971,
  "recall@10": 0.971,
  "accuracy@20": 0.987,
  "mrr@20": 0.8180704809552332,
  "precision@20": 0.04934999999999999,
  "recall@20": 0.987
}